"kind","id","chrom","event_start","event_end","stype","state","strand","transcript_index"
"bnd","bnd0a","5",804071,22941765,"BND","exon_mid/N]M]",1,NA
"bnd","bnd0b","3",22941765,804071,"BND","exon_start/N]M]",-1,NA
"bnd","bnd100a","3",4256621,172045,"BND","cds_end/N[M[",1,NA
"bnd","bnd100b","3",172045,4256621,"BND","exon_end/]M]N",-1,NA
"bnd","bnd101a","1",19631648,4519646,"BND","exon_end/]M]N",-1,NA
"bnd","bnd101b","3",4519646,19631648,"BND","before_exon_start/N[M[",1,NA
"bnd","bnd102a","3",7242629,12978446,"BND","before_exon_start/[M[N",1,NA
"bnd","bnd102b","2",12978446,7242629,"BND","exon_mid/[M[N",-1,NA
"bnd","bnd103a","5",21647774,22824413,"BND","transcript_end/[M[N",1,NA
"bnd","bnd103b","1",22824413,21647774,"BND","upstream_flank/[M[N",1,NA
"bnd","bnd104a","3",5012651,7123132,"BND","exon_end/[M[N",1,NA
"bnd","bnd104b","5",7123132,5012651,"BND","cds_start/[M[N",1,NA
"bnd","bnd105a","5",22479815,19966479,"BND","after_exon_end/]M]N",-1,NA
"bnd","bnd105b","1",19966479,22479815,"BND","exon_start/N[M[",1,NA
"bnd","bnd106a","3",3138335,4725560,"BND","transcript_mid/[M[N",-1,NA
"bnd","bnd106b","5",4725560,3138335,"BND","exon_end/[M[N",1,NA
"bnd","bnd107a","3",8676668,2854395,"BND","exon_end/N[M[",-1,NA
"bnd","bnd107b","5",2854395,8676668,"BND","exon_mid/]M]N",1,NA
"bnd","bnd108a","5",5020927,11471793,"BND","downstream_flank/[M[N",-1,NA
"bnd","bnd108b","2",11471793,5020927,"BND","after_exon_end/[M[N",-1,NA
"bnd","bnd109a","3",21319617,6548378,"BND","exon_mid/[M[N",1,NA
"bnd","bnd109b","5",6548378,21319617,"BND","exon_mid/[M[N",-1,NA
"bnd","bnd10a","4",6769589,3641088,"BND","after_exon_end/N]M]",1,NA
"bnd","bnd10b","3",3641088,6769589,"BND","exon_end/N]M]",1,NA
"bnd","bnd110a","4",14832993,18417484,"BND","exon_start/[M[N",1,NA
"bnd","bnd110b","1",18417484,14832993,"BND","exon_end/[M[N",1,NA
"bnd","bnd111a","1",4919955,28715522,"BND","exon_mid/]M]N",-1,NA
"bnd","bnd111b","1",28715522,4919955,"BND","after_exon_end/N[M[",1,NA
"bnd","bnd112a","5",3940731,7828326,"BND","cds_start/N]M]",-1,NA
"bnd","bnd112b","1",7828326,3940731,"BND","exon_start/N]M]",-1,NA
"bnd","bnd113a","4",15592887,8744677,"BND","upstream_flank/N[M[",1,NA
"bnd","bnd113b","1",8744677,15592887,"BND","exon_start/]M]N",1,NA
"bnd","bnd114a","3",2696198,10432163,"BND","upstream_flank/]M]N",-1,NA
"bnd","bnd114b","2",10432163,2696198,"BND","exon_end/N[M[",1,NA
"bnd","bnd115a","3",18486244,11673825,"BND","exon_mid/]M]N",1,NA
"bnd","bnd115b","2",11673825,18486244,"BND","before_exon_start/N[M[",-1,NA
"bnd","bnd116a","4",6923020,11819370,"BND","before_exon_start/N[M[",1,NA
"bnd","bnd116b","2",11819370,6923020,"BND","cds_end/]M]N",1,NA
"bnd","bnd117a","1",18488516,14621328,"BND","upstream_flank/[M[N",-1,NA
"bnd","bnd117b","2",14621328,18488516,"BND","exon_mid/[M[N",-1,NA
"bnd","bnd118a","4",8248159,6611811,"BND","upstream_flank/N]M]",-1,NA
"bnd","bnd118b","1",6611811,8248159,"BND","exon_end/N]M]",-1,NA
"bnd","bnd119a","1",5758478,16836281,"BND","transcript_mid/]M]N",1,NA
"bnd","bnd119b","3",16836281,5758478,"BND","exon_end/N[M[",-1,NA
"bnd","bnd11a","3",19168672,3367284,"BND","transcript_start/N]M]",1,NA
"bnd","bnd11b","5",3367284,19168672,"BND","after_exon_end/N]M]",-1,NA
"bnd","bnd120a","4",7536913,18328771,"BND","transcript_start/]M]N",1,NA
"bnd","bnd120b","3",18328771,7536913,"BND","exon_mid/N[M[",1,NA
"bnd","bnd121a","3",10455267,17919772,"BND","transcript_end/]M]N",1,NA
"bnd","bnd121b","3",17919772,10455267,"BND","before_exon_start/N[M[",1,NA
"bnd","bnd122a","4",2168143,22985492,"BND","upstream_flank/[M[N",1,NA
"bnd","bnd122b","5",22985492,2168143,"BND","after_exon_end/[M[N",-1,NA
"bnd","bnd123a","5",23311855,21569169,"BND","transcript_end/N[M[",1,NA
"bnd","bnd123b","5",21569169,23311855,"BND","exon_end/]M]N",-1,NA
"bnd","bnd124a","3",6984509,18366950,"BND","exon_start/N[M[",-1,NA
"bnd","bnd124b","4",18366950,6984509,"BND","exon_start/]M]N",-1,NA
"bnd","bnd125a","2",18022429,18077861,"BND","exon_end/[M[N",1,NA
"bnd","bnd125b","5",18077861,18022429,"BND","transcript_mid/[M[N",-1,NA
"bnd","bnd126a","2",6322354,223853,"BND","exon_end/[M[N",-1,NA
"bnd","bnd126b","5",223853,6322354,"BND","downstream_flank/[M[N",-1,NA
"bnd","bnd127a","1",18565068,14324070,"BND","before_exon_start/]M]N",1,NA
"bnd","bnd127b","3",14324070,18565068,"BND","after_exon_end/N[M[",1,NA
"bnd","bnd128a","1",19929875,9458176,"BND","before_exon_start/N]M]",-1,NA
"bnd","bnd128b","1",9458176,19929875,"BND","transcript_end/N]M]",-1,NA
"bnd","bnd129a","3",753404,16604002,"BND","before_exon_start/]M]N",-1,NA
"bnd","bnd129b","5",16604002,753404,"BND","transcript_start/N[M[",1,NA
"bnd","bnd12a","1",30023327,18931055,"BND","exon_end/]M]N",-1,NA
"bnd","bnd12b","2",18931055,30023327,"BND","after_exon_end/N[M[",1,NA
"bnd","bnd130a","1",18621740,6184251,"BND","downstream_flank/]M]N",-1,NA
"bnd","bnd130b","2",6184251,18621740,"BND","exon_start/N[M[",-1,NA
"bnd","bnd131a","5",22754516,6050784,"BND","exon_mid/[M[N",-1,NA
"bnd","bnd131b","4",6050784,22754516,"BND","after_exon_end/[M[N",1,NA
"bnd","bnd132a","5",16326363,27812556,"BND","exon_start/N]M]",1,NA
"bnd","bnd132b","1",27812556,16326363,"BND","after_exon_end/N]M]",-1,NA
"bnd","bnd133a","4",15401639,3299405,"BND","before_exon_start/[M[N",1,NA
"bnd","bnd133b","1",3299405,15401639,"BND","exon_mid/[M[N",-1,NA
"bnd","bnd134a","3",1153723,8158072,"BND","exon_start/]M]N",-1,NA
"bnd","bnd134b","5",8158072,1153723,"BND","before_exon_start/N[M[",-1,NA
"bnd","bnd135a","3",6375371,3517238,"BND","downstream_flank/[M[N",-1,NA
"bnd","bnd135b","2",3517238,6375371,"BND","exon_end/[M[N",1,NA
"bnd","bnd136a","1",19261755,10406371,"BND","exon_end/[M[N",-1,NA
"bnd","bnd136b","4",10406371,19261755,"BND","after_exon_end/[M[N",1,NA
"bnd","bnd137a","2",18512035,18315622,"BND","exon_mid/[M[N",-1,NA
"bnd","bnd137b","1",18315622,18512035,"BND","exon_end/[M[N",-1,NA
"bnd","bnd138a","1",125935,8003110,"BND","before_exon_start/N[M[",-1,NA
"bnd","bnd138b","4",8003110,125935,"BND","exon_mid/]M]N",-1,NA
"bnd","bnd139a","5",306939,10623130,"BND","transcript_start/N]M]",1,NA
"bnd","bnd139b","3",10623130,306939,"BND","exon_start/N]M]",1,NA
"bnd","bnd13a","Mt",27077,8131649,"BND","exon_end/[M[N",-1,NA
"bnd","bnd13b","5",8131649,27077,"BND","exon_mid/[M[N",-1,NA
"bnd","bnd140a","5",22926536,15978888,"BND","before_exon_start/]M]N",1,NA
"bnd","bnd140b","1",15978888,22926536,"BND","before_exon_start/N[M[",1,NA
"bnd","bnd141a","3",1047834,5071217,"BND","exon_end/]M]N",1,NA
"bnd","bnd141b","2",5071217,1047834,"BND","before_exon_start/N[M[",-1,NA
"bnd","bnd142a","5",24884175,9375089,"BND","downstream_flank/]M]N",-1,NA
"bnd","bnd142b","5",9375089,24884175,"BND","exon_start/N[M[",1,NA
"bnd","bnd143a","5",7209490,6747766,"BND","exon_mid/[M[N",1,NA
"bnd","bnd143b","1",6747766,7209490,"BND","after_exon_end/[M[N",1,NA
"bnd","bnd144a","3",9952966,20755966,"BND","exon_start/]M]N",-1,NA
"bnd","bnd144b","1",20755966,9952966,"BND","after_exon_end/N[M[",-1,NA
"bnd","bnd145a","5",3746381,18676451,"BND","before_exon_start/[M[N",1,NA
"bnd","bnd145b","2",18676451,3746381,"BND","exon_end/[M[N",1,NA
"bnd","bnd146a","2",16594832,17965538,"BND","upstream_flank/N[M[",1,NA
"bnd","bnd146b","5",17965538,16594832,"BND","exon_start/]M]N",1,NA
"bnd","bnd147a","5",3094012,23079737,"BND","exon_start/[M[N",1,NA
"bnd","bnd147b","3",23079737,3094012,"BND","before_exon_start/[M[N",-1,NA
"bnd","bnd148a","1",18513341,14148396,"BND","downstream_flank/N]M]",1,NA
"bnd","bnd148b","2",14148396,18513341,"BND","exon_start/N]M]",-1,NA
"bnd","bnd149a","1",28282225,15782928,"BND","exon_start/]M]N",-1,NA
"bnd","bnd149b","4",15782928,28282225,"BND","exon_end/N[M[",1,NA
"bnd","bnd14a","4",10225590,13418612,"BND","exon_mid/N]M]",-1,NA
"bnd","bnd14b","2",13418612,10225590,"BND","before_exon_start/N]M]",-1,NA
"bnd","bnd150a","3",325346,6315418,"BND","transcript_end/]M]N",-1,NA
"bnd","bnd150b","4",6315418,325346,"BND","exon_start/N[M[",1,NA
"bnd","bnd151a","1",11937622,9591461,"BND","exon_mid/N[M[",1,NA
"bnd","bnd151b","4",9591461,11937622,"BND","exon_end/]M]N",1,NA
"bnd","bnd152a","3",21251160,15540189,"BND","downstream_flank/]M]N",-1,NA
"bnd","bnd152b","4",15540189,21251160,"BND","exon_end/N[M[",-1,NA
"bnd","bnd153a","5",18543052,2332295,"BND","downstream_flank/N]M]",-1,NA
"bnd","bnd153b","1",2332295,18543052,"BND","after_exon_end/N]M]",-1,NA
"bnd","bnd154a","1",12066595,17796903,"BND","transcript_start/]M]N",1,NA
"bnd","bnd154b","4",17796903,12066595,"BND","after_exon_end/N[M[",-1,NA
"bnd","bnd155a","4",9525233,12445171,"BND","before_exon_start/N]M]",-1,NA
"bnd","bnd155b","1",12445171,9525233,"BND","transcript_mid/N]M]",-1,NA
"bnd","bnd156a","1",8377262,5542574,"BND","transcript_start/]M]N",-1,NA
"bnd","bnd156b","5",5542574,8377262,"BND","before_exon_start/N[M[",-1,NA
"bnd","bnd157a","3",4541366,5869696,"BND","cds_end/N[M[",1,NA
"bnd","bnd157b","5",5869696,4541366,"BND","exon_start/]M]N",-1,NA
"bnd","bnd158a","2",15908814,23020693,"BND","exon_end/]M]N",1,NA
"bnd","bnd158b","5",23020693,15908814,"BND","exon_mid/N[M[",-1,NA
"bnd","bnd159a","1",20428049,22223127,"BND","exon_start/]M]N",1,NA
"bnd","bnd159b","3",22223127,20428049,"BND","exon_mid/N[M[",1,NA
"bnd","bnd15a","1",4422991,15788595,"BND","after_exon_end/[M[N",-1,NA
"bnd","bnd15b","4",15788595,4422991,"BND","transcript_mid/[M[N",1,NA
"bnd","bnd160a","2",15988358,7836675,"BND","before_exon_start/]M]N",-1,NA
"bnd","bnd160b","4",7836675,15988358,"BND","cds_start/N[M[",1,NA
"bnd","bnd161a","3",2435700,23753345,"BND","exon_end/N]M]",1,NA
"bnd","bnd161b","5",23753345,2435700,"BND","after_exon_end/N]M]",1,NA
"bnd","bnd162a","1",29057210,9106233,"BND","exon_mid/N]M]",1,NA
"bnd","bnd162b","1",9106233,29057210,"BND","exon_start/N]M]",1,NA
"bnd","bnd163a","2",10242077,5283549,"BND","exon_mid/N[M[",1,NA
"bnd","bnd163b","5",5283549,10242077,"BND","upstream_flank/]M]N",-1,NA
"bnd","bnd164a","2",12160162,13451109,"BND","before_exon_start/N]M]",-1,NA
"bnd","bnd164b","1",13451109,12160162,"BND","exon_end/N]M]",1,NA
"bnd","bnd165a","5",9986774,735866,"BND","exon_end/[M[N",1,NA
"bnd","bnd165b","5",735866,9986774,"BND","before_exon_start/[M[N",1,NA
"bnd","bnd166a","5",16399129,10094399,"BND","cds_end/]M]N",1,NA
"bnd","bnd166b","3",10094399,16399129,"BND","downstream_flank/N[M[",1,NA
"bnd","bnd167a","4",9644574,7395118,"BND","transcript_start/[M[N",-1,NA
"bnd","bnd167b","4",7395118,9644574,"BND","exon_start/[M[N",1,NA
"bnd","bnd168a","3",3036695,461827,"BND","upstream_flank/]M]N",-1,NA
"bnd","bnd168b","1",461827,3036695,"BND","upstream_flank/N[M[",1,NA
"bnd","bnd169a","5",227952,633259,"BND","before_exon_start/]M]N",-1,NA
"bnd","bnd169b","1",633259,227952,"BND","transcript_end/N[M[",1,NA
"bnd","bnd16a","2",863995,8492464,"BND","exon_end/N[M[",-1,NA
"bnd","bnd16b","2",8492464,863995,"BND","before_exon_start/]M]N",1,NA
"bnd","bnd170a","1",7579691,8142330,"BND","exon_end/N]M]",1,NA
"bnd","bnd170b","2",8142330,7579691,"BND","before_exon_start/N]M]",1,NA
"bnd","bnd171a","4",538213,21382482,"BND","cds_start/[M[N",-1,NA
"bnd","bnd171b","5",21382482,538213,"BND","transcript_start/[M[N",1,NA
"bnd","bnd172a","4",821618,1883416,"BND","transcript_end/N]M]",-1,NA
"bnd","bnd172b","5",1883416,821618,"BND","exon_mid/N]M]",1,NA
"bnd","bnd173a","2",10495370,14680723,"BND","transcript_mid/]M]N",-1,NA
"bnd","bnd173b","3",14680723,10495370,"BND","exon_mid/N[M[",1,NA
"bnd","bnd174a","5",2993691,17912632,"BND","cds_start/]M]N",-1,NA
"bnd","bnd174b","2",17912632,2993691,"BND","after_exon_end/N[M[",-1,NA
"bnd","bnd175a","2",14922841,2624923,"BND","transcript_end/N[M[",1,NA
"bnd","bnd175b","1",2624923,14922841,"BND","exon_end/]M]N",-1,NA
"bnd","bnd176a","3",19275157,1264863,"BND","cds_end/]M]N",-1,NA
"bnd","bnd176b","4",1264863,19275157,"BND","before_exon_start/N[M[",1,NA
"bnd","bnd177a","1",11971307,18071250,"BND","upstream_flank/]M]N",-1,NA
"bnd","bnd177b","5",18071250,11971307,"BND","exon_start/N[M[",-1,NA
"bnd","bnd178a","3",8934407,20638841,"BND","upstream_flank/N[M[",-1,NA
"bnd","bnd178b","1",20638841,8934407,"BND","before_exon_start/]M]N",1,NA
"bnd","bnd179a","3",3245376,9503940,"BND","cds_start/N]M]",1,NA
"bnd","bnd179b","3",9503940,3245376,"BND","before_exon_start/N]M]",1,NA
"bnd","bnd17a","3",15988687,11685144,"BND","exon_start/N[M[",1,NA
"bnd","bnd17b","1",11685144,15988687,"BND","exon_end/]M]N",1,NA
"bnd","bnd180a","4",12408421,19651137,"BND","transcript_end/N]M]",-1,NA
"bnd","bnd180b","3",19651137,12408421,"BND","exon_mid/N]M]",1,NA
"bnd","bnd181a","3",9116089,18460345,"BND","cds_end/[M[N",1,NA
"bnd","bnd181b","1",18460345,9116089,"BND","cds_start/[M[N",1,NA
"bnd","bnd182a","5",14049123,8935265,"BND","cds_start/N[M[",1,NA
"bnd","bnd182b","3",8935265,14049123,"BND","after_exon_end/]M]N",-1,NA
"bnd","bnd183a","5",3124568,21113943,"BND","transcript_start/N[M[",1,NA
"bnd","bnd183b","3",21113943,3124568,"BND","before_exon_start/]M]N",-1,NA
"bnd","bnd184a","1",9304328,2410732,"BND","transcript_end/[M[N",-1,NA
"bnd","bnd184b","1",2410732,9304328,"BND","before_exon_start/[M[N",-1,NA
"bnd","bnd185a","5",3302488,9034056,"BND","transcript_mid/N]M]",-1,NA
"bnd","bnd185b","2",9034056,3302488,"BND","exon_start/N]M]",1,NA
"bnd","bnd186a","1",26227178,478470,"BND","cds_start/]M]N",1,NA
"bnd","bnd186b","4",478470,26227178,"BND","exon_end/N[M[",1,NA
"bnd","bnd187a","2",2987366,18245108,"BND","upstream_flank/]M]N",1,NA
"bnd","bnd187b","4",18245108,2987366,"BND","exon_start/N[M[",-1,NA
"bnd","bnd188a","3",15479021,5497298,"BND","cds_start/[M[N",-1,NA
"bnd","bnd188b","1",5497298,15479021,"BND","after_exon_end/[M[N",-1,NA
"bnd","bnd189a","1",19806365,15169766,"BND","upstream_flank/N]M]",1,NA
"bnd","bnd189b","4",15169766,19806365,"BND","after_exon_end/N]M]",1,NA
"bnd","bnd18a","2",11435174,10105574,"BND","exon_start/N[M[",-1,NA
"bnd","bnd18b","1",10105574,11435174,"BND","before_exon_start/]M]N",-1,NA
"bnd","bnd190a","3",11007631,14514516,"BND","transcript_mid/N[M[",1,NA
"bnd","bnd190b","2",14514516,11007631,"BND","exon_end/]M]N",1,NA
"bnd","bnd191a","1",6413443,1343789,"BND","exon_start/N]M]",1,NA
"bnd","bnd191b","3",1343789,6413443,"BND","exon_mid/N]M]",1,NA
"bnd","bnd192a","4",18034596,7368582,"BND","cds_start/N]M]",1,NA
"bnd","bnd192b","2",7368582,18034596,"BND","exon_mid/N]M]",1,NA
"bnd","bnd193a","2",146856,21701185,"BND","exon_start/N]M]",1,NA
"bnd","bnd193b","1",21701185,146856,"BND","exon_start/N]M]",-1,NA
"bnd","bnd194a","5",14818330,8003962,"BND","cds_end/[M[N",-1,NA
"bnd","bnd194b","4",8003962,14818330,"BND","exon_end/[M[N",-1,NA
"bnd","bnd195a","1",3972356,17747400,"BND","cds_start/N[M[",-1,NA
"bnd","bnd195b","1",17747400,3972356,"BND","exon_start/]M]N",-1,NA
"bnd","bnd196a","2",14440521,17265264,"BND","upstream_flank/N[M[",1,NA
"bnd","bnd196b","3",17265264,14440521,"BND","transcript_start/]M]N",1,NA
"bnd","bnd197a","5",1843827,12992422,"BND","upstream_flank/N]M]",1,NA
"bnd","bnd197b","2",12992422,1843827,"BND","before_exon_start/N]M]",-1,NA
"bnd","bnd198a","4",17571816,28952710,"BND","transcript_start/[M[N",-1,NA
"bnd","bnd198b","1",28952710,17571816,"BND","exon_mid/[M[N",-1,NA
"bnd","bnd199a","2",2087145,14128680,"BND","transcript_start/[M[N",-1,NA
"bnd","bnd199b","2",14128680,2087145,"BND","transcript_mid/[M[N",-1,NA
"bnd","bnd19a","5",3382580,2619203,"BND","before_exon_start/N]M]",1,NA
"bnd","bnd19b","1",2619203,3382580,"BND","exon_mid/N]M]",1,NA
"bnd","bnd1a","3",167029,3149693,"BND","exon_end/N]M]",-1,NA
"bnd","bnd1b","5",3149693,167029,"BND","before_exon_start/N]M]",-1,NA
"bnd","bnd200a","2",7995729,14199095,"BND","transcript_start/N[M[",-1,NA
"bnd","bnd200b","4",14199095,7995729,"BND","before_exon_start/]M]N",1,NA
"bnd","bnd201a","3",7621569,14090019,"BND","transcript_start/N[M[",-1,NA
"bnd","bnd201b","3",14090019,7621569,"BND","exon_start/]M]N",1,NA
"bnd","bnd202a","4",13797033,1387444,"BND","cds_end/N]M]",-1,NA
"bnd","bnd202b","3",1387444,13797033,"BND","cds_start/N]M]",-1,NA
"bnd","bnd203a","1",27969871,3466945,"BND","transcript_end/]M]N",-1,NA
"bnd","bnd203b","3",3466945,27969871,"BND","after_exon_end/N[M[",-1,NA
"bnd","bnd204a","1",7097958,25612601,"BND","cds_start/[M[N",-1,NA
"bnd","bnd204b","1",25612601,7097958,"BND","exon_start/[M[N",-1,NA
"bnd","bnd205a","3",19529063,14518961,"BND","downstream_flank/[M[N",1,NA
"bnd","bnd205b","5",14518961,19529063,"BND","exon_start/[M[N",1,NA
"bnd","bnd206a","3",21043840,19587016,"BND","cds_end/[M[N",-1,NA
"bnd","bnd206b","5",19587016,21043840,"BND","exon_mid/[M[N",1,NA
"bnd","bnd207a","2",8808414,11511869,"BND","transcript_start/N[M[",-1,NA
"bnd","bnd207b","2",11511869,8808414,"BND","exon_mid/]M]N",-1,NA
"bnd","bnd208a","4",13519810,26439039,"BND","upstream_flank/N]M]",-1,NA
"bnd","bnd208b","5",26439039,13519810,"BND","exon_mid/N]M]",-1,NA
"bnd","bnd209a","3",7949111,25920255,"BND","downstream_flank/N]M]",1,NA
"bnd","bnd209b","5",25920255,7949111,"BND","after_exon_end/N]M]",-1,NA
"bnd","bnd20a","1",25554178,16822605,"BND","exon_mid/N[M[",1,NA
"bnd","bnd20b","3",16822605,25554178,"BND","exon_start/]M]N",1,NA
"bnd","bnd210a","1",12220858,5845675,"BND","transcript_start/]M]N",-1,NA
"bnd","bnd210b","1",5845675,12220858,"BND","transcript_start/N[M[",-1,NA
"bnd","bnd211a","3",3779546,13027209,"BND","downstream_flank/N]M]",-1,NA
"bnd","bnd211b","4",13027209,3779546,"BND","before_exon_start/N]M]",1,NA
"bnd","bnd212a","3",15216585,1117036,"BND","transcript_start/[M[N",1,NA
"bnd","bnd212b","3",1117036,15216585,"BND","exon_mid/[M[N",-1,NA
"bnd","bnd213a","3",505030,16603319,"BND","cds_end/N]M]",-1,NA
"bnd","bnd213b","2",16603319,505030,"BND","exon_end/N]M]",-1,NA
"bnd","bnd214a","3",3681605,14241958,"BND","upstream_flank/N]M]",-1,NA
"bnd","bnd214b","5",14241958,3681605,"BND","exon_mid/N]M]",1,NA
"bnd","bnd215a","3",9509303,6772163,"BND","downstream_flank/N[M[",-1,NA
"bnd","bnd215b","4",6772163,9509303,"BND","cds_start/]M]N",1,NA
"bnd","bnd216a","4",13855865,8660225,"BND","transcript_end/]M]N",-1,NA
"bnd","bnd216b","2",8660225,13855865,"BND","before_exon_start/N[M[",1,NA
"bnd","bnd217a","2",11442379,14462607,"BND","transcript_end/[M[N",1,NA
"bnd","bnd217b","2",14462607,11442379,"BND","exon_start/[M[N",1,NA
"bnd","bnd218a","5",26269486,20739094,"BND","cds_end/N]M]",1,NA
"bnd","bnd218b","1",20739094,26269486,"BND","exon_end/N]M]",-1,NA
"bnd","bnd219a","5",20506308,12676054,"BND","cds_end/N[M[",-1,NA
"bnd","bnd219b","5",12676054,20506308,"BND","before_exon_start/]M]N",-1,NA
"bnd","bnd21a","2",9223183,2503791,"BND","exon_end/N[M[",-1,NA
"bnd","bnd21b","4",2503791,9223183,"BND","exon_end/]M]N",1,NA
"bnd","bnd220a","1",22428605,19353597,"BND","cds_start/]M]N",-1,NA
"bnd","bnd220b","3",19353597,22428605,"BND","after_exon_end/N[M[",-1,NA
"bnd","bnd221a","1",4289536,9715196,"BND","transcript_end/[M[N",1,NA
"bnd","bnd221b","4",9715196,4289536,"BND","after_exon_end/[M[N",-1,NA
"bnd","bnd222a","5",3995789,14650237,"BND","cds_start/[M[N",1,NA
"bnd","bnd222b","4",14650237,3995789,"BND","before_exon_start/[M[N",-1,NA
"bnd","bnd223a","5",22946808,502491,"BND","downstream_flank/N]M]",1,NA
"bnd","bnd223b","4",502491,22946808,"BND","exon_mid/N]M]",-1,NA
"bnd","bnd224a","3",925372,6905299,"BND","transcript_end/N]M]",1,NA
"bnd","bnd224b","1",6905299,925372,"BND","exon_end/N]M]",1,NA
"bnd","bnd225a","3",3521188,11023784,"BND","transcript_end/N]M]",-1,NA
"bnd","bnd225b","2",11023784,3521188,"BND","exon_start/N]M]",1,NA
"bnd","bnd226a","5",22943707,11130309,"BND","transcript_start/]M]N",-1,NA
"bnd","bnd226b","3",11130309,22943707,"BND","exon_mid/N[M[",-1,NA
"bnd","bnd227a","1",7225308,10600216,"BND","upstream_flank/[M[N",-1,NA
"bnd","bnd227b","4",10600216,7225308,"BND","exon_start/[M[N",1,NA
"bnd","bnd228a","5",24145408,13912819,"BND","transcript_end/N[M[",-1,NA
"bnd","bnd228b","4",13912819,24145408,"BND","exon_mid/]M]N",1,NA
"bnd","bnd229a","5",7144272,13164061,"BND","transcript_end/[M[N",-1,NA
"bnd","bnd229b","1",13164061,7144272,"BND","exon_end/[M[N",-1,NA
"bnd","bnd22a","3",330782,18007989,"BND","after_exon_end/[M[N",1,NA
"bnd","bnd22b","3",18007989,330782,"BND","before_exon_start/[M[N",1,NA
"bnd","bnd230a","5",22515260,16411422,"BND","cds_end/N]M]",-1,NA
"bnd","bnd230b","1",16411422,22515260,"BND","exon_start/N]M]",-1,NA
"bnd","bnd231a","1",21277861,14738544,"BND","transcript_start/[M[N",1,NA
"bnd","bnd231b","5",14738544,21277861,"BND","exon_mid/[M[N",-1,NA
"bnd","bnd232a","1",30287006,18677311,"BND","cds_start/]M]N",1,NA
"bnd","bnd232b","2",18677311,30287006,"BND","exon_start/N[M[",1,NA
"bnd","bnd233a","3",14518244,14597324,"BND","transcript_mid/N[M[",-1,NA
"bnd","bnd233b","4",14597324,14518244,"BND","exon_mid/]M]N",-1,NA
"bnd","bnd234a","2",13036923,17840124,"BND","upstream_flank/]M]N",1,NA
"bnd","bnd234b","5",17840124,13036923,"BND","after_exon_end/N[M[",1,NA
"bnd","bnd235a","3",5364792,15038156,"BND","cds_start/N]M]",-1,NA
"bnd","bnd235b","4",15038156,5364792,"BND","exon_mid/N]M]",-1,NA
"bnd","bnd236a","3",17775587,4131574,"BND","cds_end/]M]N",-1,NA
"bnd","bnd236b","5",4131574,17775587,"BND","exon_mid/N[M[",-1,NA
"bnd","bnd237a","3",17838267,18801057,"BND","downstream_flank/N]M]",-1,NA
"bnd","bnd237b","3",18801057,17838267,"BND","exon_start/N]M]",1,NA
"bnd","bnd238a","1",25374137,14928563,"BND","upstream_flank/]M]N",1,NA
"bnd","bnd238b","4",14928563,25374137,"BND","exon_start/N[M[",-1,NA
"bnd","bnd239a","4",17011642,2194992,"BND","transcript_end/[M[N",-1,NA
"bnd","bnd239b","5",2194992,17011642,"BND","exon_start/[M[N",-1,NA
"bnd","bnd23a","4",12802046,17171784,"BND","after_exon_end/N[M[",-1,NA
"bnd","bnd23b","2",17171784,12802046,"BND","exon_start/]M]N",1,NA
"bnd","bnd240a","2",18111832,3924567,"BND","downstream_flank/]M]N",1,NA
"bnd","bnd240b","1",3924567,18111832,"BND","after_exon_end/N[M[",1,NA
"bnd","bnd241a","3",7496257,16602065,"BND","cds_end/[M[N",-1,NA
"bnd","bnd241b","4",16602065,7496257,"BND","exon_end/[M[N",-1,NA
"bnd","bnd242a","1",22888452,1986571,"BND","transcript_start/[M[N",1,NA
"bnd","bnd242b","2",1986571,22888452,"BND","after_exon_end/[M[N",1,NA
"bnd","bnd243a","1",20705080,11430719,"BND","transcript_start/N]M]",-1,NA
"bnd","bnd243b","2",11430719,20705080,"BND","exon_start/N]M]",-1,NA
"bnd","bnd244a","5",18734093,11083097,"BND","transcript_mid/N]M]",-1,NA
"bnd","bnd244b","2",11083097,18734093,"BND","exon_end/N]M]",1,NA
"bnd","bnd245a","2",408933,21813510,"BND","cds_end/N[M[",1,NA
"bnd","bnd245b","3",21813510,408933,"BND","exon_end/]M]N",-1,NA
"bnd","bnd246a","5",16641308,8459346,"BND","downstream_flank/N[M[",1,NA
"bnd","bnd246b","3",8459346,16641308,"BND","exon_start/]M]N",-1,NA
"bnd","bnd247a","2",2889629,23518062,"BND","transcript_end/N[M[",1,NA
"bnd","bnd247b","5",23518062,2889629,"BND","before_exon_start/]M]N",1,NA
"bnd","bnd248a","3",16476745,21861155,"BND","transcript_mid/[M[N",1,NA
"bnd","bnd248b","5",21861155,16476745,"BND","cds_start/[M[N",-1,NA
"bnd","bnd249a","3",15602831,9109352,"BND","transcript_mid/N[M[",1,NA
"bnd","bnd249b","1",9109352,15602831,"BND","exon_mid/]M]N",1,NA
"bnd","bnd24a","5",277407,16512472,"BND","exon_start/N]M]",-1,NA
"bnd","bnd24b","4",16512472,277407,"BND","exon_mid/N]M]",-1,NA
"bnd","bnd250a","2",17130487,21587317,"BND","downstream_flank/[M[N",1,NA
"bnd","bnd250b","1",21587317,17130487,"BND","cds_start/[M[N",-1,NA
"bnd","bnd251a","2",16449084,15976781,"BND","downstream_flank/N[M[",-1,NA
"bnd","bnd251b","1",15976781,16449084,"BND","after_exon_end/]M]N",1,NA
"bnd","bnd252a","1",25884408,3743422,"BND","transcript_mid/[M[N",-1,NA
"bnd","bnd252b","1",3743422,25884408,"BND","before_exon_start/[M[N",1,NA
"bnd","bnd253a","2",6356466,7915072,"BND","transcript_mid/N]M]",1,NA
"bnd","bnd253b","3",7915072,6356466,"BND","exon_mid/N]M]",1,NA
"bnd","bnd254a","1",28642817,9129425,"BND","cds_end/N]M]",1,NA
"bnd","bnd254b","2",9129425,28642817,"BND","exon_end/N]M]",-1,NA
"bnd","bnd255a","1",17162962,7016444,"BND","upstream_flank/N[M[",-1,NA
"bnd","bnd255b","5",7016444,17162962,"BND","upstream_flank/]M]N",-1,NA
"bnd","bnd256a","4",1396952,8372848,"BND","upstream_flank/N[M[",-1,NA
"bnd","bnd256b","5",8372848,1396952,"BND","downstream_flank/]M]N",-1,NA
"bnd","bnd257a","4",1342111,16151670,"BND","transcript_mid/[M[N",1,NA
"bnd","bnd257b","3",16151670,1342111,"BND","after_exon_end/[M[N",1,NA
"bnd","bnd258a","4",16904002,23910082,"BND","downstream_flank/N[M[",1,NA
"bnd","bnd258b","5",23910082,16904002,"BND","exon_end/]M]N",-1,NA
"bnd","bnd259a","1",29947064,21081843,"BND","cds_start/[M[N",1,NA
"bnd","bnd259b","5",21081843,29947064,"BND","upstream_flank/[M[N",-1,NA
"bnd","bnd25a","3",21341719,15570954,"BND","exon_mid/N[M[",-1,NA
"bnd","bnd25b","2",15570954,21341719,"BND","after_exon_end/]M]N",1,NA
"bnd","bnd260a","5",9484908,5608806,"BND","cds_start/N[M[",-1,NA
"bnd","bnd260b","1",5608806,9484908,"BND","before_exon_start/]M]N",1,NA
"bnd","bnd261a","5",6989708,19383710,"BND","cds_start/[M[N",1,NA
"bnd","bnd261b","3",19383710,6989708,"BND","exon_end/[M[N",-1,NA
"bnd","bnd262a","2",14287177,14025304,"BND","upstream_flank/N]M]",1,NA
"bnd","bnd262b","1",14025304,14287177,"BND","exon_start/N]M]",1,NA
"bnd","bnd263a","1",26941579,2099019,"BND","cds_end/]M]N",1,NA
"bnd","bnd263b","3",2099019,26941579,"BND","exon_mid/N[M[",-1,NA
"bnd","bnd264a","3",2090297,26941388,"BND","cds_end/]M]N",1,NA
"bnd","bnd264b","5",26941388,2090297,"BND","after_exon_end/N[M[",1,NA
"bnd","bnd265a","5",9618189,22585213,"BND","transcript_mid/N[M[",-1,NA
"bnd","bnd265b","1",22585213,9618189,"BND","downstream_flank/]M]N",1,NA
"bnd","bnd266a","3",8243372,16085214,"BND","transcript_end/N]M]",1,NA
"bnd","bnd266b","5",16085214,8243372,"BND","downstream_flank/N]M]",-1,NA
"bnd","bnd267a","5",9607682,12757001,"BND","transcript_mid/[M[N",1,NA
"bnd","bnd267b","2",12757001,9607682,"BND","exon_mid/[M[N",-1,NA
"bnd","bnd268a","4",353623,27110424,"BND","transcript_mid/N]M]",1,NA
"bnd","bnd268b","1",27110424,353623,"BND","exon_mid/N]M]",-1,NA
"bnd","bnd269a","5",17999539,19586353,"BND","cds_end/N[M[",-1,NA
"bnd","bnd269b","5",19586353,17999539,"BND","exon_end/]M]N",1,NA
"bnd","bnd26a","5",18623350,10784150,"BND","exon_end/N[M[",1,NA
"bnd","bnd26b","2",10784150,18623350,"BND","before_exon_start/]M]N",-1,NA
"bnd","bnd270a","2",16379462,18385855,"BND","downstream_flank/N[M[",1,NA
"bnd","bnd270b","2",18385855,16379462,"BND","exon_end/]M]N",1,NA
"bnd","bnd271a","4",7609877,17495611,"BND","downstream_flank/[M[N",1,NA
"bnd","bnd271b","5",17495611,7609877,"BND","transcript_end/[M[N",-1,NA
"bnd","bnd272a","3",1732988,18750482,"BND","transcript_start/N]M]",-1,NA
"bnd","bnd272b","2",18750482,1732988,"BND","after_exon_end/N]M]",-1,NA
"bnd","bnd273a","2",8357331,20637484,"BND","cds_start/N[M[",1,NA
"bnd","bnd273b","3",20637484,8357331,"BND","exon_end/]M]N",1,NA
"bnd","bnd274a","4",6883513,17783396,"BND","transcript_start/N[M[",1,NA
"bnd","bnd274b","1",17783396,6883513,"BND","before_exon_start/]M]N",1,NA
"bnd","bnd275a","1",27961760,5598045,"BND","cds_start/N]M]",-1,NA
"bnd","bnd275b","3",5598045,27961760,"BND","after_exon_end/N]M]",-1,NA
"bnd","bnd276a","4",12087,25775478,"BND","transcript_mid/N]M]",-1,NA
"bnd","bnd276b","5",25775478,12087,"BND","exon_start/N]M]",-1,NA
"bnd","bnd277a","5",587611,14247506,"BND","cds_start/N[M[",1,NA
"bnd","bnd277b","4",14247506,587611,"BND","exon_end/]M]N",1,NA
"bnd","bnd278a","5",3557238,18514,"BND","transcript_start/N]M]",-1,NA
"bnd","bnd278b","4",18514,3557238,"BND","after_exon_end/N]M]",1,NA
"bnd","bnd279a","5",25749598,24964671,"BND","transcript_mid/N[M[",1,NA
"bnd","bnd279b","5",24964671,25749598,"BND","upstream_flank/]M]N",1,NA
"bnd","bnd27a","1",1412655,13208623,"BND","before_exon_start/N]M]",1,NA
"bnd","bnd27b","2",13208623,1412655,"BND","upstream_flank/N]M]",-1,NA
"bnd","bnd280a","3",23299126,20075016,"BND","transcript_end/N[M[",-1,NA
"bnd","bnd280b","1",20075016,23299126,"BND","exon_start/]M]N",-1,NA
"bnd","bnd281a","2",2016198,24862337,"BND","transcript_mid/]M]N",1,NA
"bnd","bnd281b","5",24862337,2016198,"BND","after_exon_end/N[M[",-1,NA
"bnd","bnd282a","1",2401257,22248877,"BND","cds_start/N[M[",-1,NA
"bnd","bnd282b","5",22248877,2401257,"BND","exon_end/]M]N",-1,NA
"bnd","bnd283a","5",16327282,23437663,"BND","downstream_flank/]M]N",1,NA
"bnd","bnd283b","5",23437663,16327282,"BND","exon_mid/N[M[",1,NA
"bnd","bnd284a","3",20318956,4733869,"BND","transcript_start/N[M[",1,NA
"bnd","bnd284b","1",4733869,20318956,"BND","exon_end/]M]N",-1,NA
"bnd","bnd285a","3",11959239,3448971,"BND","transcript_end/N]M]",1,NA
"bnd","bnd285b","5",3448971,11959239,"BND","exon_end/N]M]",-1,NA
"bnd","bnd286a","4",15265506,3714254,"BND","transcript_mid/]M]N",1,NA
"bnd","bnd286b","3",3714254,15265506,"BND","exon_start/N[M[",-1,NA
"bnd","bnd287a","3",23395027,9090957,"BND","transcript_mid/[M[N",-1,NA
"bnd","bnd287b","3",9090957,23395027,"BND","exon_start/[M[N",-1,NA
"bnd","bnd28a","5",21098017,1610828,"BND","transcript_mid/]M]N",-1,NA
"bnd","bnd28b","3",1610828,21098017,"BND","transcript_mid/N[M[",1,NA
"bnd","bnd29a","4",9290924,18556609,"BND","after_exon_end/N[M[",1,NA
"bnd","bnd29b","1",18556609,9290924,"BND","after_exon_end/]M]N",-1,NA
"bnd","bnd2a","3",8418034,2800979,"BND","exon_start/N[M[",1,NA
"bnd","bnd2b","5",2800979,8418034,"BND","exon_start/]M]N",-1,NA
"bnd","bnd30a","3",4605514,5460299,"BND","after_exon_end/N]M]",1,NA
"bnd","bnd30b","3",5460299,4605514,"BND","exon_mid/N]M]",1,NA
"bnd","bnd31a","1",23743586,19497104,"BND","before_exon_start/[M[N",-1,NA
"bnd","bnd31b","2",19497104,23743586,"BND","after_exon_end/[M[N",1,NA
"bnd","bnd32a","5",21632021,16443128,"BND","exon_start/[M[N",-1,NA
"bnd","bnd32b","5",16443128,21632021,"BND","exon_mid/[M[N",1,NA
"bnd","bnd33a","2",9636922,3602459,"BND","exon_end/N[M[",1,NA
"bnd","bnd33b","1",3602459,9636922,"BND","exon_end/]M]N",-1,NA
"bnd","bnd34a","1",7122474,108239,"BND","exon_start/[M[N",-1,NA
"bnd","bnd34b","5",108239,7122474,"BND","exon_mid/[M[N",-1,NA
"bnd","bnd35a","3",18332668,16777263,"BND","cds_start/]M]N",1,NA
"bnd","bnd35b","4",16777263,18332668,"BND","upstream_flank/N[M[",-1,NA
"bnd","bnd36a","1",6217655,8522623,"BND","after_exon_end/N[M[",-1,NA
"bnd","bnd36b","1",8522623,6217655,"BND","after_exon_end/]M]N",1,NA
"bnd","bnd37a","5",2092105,3102074,"BND","before_exon_start/[M[N",-1,NA
"bnd","bnd37b","3",3102074,2092105,"BND","transcript_start/[M[N",1,NA
"bnd","bnd38a","4",825706,24159781,"BND","transcript_mid/]M]N",-1,NA
"bnd","bnd38b","5",24159781,825706,"BND","after_exon_end/N[M[",-1,NA
"bnd","bnd39a","4",1031131,20790460,"BND","exon_mid/]M]N",1,NA
"bnd","bnd39b","1",20790460,1031131,"BND","after_exon_end/N[M[",-1,NA
"bnd","bnd3a","5",7759515,36561,"BND","after_exon_end/N[M[",1,NA
"bnd","bnd3b","Pt",36561,7759515,"BND","downstream_flank/]M]N",1,NA
"bnd","bnd40a","1",20292660,354720,"BND","before_exon_start/N]M]",1,NA
"bnd","bnd40b","4",354720,20292660,"BND","exon_end/N]M]",1,NA
"bnd","bnd41a","1",11498570,3001947,"BND","transcript_mid/N]M]",1,NA
"bnd","bnd41b","5",3001947,11498570,"BND","after_exon_end/N]M]",-1,NA
"bnd","bnd42a","3",20545204,11028139,"BND","after_exon_end/]M]N",1,NA
"bnd","bnd42b","2",11028139,20545204,"BND","before_exon_start/N[M[",-1,NA
"bnd","bnd43a","4",1082697,8689162,"BND","exon_mid/N[M[",-1,NA
"bnd","bnd43b","2",8689162,1082697,"BND","before_exon_start/]M]N",-1,NA
"bnd","bnd44a","5",9678503,2728718,"BND","exon_end/N[M[",1,NA
"bnd","bnd44b","1",2728718,9678503,"BND","transcript_mid/]M]N",1,NA
"bnd","bnd45a","2",19605432,20063441,"BND","cds_end/[M[N",1,NA
"bnd","bnd45b","1",20063441,19605432,"BND","exon_end/[M[N",1,NA
"bnd","bnd46a","4",9683888,1527133,"BND","before_exon_start/N[M[",1,NA
"bnd","bnd46b","4",1527133,9683888,"BND","cds_end/]M]N",-1,NA
"bnd","bnd47a","5",1209511,3975241,"BND","after_exon_end/]M]N",1,NA
"bnd","bnd47b","3",3975241,1209511,"BND","exon_mid/N[M[",1,NA
"bnd","bnd48a","1",18403290,7295345,"BND","after_exon_end/[M[N",-1,NA
"bnd","bnd48b","5",7295345,18403290,"BND","before_exon_start/[M[N",-1,NA
"bnd","bnd49a","1",21667008,6192368,"BND","after_exon_end/N]M]",-1,NA
"bnd","bnd49b","3",6192368,21667008,"BND","before_exon_start/N]M]",1,NA
"bnd","bnd4a","4",5586625,6114824,"BND","exon_mid/N[M[",-1,NA
"bnd","bnd4b","3",6114824,5586625,"BND","exon_start/]M]N",-1,NA
"bnd","bnd50a","1",25511792,17462140,"BND","exon_start/N]M]",-1,NA
"bnd","bnd50b","1",17462140,25511792,"BND","exon_mid/N]M]",1,NA
"bnd","bnd51a","5",19781685,22183872,"BND","exon_end/N]M]",-1,NA
"bnd","bnd51b","5",22183872,19781685,"BND","exon_start/N]M]",1,NA
"bnd","bnd52a","4",2229226,23665989,"BND","exon_mid/]M]N",-1,NA
"bnd","bnd52b","1",23665989,2229226,"BND","before_exon_start/N[M[",-1,NA
"bnd","bnd53a","1",1229338,27115816,"BND","after_exon_end/]M]N",1,NA
"bnd","bnd53b","1",27115816,1229338,"BND","exon_end/N[M[",1,NA
"bnd","bnd54a","3",22972304,11883434,"BND","downstream_flank/[M[N",-1,NA
"bnd","bnd54b","2",11883434,22972304,"BND","exon_mid/[M[N",1,NA
"bnd","bnd55a","3",22356952,5172613,"BND","exon_start/N]M]",-1,NA
"bnd","bnd55b","1",5172613,22356952,"BND","exon_end/N]M]",-1,NA
"bnd","bnd56a","2",18657301,9069227,"BND","after_exon_end/[M[N",1,NA
"bnd","bnd56b","2",9069227,18657301,"BND","exon_mid/[M[N",1,NA
"bnd","bnd57a","4",11165155,2892706,"BND","exon_mid/]M]N",-1,NA
"bnd","bnd57b","1",2892706,11165155,"BND","after_exon_end/N[M[",1,NA
"bnd","bnd58a","1",18426531,2136831,"BND","cds_end/N]M]",1,NA
"bnd","bnd58b","1",2136831,18426531,"BND","transcript_mid/N]M]",1,NA
"bnd","bnd59a","3",19514308,11423186,"BND","exon_mid/N]M]",1,NA
"bnd","bnd59b","1",11423186,19514308,"BND","cds_start/N]M]",-1,NA
"bnd","bnd5a","1",25345512,18157960,"BND","before_exon_start/N[M[",-1,NA
"bnd","bnd5b","4",18157960,25345512,"BND","exon_start/]M]N",-1,NA
"bnd","bnd60a","4",892176,1417568,"BND","transcript_start/N]M]",1,NA
"bnd","bnd60b","2",1417568,892176,"BND","after_exon_end/N]M]",-1,NA
"bnd","bnd61a","4",14388628,5917253,"BND","exon_mid/]M]N",1,NA
"bnd","bnd61b","3",5917253,14388628,"BND","cds_start/N[M[",-1,NA
"bnd","bnd62a","4",17827551,5848906,"BND","exon_end/]M]N",-1,NA
"bnd","bnd62b","1",5848906,17827551,"BND","exon_start/N[M[",-1,NA
"bnd","bnd63a","5",13771712,9255294,"BND","cds_end/]M]N",-1,NA
"bnd","bnd63b","4",9255294,13771712,"BND","before_exon_start/N[M[",1,NA
"bnd","bnd64a","2",18923303,10408599,"BND","upstream_flank/[M[N",1,NA
"bnd","bnd64b","4",10408599,18923303,"BND","after_exon_end/[M[N",-1,NA
"bnd","bnd65a","1",669461,15994806,"BND","exon_start/[M[N",-1,NA
"bnd","bnd65b","4",15994806,669461,"BND","exon_mid/[M[N",1,NA
"bnd","bnd66a","5",20534660,20112592,"BND","exon_end/N]M]",-1,NA
"bnd","bnd66b","1",20112592,20534660,"BND","after_exon_end/N]M]",1,NA
"bnd","bnd67a","1",12465684,4337609,"BND","exon_mid/N]M]",-1,NA
"bnd","bnd67b","1",4337609,12465684,"BND","cds_end/N]M]",1,NA
"bnd","bnd68a","3",946443,6950957,"BND","after_exon_end/[M[N",-1,NA
"bnd","bnd68b","1",6950957,946443,"BND","exon_mid/[M[N",-1,NA
"bnd","bnd69a","1",21592633,12062431,"BND","exon_start/N[M[",-1,NA
"bnd","bnd69b","2",12062431,21592633,"BND","exon_start/]M]N",1,NA
"bnd","bnd6a","4",7262669,21588257,"BND","transcript_end/]M]N",1,NA
"bnd","bnd6b","3",21588257,7262669,"BND","transcript_start/N[M[",1,NA
"bnd","bnd70a","5",8251219,16706089,"BND","upstream_flank/[M[N",-1,NA
"bnd","bnd70b","4",16706089,8251219,"BND","transcript_start/[M[N",-1,NA
"bnd","bnd71a","3",20269641,12441178,"BND","before_exon_start/N[M[",-1,NA
"bnd","bnd71b","4",12441178,20269641,"BND","exon_mid/]M]N",1,NA
"bnd","bnd72a","3",19321234,2495858,"BND","after_exon_end/[M[N",1,NA
"bnd","bnd72b","1",2495858,19321234,"BND","exon_mid/[M[N",-1,NA
"bnd","bnd73a","4",11129681,4591189,"BND","exon_end/]M]N",1,NA
"bnd","bnd73b","5",4591189,11129681,"BND","transcript_end/N[M[",1,NA
"bnd","bnd74a","5",8139408,2147888,"BND","exon_mid/[M[N",-1,NA
"bnd","bnd74b","5",2147888,8139408,"BND","exon_start/[M[N",-1,NA
"bnd","bnd75a","5",2224241,4479767,"BND","exon_start/]M]N",1,NA
"bnd","bnd75b","5",4479767,2224241,"BND","transcript_start/N[M[",-1,NA
"bnd","bnd76a","1",17077780,18013903,"BND","after_exon_end/]M]N",-1,NA
"bnd","bnd76b","2",18013903,17077780,"BND","exon_end/N[M[",1,NA
"bnd","bnd77a","5",3093804,25600275,"BND","before_exon_start/N[M[",1,NA
"bnd","bnd77b","5",25600275,3093804,"BND","exon_end/]M]N",1,NA
"bnd","bnd78a","2",10910460,11429379,"BND","upstream_flank/[M[N",1,NA
"bnd","bnd78b","4",11429379,10910460,"BND","exon_end/[M[N",1,NA
"bnd","bnd79a","1",18779606,5933929,"BND","exon_start/N[M[",1,NA
"bnd","bnd79b","2",5933929,18779606,"BND","exon_end/]M]N",-1,NA
"bnd","bnd7a","3",8935591,8930494,"BND","cds_end/N[M[",-1,NA
"bnd","bnd7b","3",8930494,8935591,"BND","exon_mid/]M]N",1,NA
"bnd","bnd80a","5",19241222,21651089,"BND","after_exon_end/N]M]",-1,NA
"bnd","bnd80b","5",21651089,19241222,"BND","exon_mid/N]M]",-1,NA
"bnd","bnd81a","2",17761073,21495962,"BND","before_exon_start/[M[N",-1,NA
"bnd","bnd81b","5",21495962,17761073,"BND","exon_start/[M[N",-1,NA
"bnd","bnd82a","5",6881806,648276,"BND","exon_mid/N]M]",-1,NA
"bnd","bnd82b","1",648276,6881806,"BND","after_exon_end/N]M]",-1,NA
"bnd","bnd83a","4",15222268,16109374,"BND","after_exon_end/N[M[",1,NA
"bnd","bnd83b","3",16109374,15222268,"BND","exon_end/]M]N",-1,NA
"bnd","bnd84a","3",198855,5674552,"BND","cds_start/]M]N",-1,NA
"bnd","bnd84b","1",5674552,198855,"BND","after_exon_end/N[M[",1,NA
"bnd","bnd85a","3",19996177,25759159,"BND","transcript_start/]M]N",1,NA
"bnd","bnd85b","5",25759159,19996177,"BND","after_exon_end/N[M[",1,NA
"bnd","bnd86a","2",9230206,20604391,"BND","downstream_flank/]M]N",1,NA
"bnd","bnd86b","5",20604391,9230206,"BND","after_exon_end/N[M[",-1,NA
"bnd","bnd87a","4",10081949,1932971,"BND","after_exon_end/N[M[",-1,NA
"bnd","bnd87b","3",1932971,10081949,"BND","before_exon_start/]M]N",-1,NA
"bnd","bnd88a","5",18589743,18945942,"BND","after_exon_end/N]M]",-1,NA
"bnd","bnd88b","3",18945942,18589743,"BND","exon_start/N]M]",-1,NA
"bnd","bnd89a","5",16454099,3197951,"BND","after_exon_end/N]M]",1,NA
"bnd","bnd89b","1",3197951,16454099,"BND","before_exon_start/N]M]",-1,NA
"bnd","bnd8a","2",13483194,10717704,"BND","downstream_flank/N[M[",-1,NA
"bnd","bnd8b","2",10717704,13483194,"BND","exon_start/]M]N",1,NA
"bnd","bnd90a","1",4392393,4586590,"BND","transcript_end/]M]N",1,NA
"bnd","bnd90b","5",4586590,4392393,"BND","exon_end/N[M[",-1,NA
"bnd","bnd91a","3",19161108,9367080,"BND","before_exon_start/]M]N",1,NA
"bnd","bnd91b","1",9367080,19161108,"BND","exon_start/N[M[",1,NA
"bnd","bnd92a","3",20459362,12043103,"BND","exon_start/]M]N",1,NA
"bnd","bnd92b","2",12043103,20459362,"BND","transcript_end/N[M[",-1,NA
"bnd","bnd93a","1",21577022,3974181,"BND","exon_mid/[M[N",1,NA
"bnd","bnd93b","3",3974181,21577022,"BND","exon_mid/[M[N",-1,NA
"bnd","bnd94a","1",28773250,2870746,"BND","after_exon_end/]M]N",-1,NA
"bnd","bnd94b","1",2870746,28773250,"BND","after_exon_end/N[M[",1,NA
"bnd","bnd95a","4",8507365,22659807,"BND","cds_start/N]M]",1,NA
"bnd","bnd95b","5",22659807,8507365,"BND","exon_start/N]M]",-1,NA
"bnd","bnd96a","5",23972522,16166033,"BND","exon_end/N]M]",1,NA
"bnd","bnd96b","2",16166033,23972522,"BND","exon_end/N]M]",1,NA
"bnd","bnd97a","5",20926594,974310,"BND","cds_end/[M[N",1,NA
"bnd","bnd97b","3",974310,20926594,"BND","before_exon_start/[M[N",-1,NA
"bnd","bnd98a","5",3030889,1191179,"BND","transcript_end/N[M[",-1,NA
"bnd","bnd98b","4",1191179,3030889,"BND","after_exon_end/]M]N",1,NA
"bnd","bnd99a","2",11360597,6344300,"BND","transcript_mid/N[M[",-1,NA
"bnd","bnd99b","4",6344300,11360597,"BND","before_exon_start/]M]N",1,NA
"bnd","bnd9a","1",20227665,9575812,"BND","exon_start/[M[N",1,NA
"bnd","bnd9b","4",9575812,20227665,"BND","transcript_start/[M[N",1,NA
"sv","sv0","1",8417,8464,"TDUP","exon_exact",-1,5
"sv","sv1","1",36869,36869,"INS","ins_exon_interior",-1,22
"sv","sv10","1",870311,870340,"DEL","exon_start_cross",-1,573
"sv","sv100","1",8742443,8742562,"DUP","exon_interior",1,5127
"sv","sv1000","5",8474498,8475111,"INV","intron_interior",-1,46280
"sv","sv1001","5",8584665,8584665,"INS","ins_cds_start",1,46319
"sv","sv1002","5",8593609,8595350,"INV","transcript_left_cross",-1,46322
"sv","sv1003","5",8887539,8887616,"TDUP","exon_end_cross",1,46435
"sv","sv1004","5",8901022,8901022,"INS","ins_intron",1,46443
"sv","sv1005","5",8969215,8972125,"DUP","transcript_exact",-1,46479
"sv","sv1006","5",8979571,8982891,"INV","transcript_exact",-1,46486
"sv","sv1007","5",9073467,9073502,"DEL","exon_end_cross",1,46516
"sv","sv1008","5",9203670,9203946,"DEL","flank_right",1,46572
"sv","sv1009","5",9546631,9546646,"DEL","cds_start_cross",1,46711
"sv","sv101","1",8751685,8751714,"DEL","exon_end_cross",1,5132
"sv","sv1010","5",9585670,9585958,"TDUP","exon_interior",1,46722
"sv","sv1011","5",9670093,9670154,"TDUP","exon_end_cross",-1,46754
"sv","sv1012","5",9683155,9684482,"TDUP","transcript_left_cross",1,46766
"sv","sv1013","5",9692379,9692778,"TDUP","exon_interior",1,46769
"sv","sv1014","5",9775858,9776260,"DUP","exon_interior",1,46797
"sv","sv1015","5",9861232,9861425,"TDUP","exon_exact",1,46849
"sv","sv1016","5",10003809,10004658,"TDUP","transcript_left_cross",1,46885
"sv","sv1017","5",10090200,10090221,"INV","cds_start_cross",-1,46918
"sv","sv1018","5",13421878,13421956,"DUP","intron_interior",1,47148
"sv","sv1019","5",13742405,13742405,"INS","ins_exon_interior",-1,47207
"sv","sv102","1",8799500,8799523,"DEL","cds_start_cross",-1,5155
"sv","sv1020","5",13762669,13762805,"DEL","exon_exact",1,47210
"sv","sv1021","5",14246292,14246315,"DEL","cds_end_cross",-1,47312
"sv","sv1022","5",14812685,14813582,"DEL","exon_exact",-1,47490
"sv","sv1023","5",14973353,14976229,"DEL","transcript_exact",-1,47565
"sv","sv1024","5",15143341,15143372,"INV","cds_end_cross",1,47618
"sv","sv1025","5",15167320,15167552,"DUP","multi_exon",-1,47623
"sv","sv1026","5",15324261,15324428,"TDUP","intron_interior",1,47686
"sv","sv1027","5",15990473,15990628,"DUP","exon_exact",1,47969
"sv","sv1028","5",16037434,16038612,"DUP","exon_exact",1,47986
"sv","sv1029","5",16064276,16064313,"DEL","cds_end_cross",-1,47998
"sv","sv103","1",8862599,8864630,"TDUP","transcript_right_cross",1,5202
"sv","sv1030","5",16097414,16097426,"TDUP","flank_left",1,48016
"sv","sv1031","5",16183141,16183232,"DUP","intron_interior",1,48056
"sv","sv1032","5",16326984,16327382,"DUP","exon_exact",1,48126
"sv","sv1033","5",16399113,16399134,"INV","cds_end_cross",1,48161
"sv","sv1034","5",16777691,16779295,"INV","transcript_exact",-1,48363
"sv","sv1035","5",16797552,16797581,"DEL","cds_end_cross",-1,48372
"sv","sv1036","5",17001268,17001313,"DEL","cds_start_cross",1,48467
"sv","sv1037","5",17122878,17123846,"DUP","multi_exon",1,48504
"sv","sv1038","5",17153604,17153663,"INV","exon_end_cross",1,48517
"sv","sv1039","5",17170429,17170448,"INV","cds_start_cross",-1,48526
"sv","sv104","1",8894413,8894639,"DEL","flank_left",-1,5220
"sv","sv1040","5",17299678,17299770,"DEL","multi_exon",1,48583
"sv","sv1041","5",17376619,17379282,"INV","transcript_exact",-1,48620
"sv","sv1042","5",17470353,17470390,"DUP","exon_end_cross",1,48664
"sv","sv1043","5",17550465,17550472,"TDUP","cds_start_cross",1,48707
"sv","sv1044","5",17673633,17673932,"TDUP","flank_left",1,48757
"sv","sv1045","5",17680858,17681096,"DUP","exon_interior",1,48757
"sv","sv1046","5",17696362,17698505,"DEL","transcript_right_cross",-1,48766
"sv","sv1047","5",17922554,17922621,"DEL","exon_end_cross",1,48879
"sv","sv1048","5",17938223,17938260,"TDUP","exon_start_cross",1,48892
"sv","sv1049","5",17952727,17952752,"DUP","cds_end_cross",1,48904
"sv","sv105","1",9113159,9113982,"DUP","transcript_left_cross",1,5332
"sv","sv1050","5",17980850,17981958,"DUP","transcript_exact",1,48921
"sv","sv1051","5",18052647,18052694,"DEL","cds_start_cross",1,48954
"sv","sv1052","5",18169014,18169014,"INS","ins_intron",1,48997
"sv","sv1053","5",18304472,18304577,"INV","multi_exon",-1,49049
"sv","sv1054","5",18360578,18360720,"INV","flank_right",-1,49067
"sv","sv1055","5",18389016,18389037,"INV","exon_start_cross",1,49085
"sv","sv1056","5",18397105,18397604,"DUP","exon_interior",1,49091
"sv","sv1057","5",18456835,18457303,"DUP","exon_exact",-1,49131
"sv","sv1058","5",18763964,18763985,"INV","exon_start_cross",-1,49263
"sv","sv1059","5",18790280,18792385,"DUP","transcript_right_cross",1,49282
"sv","sv106","1",9137951,9138754,"DUP","transcript_left_cross",-1,5340
"sv","sv1060","5",18815978,18816277,"DUP","flank_left",-1,49296
"sv","sv1061","5",18817261,18817353,"INV","intron_interior",1,49294
"sv","sv1062","5",18838223,18838459,"INV","multi_exon",1,49309
"sv","sv1063","5",19126265,19126265,"INS","ins_exon_interior",-1,49427
"sv","sv1064","5",19165619,19165940,"DUP","exon_interior",-1,49449
"sv","sv1065","5",19200731,19202972,"DUP","transcript_exact",1,49465
"sv","sv1066","5",19204464,19204499,"INV","exon_end_cross",1,49466
"sv","sv1067","5",19300283,19300294,"INV","exon_end_cross",-1,49528
"sv","sv1068","5",19331547,19334427,"INV","transcript_exact",1,49562
"sv","sv1069","5",19392221,19392264,"DEL","exon_start_cross",1,49602
"sv","sv107","1",9344948,9344963,"DUP","cds_end_cross",1,5450
"sv","sv1070","5",19616893,19616960,"DUP","flank_left",1,49700
"sv","sv1071","5",19716104,19721477,"TDUP","transcript_exact",1,49750
"sv","sv1072","5",19946618,19946769,"DUP","exon_exact",-1,49893
"sv","sv1073","5",19985363,19985450,"TDUP","intron_interior",-1,49918
"sv","sv1074","5",20228897,20228991,"DEL","multi_exon",1,50007
"sv","sv1075","5",20308239,20308268,"DUP","cds_start_cross",-1,50035
"sv","sv1076","5",20315398,20317401,"DEL","transcript_exact",1,50037
"sv","sv1077","5",20318495,20320026,"DEL","transcript_right_cross",-1,50039
"sv","sv1078","5",20394984,20395132,"DUP","flank_right",1,50078
"sv","sv1079","5",20534660,20534660,"INS","ins_exon_end",-1,50141
"sv","sv108","1",9396385,9396385,"INS","ins_exon_interior",1,5472
"sv","sv1080","5",20580318,20580355,"INV","cds_start_cross",1,50165
"sv","sv1081","5",20740615,20740806,"INV","flank_left",1,50244
"sv","sv1082","5",20753697,20753740,"DUP","flank_right",1,50247
"sv","sv1083","5",20762461,20762461,"INS","ins_exon_end",-1,50253
"sv","sv1084","5",20951234,20951234,"INS","ins_cds_end",1,50351
"sv","sv1085","5",20993780,20993780,"INS","ins_exon_interior",1,50374
"sv","sv1086","5",21085783,21085783,"INS","ins_intron",-1,50420
"sv","sv1087","5",21247355,21250321,"INV","transcript_exact",-1,50512
"sv","sv1088","5",21444793,21447242,"DEL","transcript_exact",-1,50610
"sv","sv1089","5",21570891,21570902,"DUP","exon_end_cross",-1,50686
"sv","sv109","1",9644365,9644410,"INV","exon_end_cross",-1,5612
"sv","sv1090","5",21755291,21758932,"TDUP","transcript_exact",1,50769
"sv","sv1091","5",21862691,21862760,"DUP","exon_end_cross",-1,50816
"sv","sv1092","5",21871124,21873117,"INV","transcript_right_cross",-1,50822
"sv","sv1093","5",22029939,22031242,"INV","transcript_right_cross",-1,50896
"sv","sv1094","5",22057262,22057262,"INS","ins_cds_start",-1,50907
"sv","sv1095","5",22101560,22101735,"INV","exon_interior",1,50929
"sv","sv1096","5",22330033,22330248,"DUP","multi_exon",-1,51030
"sv","sv1097","5",22376064,22376115,"TDUP","exon_end_cross",-1,51059
"sv","sv1098","5",22407425,22407430,"DUP","exon_start_cross",-1,51081
"sv","sv1099","5",22479690,22479810,"DEL","exon_interior",-1,51124
"sv","sv11","1",902363,904390,"DUP","transcript_left_cross",-1,608
"sv","sv110","1",9969841,9971070,"TDUP","intron_interior",-1,5753
"sv","sv1100","5",22482792,22483189,"DEL","flank_left",1,51129
"sv","sv1101","5",22564826,22564859,"INV","cds_start_cross",-1,51181
"sv","sv1102","5",22880527,22881766,"DEL","transcript_left_cross",1,51347
"sv","sv1103","5",22946879,22946932,"TDUP","cds_start_cross",-1,51385
"sv","sv1104","5",22959344,22959421,"DEL","intron_interior",1,51389
"sv","sv1105","5",23030721,23030782,"DEL","exon_start_cross",1,51423
"sv","sv1106","5",23111684,23111684,"INS","ins_before_exon",-1,51464
"sv","sv1107","5",23317663,23317698,"INV","cds_end_cross",-1,51563
"sv","sv1108","5",23375561,23375631,"DUP","intron_interior",1,51586
"sv","sv1109","5",23577476,23577716,"TDUP","exon_exact",-1,51713
"sv","sv111","1",9971173,9971283,"TDUP","multi_exon",-1,5751
"sv","sv1110","5",23661380,23663379,"INV","transcript_left_cross",-1,51751
"sv","sv1111","5",23867454,23867454,"INS","ins_intron",-1,51874
"sv","sv1112","5",23891904,23892030,"DEL","exon_exact",-1,51890
"sv","sv1113","5",23902609,23902638,"TDUP","cds_start_cross",-1,51895
"sv","sv1114","5",23912270,23912296,"INV","flank_right",-1,51899
"sv","sv1115","5",23977463,23979470,"TDUP","transcript_left_cross",-1,51950
"sv","sv1116","5",23998768,24000933,"DUP","transcript_left_cross",-1,51967
"sv","sv1117","5",24000472,24000485,"INV","exon_start_cross",-1,51966
"sv","sv1118","5",24136496,24136496,"INS","ins_cds_end",1,52038
"sv","sv1119","5",24136599,24136868,"DEL","flank_left",1,52045
"sv","sv112","1",10049672,10051387,"INV","transcript_left_cross",-1,5789
"sv","sv1120","5",24142499,24142766,"INV","multi_exon",-1,52048
"sv","sv1121","5",24213316,24213959,"INV","transcript_left_cross",-1,52095
"sv","sv1122","5",24250180,24250209,"TDUP","cds_start_cross",-1,52117
"sv","sv1123","5",24284211,24284240,"INV","exon_end_cross",1,52140
"sv","sv1124","5",24295797,24295840,"INV","exon_start_cross",1,52155
"sv","sv1125","5",24503080,24503801,"DEL","multi_exon",-1,52244
"sv","sv1126","5",24512121,24512132,"DUP","exon_end_cross",-1,52247
"sv","sv1127","5",24524148,24524225,"DEL","exon_exact",1,52251
"sv","sv1128","5",24544257,24544257,"INS","ins_before_exon",1,52262
"sv","sv1129","5",24629479,24629504,"TDUP","cds_start_cross",1,52317
"sv","sv113","1",10431174,10431642,"INV","multi_exon",1,6024
"sv","sv1130","5",24867469,24868910,"DUP","transcript_right_cross",-1,52466
"sv","sv1131","5",25136669,25136795,"DEL","flank_right",-1,52614
"sv","sv1132","5",25315478,25315531,"DEL","exon_start_cross",-1,52720
"sv","sv1133","5",25517658,25517695,"INV","exon_start_cross",-1,52850
"sv","sv1134","5",25575804,25575843,"TDUP","flank_right",-1,52875
"sv","sv1135","5",25802653,25802719,"DEL","flank_right",-1,53007
"sv","sv1136","5",25960288,25960622,"TDUP","flank_left",-1,53097
"sv","sv1137","5",25961082,25961127,"DEL","exon_end_cross",-1,53096
"sv","sv1138","5",25975587,25977864,"DEL","transcript_left_cross",-1,53108
"sv","sv1139","5",25997712,25997763,"DEL","flank_right",1,53118
"sv","sv114","1",10609505,10609534,"INV","cds_end_cross",-1,6090
"sv","sv1140","5",26057814,26061104,"INV","transcript_exact",1,53154
"sv","sv1141","5",26089789,26089832,"DEL","cds_start_cross",1,53172
"sv","sv1142","5",26151319,26151560,"DEL","transcript_left_cross",1,53200
"sv","sv1143","5",26430350,26430350,"INS","ins_intron",1,53388
"sv","sv1144","5",26442610,26442610,"INS","ins_before_exon",-1,53396
"sv","sv1145","5",26476020,26476155,"DEL","flank_left",-1,53432
"sv","sv1146","5",26476110,26477746,"INV","transcript_exact",-1,53427
"sv","sv1147","5",26542058,26542173,"DUP","multi_exon",-1,53466
"sv","sv1148","5",26592322,26592365,"TDUP","exon_end_cross",1,53523
"sv","sv1149","5",26649369,26649499,"INV","intron_interior",1,53556
"sv","sv115","1",10641030,10641030,"INS","ins_before_exon",-1,6099
"sv","sv1150","5",26774085,26774120,"INV","cds_start_cross",-1,53615
"sv","sv1151","5",26908257,26908338,"DUP","flank_right",-1,53682
"sv","sv1152","Mt",78493,78780,"DEL","flank_right",-1,53888
"sv","sv1153","Mt",203420,204637,"DEL","transcript_left_cross",-1,53937
"sv","sv1154","Mt",220776,223185,"TDUP","transcript_right_cross",1,53942
"sv","sv1155","Mt",260963,261307,"TDUP","transcript_exact",-1,53967
"sv","sv1156","Mt",296813,296834,"DUP","cds_start_cross",-1,53984
"sv","sv116","1",10729163,10729575,"DUP","intron_interior",1,6128
"sv","sv117","1",10783334,10783345,"DUP","exon_start_cross",1,6151
"sv","sv118","1",10805269,10805336,"INV","exon_end_cross",-1,6162
"sv","sv119","1",11297274,11297313,"TDUP","cds_end_cross",-1,6387
"sv","sv12","1",904319,904319,"INS","ins_cds_start",-1,613
"sv","sv120","1",11536273,11536296,"DEL","cds_end_cross",-1,6485
"sv","sv121","1",11677546,11679459,"INV","transcript_left_cross",1,6544
"sv","sv122","1",11677835,11677919,"TDUP","exon_interior",1,6540
"sv","sv123","1",11777528,11777579,"DEL","cds_end_cross",1,6585
"sv","sv124","1",12012321,12012712,"TDUP","flank_right",-1,6682
"sv","sv125","1",12208846,12208875,"DUP","cds_start_cross",-1,6776
"sv","sv126","1",12234384,12234501,"TDUP","intron_interior",1,6790
"sv","sv127","1",12371532,12373499,"DEL","transcript_right_cross",-1,6845
"sv","sv128","1",12472990,12472990,"INS","ins_cds_start",1,6889
"sv","sv129","1",12591214,12591531,"INV","flank_left",1,6929
"sv","sv13","1",905467,905528,"DUP","exon_start_cross",-1,602
"sv","sv130","1",13079718,13080603,"DEL","transcript_right_cross",1,7089
"sv","sv131","1",13763290,13763290,"INS","ins_before_exon",1,7183
"sv","sv132","1",16232415,16232773,"INV","transcript_exact",1,7303
"sv","sv133","1",16425641,16425676,"DEL","cds_start_cross",-1,7344
"sv","sv134","1",16443991,16444010,"DUP","exon_end_cross",-1,7350
"sv","sv135","1",16850749,16853210,"DEL","transcript_right_cross",-1,7436
"sv","sv136","1",16940299,16940352,"DEL","exon_interior",1,7464
"sv","sv137","1",17169458,17169830,"DEL","flank_right",-1,7551
"sv","sv138","1",17261719,17262258,"DUP","transcript_left_cross",-1,7575
"sv","sv139","1",17274763,17274942,"DEL","flank_right",1,7581
"sv","sv14","1",944969,945116,"INV","multi_exon",1,641
"sv","sv140","1",17480584,17480801,"DEL","intron_interior",1,7660
"sv","sv141","1",17612098,17612117,"INV","cds_start_cross",1,7704
"sv","sv142","1",17732031,17732770,"DEL","transcript_left_cross",-1,7748
"sv","sv143","1",17734726,17734828,"TDUP","multi_exon",-1,7744
"sv","sv144","1",17786489,17786882,"TDUP","flank_left",1,7768
"sv","sv145","1",17849945,17850053,"TDUP","multi_exon",-1,7804
"sv","sv146","1",17875952,17876028,"INV","flank_left",-1,7825
"sv","sv147","1",18014766,18014808,"TDUP","flank_right",-1,7904
"sv","sv148","1",18019774,18020094,"DUP","flank_left",-1,7910
"sv","sv149","1",18263964,18263971,"DUP","cds_end_cross",1,8017
"sv","sv15","1",945791,945812,"TDUP","cds_start_cross",1,644
"sv","sv150","1",18522644,18522644,"INS","ins_exon_end",-1,8168
"sv","sv151","1",18565156,18565271,"DEL","multi_exon",1,8181
"sv","sv152","1",18892457,18892488,"INV","flank_left",1,8324
"sv","sv153","1",19007428,19007606,"INV","exon_interior",1,8366
"sv","sv154","1",19010378,19010423,"TDUP","exon_start_cross",1,8367
"sv","sv155","1",19025618,19025663,"DUP","exon_start_cross",1,8384
"sv","sv156","1",19228623,19228738,"INV","multi_exon",-1,8483
"sv","sv157","1",19242996,19243031,"INV","cds_start_cross",-1,8488
"sv","sv158","1",19383155,19385602,"INV","transcript_exact",-1,8542
"sv","sv159","1",19385238,19385599,"DEL","exon_interior",-1,8540
"sv","sv16","1",1007507,1007602,"DUP","multi_exon",1,676
"sv","sv160","1",19491502,19491547,"TDUP","cds_end_cross",-1,8589
"sv","sv161","1",19565447,19565646,"INV","flank_right",1,8634
"sv","sv162","1",19607305,19607518,"INV","exon_interior",-1,8660
"sv","sv163","1",19786674,19786715,"DUP","cds_end_cross",1,8742
"sv","sv164","1",19816668,19816728,"TDUP","exon_interior",1,8760
"sv","sv165","1",19819212,19819259,"DEL","cds_end_cross",1,8760
"sv","sv166","1",19900794,19902587,"INV","transcript_right_cross",-1,8794
"sv","sv167","1",19963218,19963947,"INV","exon_interior",-1,8825
"sv","sv168","1",20015163,20015229,"DUP","flank_left",-1,8860
"sv","sv169","1",20052528,20052553,"INV","cds_start_cross",1,8883
"sv","sv17","1",1141278,1141319,"DUP","cds_end_cross",-1,746
"sv","sv170","1",20058207,20058339,"DEL","flank_right",-1,8886
"sv","sv171","1",20112589,20112592,"DEL","exon_end_cross",1,8919
"sv","sv172","1",20160579,20161100,"TDUP","transcript_right_cross",-1,8950
"sv","sv173","1",20286200,20286316,"DUP","exon_interior",1,9019
"sv","sv174","1",20327622,20328144,"DUP","exon_interior",1,9047
"sv","sv175","1",20379625,20379864,"DUP","intron_interior",-1,9069
"sv","sv176","1",20918895,20918895,"INS","ins_cds_start",1,9375
"sv","sv177","1",21060767,21060860,"TDUP","flank_left",-1,9460
"sv","sv178","1",21086840,21086859,"DEL","cds_start_cross",-1,9470
"sv","sv179","1",21359913,21361936,"INV","transcript_right_cross",-1,9657
"sv","sv18","1",1327043,1327043,"INS","ins_before_exon",-1,841
"sv","sv180","1",21430566,21431293,"DUP","transcript_right_cross",-1,9689
"sv","sv181","1",21441828,21442048,"TDUP","flank_left",-1,9699
"sv","sv182","1",21568035,21568096,"TDUP","exon_end_cross",1,9749
"sv","sv183","1",21582334,21582381,"TDUP","cds_end_cross",-1,9753
"sv","sv184","1",21704248,21704265,"DUP","cds_end_cross",-1,9792
"sv","sv185","1",21807452,21807495,"DUP","cds_end_cross",-1,9825
"sv","sv186","1",22207387,22207633,"DEL","flank_right",-1,9978
"sv","sv187","1",22276002,22276063,"DEL","exon_end_cross",1,10011
"sv","sv188","1",22326365,22326365,"INS","ins_before_exon",-1,10044
"sv","sv189","1",22354089,22354264,"DEL","flank_left",-1,10080
"sv","sv19","1",1348452,1349478,"DUP","transcript_exact",-1,854
"sv","sv190","1",22404807,22404807,"INS","ins_exon_end",-1,10110
"sv","sv191","1",22436152,22436189,"INV","exon_start_cross",-1,10121
"sv","sv192","1",22582799,22582886,"DUP","intron_interior",1,10207
"sv","sv193","1",22714921,22715448,"DEL","exon_exact",-1,10302
"sv","sv194","1",22824527,22824527,"INS","ins_cds_start",1,10352
"sv","sv195","1",23056814,23057518,"INV","multi_exon",1,10466
"sv","sv196","1",23184035,23184035,"INS","ins_intron",1,10514
"sv","sv197","1",23252291,23252352,"DUP","exon_start_cross",1,10542
"sv","sv198","1",23501683,23502023,"DUP","flank_left",1,10672
"sv","sv199","1",23627676,23628398,"DUP","exon_exact",-1,10744
"sv","sv2","1",42116,42370,"TDUP","flank_right",-1,25
"sv","sv20","1",1507893,1507944,"DUP","exon_end_cross",1,944
"sv","sv200","1",23662614,23662682,"DUP","exon_interior",-1,10757
"sv","sv201","1",23730206,23730206,"INS","ins_cds_start",1,10799
"sv","sv202","1",23797468,23797606,"TDUP","exon_exact",-1,10836
"sv","sv203","1",23860554,23861973,"DEL","transcript_right_cross",-1,10870
"sv","sv204","1",23960464,23960752,"DUP","exon_interior",1,10912
"sv","sv205","1",24019181,24019181,"INS","ins_cds_end",1,10937
"sv","sv206","1",24057540,24057557,"DEL","cds_start_cross",1,10968
"sv","sv207","1",24058589,24058655,"DUP","exon_exact",1,10968
"sv","sv208","1",24061583,24061830,"DEL","flank_right",1,10969
"sv","sv209","1",24103815,24103850,"TDUP","exon_end_cross",1,10985
"sv","sv21","1",1509419,1509697,"INV","multi_exon",-1,948
"sv","sv210","1",24142738,24142810,"DUP","exon_interior",-1,11001
"sv","sv211","1",24171459,24172438,"DUP","transcript_right_cross",-1,11017
"sv","sv212","1",24180876,24183300,"DEL","transcript_exact",-1,11025
"sv","sv213","1",24182911,24183960,"TDUP","transcript_right_cross",-1,11024
"sv","sv214","1",24341427,24341617,"DEL","intron_interior",-1,11098
"sv","sv215","1",24400739,24400750,"INV","cds_end_cross",1,11130
"sv","sv216","1",24400950,24400979,"DEL","exon_end_cross",1,11132
"sv","sv217","1",24501675,24503660,"INV","transcript_left_cross",1,11173
"sv","sv218","1",24689392,24689762,"DEL","flank_left",1,11239
"sv","sv219","1",24708507,24708611,"DEL","multi_exon",-1,11244
"sv","sv22","1",1517062,1518178,"TDUP","intron_interior",-1,956
"sv","sv220","1",24795957,24796055,"DEL","exon_interior",1,11280
"sv","sv221","1",24816559,24816570,"DUP","cds_start_cross",-1,11289
"sv","sv222","1",24896529,24896764,"INV","exon_exact",1,11320
"sv","sv223","1",24961634,24963946,"INV","transcript_exact",-1,11353
"sv","sv224","1",24981658,24981694,"TDUP","flank_left",-1,11368
"sv","sv225","1",25045714,25046096,"DUP","flank_right",1,11396
"sv","sv226","1",25070081,25070353,"INV","exon_interior",-1,11408
"sv","sv227","1",25194023,25194070,"INV","cds_start_cross",-1,11457
"sv","sv228","1",25203607,25205572,"TDUP","transcript_left_cross",-1,11459
"sv","sv229","1",25239984,25239984,"INS","ins_exon_interior",-1,11474
"sv","sv23","1",1557175,1557175,"INS","ins_before_exon",1,989
"sv","sv230","1",25283306,25283375,"DUP","intron_interior",-1,11500
"sv","sv231","1",25342096,25342119,"TDUP","cds_start_cross",1,11535
"sv","sv232","1",25347856,25348049,"DEL","multi_exon",-1,11536
"sv","sv233","1",25439024,25439024,"INS","ins_before_exon",1,11583
"sv","sv234","1",25457047,25462847,"INV","transcript_exact",1,11598
"sv","sv235","1",25557555,25558002,"DEL","intron_interior",1,11660
"sv","sv236","1",25911851,25912052,"DEL","flank_left",1,11816
"sv","sv237","1",26180480,26180808,"DEL","flank_right",-1,11954
"sv","sv238","1",26388390,26388502,"TDUP","multi_exon",1,12047
"sv","sv239","1",26408117,26408183,"TDUP","flank_right",1,12052
"sv","sv24","1",1706005,1706295,"INV","flank_right",-1,1066
"sv","sv240","1",26431242,26431242,"INS","ins_cds_end",1,12074
"sv","sv241","1",26453419,26453419,"INS","ins_exon_end",1,12085
"sv","sv242","1",26835200,26837991,"TDUP","transcript_exact",-1,12277
"sv","sv243","1",27089432,27089816,"TDUP","flank_left",1,12410
"sv","sv244","1",27132330,27132539,"TDUP","exon_interior",1,12432
"sv","sv245","1",27154322,27154358,"INV","flank_left",1,12443
"sv","sv246","1",27258985,27258996,"DUP","cds_start_cross",-1,12488
"sv","sv247","1",27326723,27326779,"DUP","exon_interior",-1,12520
"sv","sv248","1",27329151,27330918,"INV","transcript_right_cross",-1,12526
"sv","sv249","1",27347457,27347492,"TDUP","exon_end_cross",-1,12539
"sv","sv25","1",1770579,1771636,"TDUP","transcript_left_cross",-1,1133
"sv","sv250","1",27423998,27424112,"TDUP","multi_exon",-1,12596
"sv","sv251","1",27513672,27513701,"TDUP","cds_end_cross",-1,12650
"sv","sv252","1",27586488,27586488,"INS","ins_exon_end",-1,12697
"sv","sv253","1",27630043,27630095,"TDUP","flank_left",-1,12723
"sv","sv254","1",27670626,27673572,"TDUP","transcript_exact",1,12738
"sv","sv255","1",27821712,27821755,"TDUP","exon_start_cross",-1,12816
"sv","sv256","1",27839775,27839775,"INS","ins_cds_end",1,12823
"sv","sv257","1",27881222,27881355,"INV","intron_interior",1,12851
"sv","sv258","1",27961760,27961760,"INS","ins_cds_start",-1,12896
"sv","sv259","1",28139264,28139359,"DEL","intron_interior",-1,13005
"sv","sv26","1",2027094,2027094,"INS","ins_cds_end",1,1290
"sv","sv260","1",28584568,28584645,"DEL","intron_interior",-1,13234
"sv","sv261","1",28693049,28693108,"INV","exon_start_cross",-1,13298
"sv","sv262","1",28718105,28718199,"TDUP","multi_exon",1,13308
"sv","sv263","1",28844644,28844644,"INS","ins_cds_start",1,13365
"sv","sv264","1",28923281,28923345,"DEL","intron_interior",-1,13399
"sv","sv265","1",28938022,28938356,"INV","flank_right",1,13410
"sv","sv266","1",28987137,28987137,"INS","ins_exon_end",1,13443
"sv","sv267","1",29082206,29082542,"DEL","flank_right",-1,13489
"sv","sv268","1",29099982,29100295,"DUP","flank_right",1,13498
"sv","sv269","1",29241950,29242055,"INV","flank_left",1,13558
"sv","sv27","1",2031090,2031090,"INS","ins_before_exon",1,1300
"sv","sv270","1",29256953,29257082,"TDUP","exon_exact",1,13564
"sv","sv271","1",29281232,29281326,"INV","flank_left",1,13583
"sv","sv272","1",29301990,29302051,"DEL","exon_start_cross",1,13596
"sv","sv273","1",29345851,29347055,"DEL","transcript_exact",1,13623
"sv","sv274","1",29518525,29518564,"DUP","cds_start_cross",-1,13690
"sv","sv275","1",29537032,29537051,"DUP","cds_end_cross",-1,13702
"sv","sv276","1",29565051,29565088,"INV","exon_start_cross",1,13719
"sv","sv277","1",29811928,29812311,"DUP","flank_left",1,13871
"sv","sv278","1",29905772,29905819,"INV","exon_exact",1,13902
"sv","sv279","1",29932856,29932856,"INS","ins_cds_start",-1,13931
"sv","sv28","1",2249100,2249145,"INV","exon_start_cross",1,1467
"sv","sv280","1",29958613,29958838,"DUP","flank_right",-1,13945
"sv","sv281","1",29973394,29973437,"DUP","exon_end_cross",-1,13968
"sv","sv282","1",30038738,30038816,"INV","intron_interior",1,14021
"sv","sv283","1",30235423,30235464,"DEL","cds_start_cross",-1,14174
"sv","sv284","1",30315521,30315546,"TDUP","cds_end_cross",1,14217
"sv","sv285","1",30323666,30324165,"DUP","transcript_right_cross",-1,14224
"sv","sv286","1",30330513,30330530,"INV","cds_end_cross",-1,14226
"sv","sv287","1",30387276,30389535,"TDUP","transcript_right_cross",-1,14259
"sv","sv288","1",30389506,30389559,"TDUP","exon_start_cross",1,14263
"sv","sv289","1",30417636,30417671,"DUP","exon_start_cross",1,14283
"sv","sv29","1",2258543,2258600,"DUP","exon_interior",-1,1471
"sv","sv290","2",83071,83313,"DUP","flank_right",1,14312
"sv","sv291","2",84925,85251,"DEL","flank_right",1,14316
"sv","sv292","2",139873,139906,"DUP","cds_start_cross",1,14355
"sv","sv293","2",279282,282123,"INV","transcript_exact",-1,14431
"sv","sv294","2",408456,408507,"DUP","exon_start_cross",1,14491
"sv","sv295","2",518328,518328,"INS","ins_cds_start",-1,14535
"sv","sv296","2",795936,795936,"INS","ins_cds_start",1,14677
"sv","sv297","2",940258,941139,"DUP","transcript_right_cross",1,14737
"sv","sv298","2",974378,974429,"DEL","exon_end_cross",-1,14763
"sv","sv299","2",1099219,1099280,"DUP","exon_end_cross",1,14833
"sv","sv3","1",48936,49304,"DEL","exon_exact",-1,31
"sv","sv30","1",2277922,2277922,"INS","ins_exon_interior",1,1489
"sv","sv300","2",1105259,1105347,"DUP","intron_interior",-1,14841
"sv","sv301","2",1642144,1642163,"DUP","cds_end_cross",1,15033
"sv","sv302","2",1719127,1719127,"INS","ins_exon_end",1,15090
"sv","sv303","2",2026628,2028285,"INV","transcript_right_cross",1,15177
"sv","sv304","2",2100530,2101709,"DEL","transcript_left_cross",-1,15197
"sv","sv305","2",2349235,2350600,"TDUP","transcript_left_cross",1,15257
"sv","sv306","2",2351661,2351694,"INV","cds_end_cross",1,15255
"sv","sv307","2",2960216,2960456,"DUP","transcript_exact",1,15317
"sv","sv308","2",3363305,3364566,"TDUP","transcript_left_cross",1,15405
"sv","sv309","2",3524866,3524866,"INS","ins_exon_interior",-1,15481
"sv","sv31","1",2351468,2352097,"INV","transcript_right_cross",1,1536
"sv","sv310","2",5553133,5553154,"DUP","exon_start_cross",-1,15651
"sv","sv311","2",5687555,5687602,"TDUP","cds_start_cross",-1,15681
"sv","sv312","2",5831187,5831225,"TDUP","flank_left",-1,15710
"sv","sv313","2",5956538,5956605,"DUP","exon_start_cross",-1,15739
"sv","sv314","2",6277538,6278215,"DEL","transcript_left_cross",1,15794
"sv","sv315","2",6355993,6356939,"INV","transcript_exact",1,15819
"sv","sv316","2",6987817,6987862,"INV","exon_start_cross",-1,16001
"sv","sv317","2",7139887,7139929,"INV","exon_interior",-1,16054
"sv","sv318","2",7272500,7272500,"INS","ins_exon_end",1,16105
"sv","sv319","2",7314476,7314521,"DEL","cds_end_cross",-1,16125
"sv","sv32","1",2360173,2360210,"DEL","exon_end_cross",-1,1543
"sv","sv320","2",7341864,7341901,"DUP","exon_start_cross",1,16143
"sv","sv321","2",7574795,7574795,"INS","ins_intron",-1,16262
"sv","sv322","2",7626359,7629149,"DEL","transcript_exact",1,16285
"sv","sv323","2",7760545,7762708,"DUP","transcript_right_cross",-1,16347
"sv","sv324","2",7913428,7913576,"DEL","exon_interior",-1,16415
"sv","sv325","2",7948170,7948177,"DEL","cds_end_cross",1,16432
"sv","sv326","2",8091160,8091430,"TDUP","exon_exact",-1,16485
"sv","sv327","2",8096083,8096448,"INV","flank_right",-1,16488
"sv","sv328","2",8172431,8172431,"INS","ins_exon_interior",1,16528
"sv","sv329","2",8225461,8225693,"DEL","exon_interior",1,16546
"sv","sv33","1",2414888,2416505,"INV","transcript_left_cross",1,1598
"sv","sv330","2",8305080,8305105,"INV","cds_start_cross",1,16573
"sv","sv331","2",8445362,8446121,"DEL","intron_interior",-1,16630
"sv","sv332","2",8466248,8466338,"DEL","multi_exon",-1,16639
"sv","sv333","2",8480083,8480218,"DUP","multi_exon",1,16646
"sv","sv334","2",8597932,8597951,"TDUP","exon_end_cross",-1,16697
"sv","sv335","2",8629857,8630688,"TDUP","transcript_exact",-1,16718
"sv","sv336","2",8705024,8705139,"DEL","multi_exon",-1,16749
"sv","sv337","2",8708089,8708369,"DUP","flank_right",-1,16753
"sv","sv338","2",8746731,8746844,"INV","exon_interior",-1,16773
"sv","sv339","2",8779667,8779805,"DEL","exon_exact",1,16782
"sv","sv34","1",2476953,2483196,"DEL","transcript_exact",1,1643
"sv","sv340","2",8813661,8813704,"INV","exon_end_cross",-1,16801
"sv","sv341","2",8829677,8830128,"INV","transcript_right_cross",-1,16807
"sv","sv342","2",8902750,8902878,"INV","exon_interior",1,16864
"sv","sv343","2",8904687,8904846,"DUP","exon_interior",-1,16865
"sv","sv344","2",9040851,9040864,"TDUP","exon_start_cross",1,16968
"sv","sv345","2",9207701,9207820,"TDUP","flank_left",-1,17072
"sv","sv346","2",9216700,9216960,"TDUP","exon_interior",1,17076
"sv","sv347","2",9245364,9245444,"TDUP","intron_interior",-1,17099
"sv","sv348","2",9273696,9273701,"DUP","cds_start_cross",1,17119
"sv","sv349","2",9303713,9306025,"TDUP","transcript_exact",1,17133
"sv","sv35","1",2512314,2512357,"INV","exon_end_cross",-1,1664
"sv","sv350","2",9569327,9569327,"INS","ins_cds_start",-1,17262
"sv","sv351","2",9779675,9780009,"INV","flank_right",1,17368
"sv","sv352","2",9809106,9809180,"INV","intron_interior",-1,17391
"sv","sv353","2",9917571,9917571,"INS","ins_exon_interior",1,17443
"sv","sv354","2",9955545,9955586,"DEL","cds_start_cross",1,17460
"sv","sv355","2",9964930,9966389,"TDUP","transcript_left_cross",-1,17466
"sv","sv356","2",10184886,10187323,"DUP","transcript_right_cross",1,17551
"sv","sv357","2",10337686,10337723,"INV","cds_end_cross",-1,17663
"sv","sv358","2",10415618,10415631,"INV","exon_end_cross",1,17712
"sv","sv359","2",10483463,10483514,"DEL","cds_start_cross",-1,17753
"sv","sv36","1",2582869,2582996,"INV","intron_interior",-1,1697
"sv","sv360","2",10484173,10484386,"DUP","flank_right",-1,17746
"sv","sv361","2",10871215,10871258,"TDUP","exon_start_cross",-1,17923
"sv","sv362","2",10940101,10940638,"DEL","exon_interior",-1,17954
"sv","sv363","2",11022919,11022946,"TDUP","exon_end_cross",1,17987
"sv","sv364","2",11083317,11083471,"TDUP","intron_interior",1,18021
"sv","sv365","2",11189811,11190617,"DEL","exon_interior",-1,18076
"sv","sv366","2",11308210,11308527,"DUP","flank_right",-1,18142
"sv","sv367","2",11312249,11312362,"TDUP","exon_interior",-1,18144
"sv","sv368","2",11423569,11423606,"TDUP","cds_end_cross",1,18179
"sv","sv369","2",11465450,11465744,"DUP","exon_exact",-1,18211
"sv","sv37","1",2586832,2587177,"TDUP","transcript_right_cross",-1,1701
"sv","sv370","2",11514600,11518734,"DEL","transcript_exact",-1,18223
"sv","sv371","2",11703854,11706121,"DEL","transcript_right_cross",-1,18304
"sv","sv372","2",11739095,11739221,"TDUP","multi_exon",-1,18324
"sv","sv373","2",11843067,11843962,"TDUP","transcript_right_cross",-1,18380
"sv","sv374","2",11876708,11876733,"TDUP","cds_end_cross",1,18400
"sv","sv375","2",11942914,11943015,"TDUP","transcript_exact",-1,18429
"sv","sv376","2",11972378,11972425,"DUP","cds_start_cross",-1,18440
"sv","sv377","2",12067171,12067171,"INS","ins_intron",1,18483
"sv","sv378","2",12219707,12219808,"TDUP","exon_interior",1,18525
"sv","sv379","2",12360861,12361165,"DUP","flank_right",-1,18588
"sv","sv38","1",2778900,2778921,"DEL","cds_end_cross",1,1804
"sv","sv380","2",12877799,12878804,"DEL","exon_exact",1,18836
"sv","sv381","2",12961908,12961937,"DEL","cds_end_cross",-1,18888
"sv","sv382","2",12991394,12991448,"TDUP","exon_exact",-1,18910
"sv","sv383","2",13081081,13081098,"TDUP","cds_end_cross",-1,18961
"sv","sv384","2",13097822,13097833,"INV","exon_end_cross",1,18977
"sv","sv385","2",13174280,13177223,"TDUP","transcript_exact",1,19032
"sv","sv386","2",13440842,13445926,"TDUP","transcript_exact",-1,19159
"sv","sv387","2",13595172,13595295,"DEL","exon_exact",1,19257
"sv","sv388","2",13666198,13666619,"DUP","transcript_left_cross",1,19298
"sv","sv389","2",13673345,13673659,"TDUP","flank_right",1,19298
"sv","sv39","1",2883131,2883172,"DUP","cds_start_cross",1,1862
"sv","sv390","2",13698254,13698370,"INV","exon_exact",1,19325
"sv","sv391","2",13748443,13748488,"DUP","cds_start_cross",-1,19357
"sv","sv392","2",13753238,13753252,"INV","flank_right",-1,19357
"sv","sv393","2",13753889,13753979,"TDUP","flank_right",-1,19355
"sv","sv394","2",13812263,13812375,"TDUP","multi_exon",1,19388
"sv","sv395","2",13824320,13824965,"TDUP","transcript_left_cross",1,19394
"sv","sv396","2",13867993,13868098,"INV","multi_exon",1,19424
"sv","sv397","2",13967264,13967344,"DEL","intron_interior",-1,19475
"sv","sv398","2",14091390,14091673,"INV","multi_exon",-1,19546
"sv","sv399","2",14210766,14210810,"DEL","exon_exact",-1,19618
"sv","sv4","1",241512,241571,"DUP","exon_start_cross",-1,162
"sv","sv40","1",2960154,2960213,"DUP","exon_end_cross",-1,1897
"sv","sv400","2",14264507,14264850,"TDUP","flank_left",-1,19656
"sv","sv401","2",14305521,14305879,"DEL","flank_left",-1,19683
"sv","sv402","2",14307065,14307149,"INV","intron_interior",-1,19679
"sv","sv403","2",14396861,14396882,"DEL","exon_end_cross",-1,19729
"sv","sv404","2",14473772,14474012,"DUP","flank_left",-1,19785
"sv","sv405","2",14561904,14563057,"INV","transcript_left_cross",-1,19844
"sv","sv406","2",14668052,14668065,"INV","cds_end_cross",1,19878
"sv","sv407","2",14690423,14690703,"DEL","flank_left",-1,19890
"sv","sv408","2",14807245,14807298,"INV","cds_end_cross",-1,19945
"sv","sv409","2",14864687,14865196,"DEL","transcript_left_cross",1,19983
"sv","sv41","1",3034639,3034639,"INS","ins_cds_end",-1,1955
"sv","sv410","2",14987209,14987255,"DUP","flank_left",1,20063
"sv","sv411","2",15143472,15143472,"INS","ins_intron",-1,20154
"sv","sv412","2",15174624,15178086,"DEL","transcript_exact",-1,20172
"sv","sv413","2",15203700,15203713,"DUP","exon_end_cross",1,20185
"sv","sv414","2",15353239,15353282,"TDUP","exon_start_cross",-1,20250
"sv","sv415","2",15366729,15366729,"INS","ins_intron",-1,20256
"sv","sv416","2",15370346,15370710,"DUP","intron_interior",-1,20263
"sv","sv417","2",15441008,15441043,"DEL","exon_start_cross",1,20290
"sv","sv418","2",15604234,15604255,"DEL","exon_start_cross",-1,20366
"sv","sv419","2",15830349,15830693,"TDUP","flank_right",-1,20499
"sv","sv42","1",3150212,3150459,"DUP","intron_interior",-1,2025
"sv","sv420","2",15841825,15841846,"TDUP","cds_end_cross",-1,20512
"sv","sv421","2",15906780,15906953,"INV","flank_left",-1,20556
"sv","sv422","2",15982539,15982897,"DEL","flank_left",-1,20585
"sv","sv423","2",16078403,16080650,"INV","transcript_right_cross",1,20629
"sv","sv424","2",16106177,16106177,"INS","ins_exon_end",1,20640
"sv","sv425","2",16662272,16663651,"TDUP","transcript_left_cross",-1,20980
"sv","sv426","2",16832453,16832719,"INV","flank_right",-1,21065
"sv","sv427","2",16930732,16934662,"DUP","transcript_exact",1,21122
"sv","sv428","2",16970502,16970587,"INV","exon_exact",1,21148
"sv","sv429","2",17020332,17020506,"INV","flank_left",-1,21182
"sv","sv43","1",3180926,3182999,"DUP","transcript_exact",-1,2041
"sv","sv430","2",17072352,17073791,"INV","exon_exact",-1,21212
"sv","sv431","2",17084195,17084224,"DEL","cds_end_cross",1,21223
"sv","sv432","2",17138130,17138159,"DEL","cds_start_cross",1,21263
"sv","sv433","2",17142782,17142880,"DEL","flank_right",1,21270
"sv","sv434","2",17427042,17427042,"INS","ins_cds_end",-1,21427
"sv","sv435","2",17579520,17581059,"DEL","transcript_left_cross",-1,21507
"sv","sv436","2",17630285,17630381,"TDUP","multi_exon",1,21547
"sv","sv437","2",17644950,17647171,"DEL","transcript_right_cross",-1,21558
"sv","sv438","2",17706196,17706196,"INS","ins_intron",1,21604
"sv","sv439","2",17950581,17950782,"DUP","intron_interior",1,21737
"sv","sv44","1",3191149,3192728,"DEL","transcript_left_cross",-1,2047
"sv","sv440","2",18049030,18049097,"INV","exon_end_cross",-1,21821
"sv","sv441","2",18065105,18065211,"DUP","multi_exon",1,21841
"sv","sv442","2",18194631,18194741,"TDUP","exon_exact",1,21933
"sv","sv443","2",18244599,18246860,"INV","transcript_right_cross",1,21963
"sv","sv444","2",18273373,18273416,"DEL","exon_start_cross",1,21980
"sv","sv445","2",18297481,18297645,"DEL","flank_right",1,21989
"sv","sv446","2",18332058,18332228,"INV","exon_interior",1,22017
"sv","sv447","2",18425111,18426121,"DUP","transcript_exact",1,22064
"sv","sv448","2",18492768,18492797,"TDUP","cds_end_cross",1,22100
"sv","sv449","2",18527457,18527920,"DEL","multi_exon",1,22131
"sv","sv45","1",3260697,3261028,"DEL","exon_interior",-1,2094
"sv","sv450","2",18554856,18554923,"INV","exon_end_cross",-1,22141
"sv","sv451","2",18562881,18562967,"DUP","exon_exact",1,22145
"sv","sv452","2",18628532,18628640,"DEL","intron_interior",-1,22179
"sv","sv453","2",18657552,18657677,"TDUP","flank_left",1,22191
"sv","sv454","2",18738734,18738787,"TDUP","exon_interior",-1,22241
"sv","sv455","2",18815672,18815717,"DUP","exon_end_cross",-1,22288
"sv","sv456","2",18955038,18955065,"DUP","exon_end_cross",-1,22384
"sv","sv457","2",19038077,19038466,"DEL","flank_right",1,22443
"sv","sv458","2",19050045,19051784,"TDUP","transcript_right_cross",-1,22453
"sv","sv459","2",19072392,19072772,"DUP","flank_left",-1,22472
"sv","sv46","1",3308085,3308421,"TDUP","flank_right",1,2131
"sv","sv460","2",19136070,19136070,"INS","ins_cds_start",1,22511
"sv","sv461","2",19248263,19248322,"INV","exon_end_cross",1,22563
"sv","sv462","2",19293162,19293260,"INV","multi_exon",-1,22587
"sv","sv463","2",19304196,19304215,"DUP","flank_left",1,22600
"sv","sv464","2",19378439,19379161,"DUP","exon_exact",1,22658
"sv","sv465","2",19389242,19389305,"DEL","intron_interior",1,22663
"sv","sv466","2",19394263,19394263,"INS","ins_intron",1,22664
"sv","sv467","2",19436910,19437539,"DEL","exon_interior",1,22683
"sv","sv468","2",19486418,19486443,"DEL","cds_end_cross",1,22712
"sv","sv469","2",19498611,19498614,"DUP","cds_start_cross",1,22719
"sv","sv47","1",3333595,3338188,"DUP","transcript_exact",-1,2139
"sv","sv470","2",19535575,19535797,"INV","flank_left",-1,22744
"sv","sv471","2",19562174,19562291,"DUP","flank_left",-1,22764
"sv","sv472","2",19669644,19670157,"DUP","transcript_right_cross",-1,22829
"sv","sv473","3",13230,15906,"DEL","transcript_exact",1,22865
"sv","sv474","3",38413,38413,"INS","ins_cds_end",-1,22885
"sv","sv475","3",42169,44286,"INV","transcript_left_cross",-1,22887
"sv","sv476","3",63806,63806,"INS","ins_exon_end",-1,22907
"sv","sv477","3",103129,103409,"TDUP","exon_interior",-1,22926
"sv","sv478","3",237119,239113,"DEL","exon_exact",1,23012
"sv","sv479","3",285151,285373,"TDUP","flank_left",1,23044
"sv","sv48","1",3426175,3426226,"TDUP","exon_end_cross",-1,2184
"sv","sv480","3",331613,331648,"DEL","cds_end_cross",1,23086
"sv","sv481","3",618465,618494,"DUP","cds_start_cross",1,23276
"sv","sv482","3",663694,663729,"DEL","exon_end_cross",1,23309
"sv","sv483","3",774493,774528,"DEL","exon_end_cross",-1,23369
"sv","sv484","3",960740,960740,"INS","ins_cds_end",1,23459
"sv","sv485","3",1187816,1187845,"TDUP","exon_end_cross",1,23598
"sv","sv486","3",1222294,1223525,"DEL","transcript_right_cross",1,23614
"sv","sv487","3",1344332,1344359,"DEL","exon_start_cross",1,23681
"sv","sv488","3",1455187,1455328,"INV","intron_interior",-1,23755
"sv","sv489","3",1551575,1551628,"TDUP","exon_start_cross",1,23812
"sv","sv49","1",3535947,3535947,"INS","ins_intron",1,2249
"sv","sv490","3",1577879,1577906,"DUP","exon_end_cross",1,23825
"sv","sv491","3",1615204,1615221,"DEL","cds_end_cross",1,23844
"sv","sv492","3",1615374,1615753,"DUP","transcript_right_cross",1,23845
"sv","sv493","3",1684809,1685212,"INV","transcript_left_cross",1,23884
"sv","sv494","3",1737702,1737722,"DUP","flank_right",-1,23916
"sv","sv495","3",1914164,1914199,"DUP","cds_end_cross",-1,24033
"sv","sv496","3",1934761,1936522,"DEL","transcript_left_cross",1,24053
"sv","sv497","3",1954990,1955307,"INV","exon_exact",-1,24059
"sv","sv498","3",2008068,2008332,"INV","flank_left",1,24081
"sv","sv499","3",2028726,2028801,"DEL","exon_end_cross",1,24089
"sv","sv5","1",392434,393761,"DEL","transcript_right_cross",1,273
"sv","sv50","1",4018235,4018240,"INV","exon_end_cross",-1,2549
"sv","sv500","3",2126675,2126704,"DUP","exon_end_cross",1,24148
"sv","sv501","3",2173181,2173267,"DEL","multi_exon",-1,24176
"sv","sv502","3",2193439,2193635,"DUP","transcript_exact",-1,24189
"sv","sv503","3",2212289,2213194,"INV","exon_exact",-1,24200
"sv","sv504","3",2327373,2327404,"DUP","cds_end_cross",-1,24262
"sv","sv505","3",2374608,2374706,"DUP","multi_exon",-1,24291
"sv","sv506","3",2400594,2400799,"DEL","exon_interior",1,24315
"sv","sv507","3",2471203,2471309,"INV","multi_exon",-1,24367
"sv","sv508","3",2517222,2517315,"DEL","exon_exact",-1,24405
"sv","sv509","3",2564036,2564036,"INS","ins_exon_interior",1,24432
"sv","sv51","1",4214258,4217412,"DEL","transcript_exact",-1,2638
"sv","sv510","3",2648596,2648637,"DEL","cds_start_cross",-1,24479
"sv","sv511","3",2881802,2881885,"DEL","flank_left",-1,24624
"sv","sv512","3",2937133,2937203,"TDUP","intron_interior",-1,24658
"sv","sv513","3",2952036,2954051,"DUP","transcript_left_cross",1,24678
"sv","sv514","3",3010836,3012197,"TDUP","transcript_left_cross",1,24717
"sv","sv515","3",3155221,3157002,"DEL","transcript_left_cross",-1,24789
"sv","sv516","3",3356781,3357754,"DUP","exon_exact",-1,24898
"sv","sv517","3",3358250,3358327,"TDUP","exon_start_cross",-1,24900
"sv","sv518","3",3401228,3401228,"INS","ins_cds_start",-1,24926
"sv","sv519","3",3451909,3452306,"TDUP","flank_right",1,24955
"sv","sv52","1",4233846,4234017,"DEL","transcript_left_cross",-1,2648
"sv","sv520","3",3752173,3752336,"INV","multi_exon",1,25139
"sv","sv521","3",3798261,3798333,"INV","exon_interior",-1,25172
"sv","sv522","3",3897498,3897559,"TDUP","exon_start_cross",-1,25220
"sv","sv523","3",3930439,3930455,"DUP","flank_right",-1,25246
"sv","sv524","3",4372083,4373112,"DEL","transcript_left_cross",-1,25494
"sv","sv525","3",4390903,4391137,"DUP","exon_exact",1,25509
"sv","sv526","3",4540517,4540633,"DUP","multi_exon",1,25598
"sv","sv527","3",4558170,4558392,"INV","flank_left",-1,25614
"sv","sv528","3",4570500,4570500,"INS","ins_exon_interior",-1,25615
"sv","sv529","3",4687096,4687199,"DUP","intron_interior",-1,25682
"sv","sv53","1",4350339,4350867,"TDUP","exon_exact",1,2708
"sv","sv530","3",4756335,4756335,"INS","ins_intron",1,25719
"sv","sv531","3",4893323,4893334,"TDUP","exon_end_cross",1,25779
"sv","sv532","3",5173578,5173597,"TDUP","cds_start_cross",1,25931
"sv","sv533","3",5205765,5205843,"TDUP","multi_exon",1,25965
"sv","sv534","3",5380201,5380312,"INV","flank_left",-1,26071
"sv","sv535","3",5500123,5500269,"DEL","exon_interior",1,26143
"sv","sv536","3",5534157,5535412,"INV","transcript_left_cross",1,26168
"sv","sv537","3",5620806,5620843,"INV","cds_end_cross",-1,26207
"sv","sv538","3",5684128,5684159,"TDUP","cds_end_cross",1,26244
"sv","sv539","3",5766736,5767825,"INV","exon_interior",1,26289
"sv","sv54","1",4437081,4437137,"TDUP","exon_exact",-1,2749
"sv","sv540","3",5894422,5894439,"INV","cds_end_cross",-1,26359
"sv","sv541","3",5921175,5921380,"DUP","exon_exact",-1,26375
"sv","sv542","3",6224103,6224258,"DUP","flank_right",1,26547
"sv","sv543","3",6298193,6298266,"INV","intron_interior",1,26584
"sv","sv544","3",6301784,6301978,"TDUP","flank_right",1,26584
"sv","sv545","3",6549287,6549354,"DEL","exon_end_cross",-1,26729
"sv","sv546","3",6640089,6640610,"DEL","intron_interior",1,26771
"sv","sv547","3",6740753,6740800,"DUP","cds_start_cross",1,26816
"sv","sv548","3",6743367,6743655,"DUP","flank_left",1,26819
"sv","sv549","3",6793936,6794109,"DEL","flank_left",1,26852
"sv","sv55","1",4679144,4679144,"INS","ins_cds_end",-1,2873
"sv","sv550","3",6854702,6854863,"DUP","exon_interior",-1,26879
"sv","sv551","3",6886310,6886361,"INV","cds_start_cross",-1,26899
"sv","sv552","3",7005957,7006012,"TDUP","exon_interior",-1,26962
"sv","sv553","3",7118434,7118554,"DEL","multi_exon",1,27041
"sv","sv554","3",7234505,7234505,"INS","ins_cds_end",-1,27093
"sv","sv555","3",7248399,7248587,"INV","flank_right",1,27098
"sv","sv556","3",7343194,7343464,"TDUP","flank_right",1,27137
"sv","sv557","3",7517897,7518178,"DUP","intron_interior",1,27225
"sv","sv558","3",7686441,7686474,"TDUP","exon_exact",1,27310
"sv","sv559","3",7855596,7855637,"TDUP","cds_end_cross",-1,27400
"sv","sv56","1",4795782,4795873,"INV","exon_interior",1,2949
"sv","sv560","3",7918964,7918977,"DUP","cds_end_cross",1,27427
"sv","sv561","3",8207296,8209357,"DEL","transcript_right_cross",1,27550
"sv","sv562","3",8279760,8281493,"DUP","transcript_left_cross",1,27584
"sv","sv563","3",8464718,8465623,"DEL","transcript_right_cross",-1,27666
"sv","sv564","3",8514354,8514468,"TDUP","multi_exon",-1,27691
"sv","sv565","3",8578887,8579045,"TDUP","exon_exact",1,27710
"sv","sv566","3",8770317,8771296,"INV","transcript_right_cross",-1,27789
"sv","sv567","3",8805519,8807460,"INV","transcript_exact",-1,27805
"sv","sv568","3",8915394,8915421,"DEL","exon_end_cross",-1,27835
"sv","sv569","3",8936191,8936210,"DEL","cds_end_cross",-1,27848
"sv","sv57","1",4927758,4927811,"INV","exon_end_cross",-1,3031
"sv","sv570","3",9025832,9025877,"DUP","cds_start_cross",1,27900
"sv","sv571","3",9220834,9220843,"INV","cds_end_cross",1,28014
"sv","sv572","3",9290834,9292035,"TDUP","transcript_left_cross",1,28050
"sv","sv573","3",9294246,9295825,"TDUP","transcript_right_cross",1,28052
"sv","sv574","3",9298260,9298987,"DUP","transcript_right_cross",1,28053
"sv","sv575","3",9298426,9298743,"INV","exon_interior",1,28057
"sv","sv576","3",9496331,9496380,"TDUP","cds_start_cross",1,28131
"sv","sv577","3",9658791,9658902,"DUP","multi_exon",1,28220
"sv","sv578","3",9679232,9679232,"INS","ins_before_exon",1,28230
"sv","sv579","3",9679417,9679444,"INV","exon_interior",1,28230
"sv","sv58","1",4987005,4987050,"INV","exon_start_cross",1,3066
"sv","sv580","3",9797369,9797704,"DEL","flank_left",1,28284
"sv","sv581","3",9834790,9834790,"INS","ins_cds_end",-1,28315
"sv","sv582","3",9901294,9902119,"TDUP","transcript_exact",-1,28342
"sv","sv583","3",9908055,9908343,"DUP","intron_interior",-1,28351
"sv","sv584","3",10026837,10027277,"DEL","exon_exact",-1,28416
"sv","sv585","3",10100702,10100787,"TDUP","intron_interior",1,28449
"sv","sv586","3",10305461,10307914,"INV","transcript_left_cross",-1,28568
"sv","sv587","3",10306756,10306958,"TDUP","transcript_exact",-1,28567
"sv","sv588","3",10428572,10428631,"TDUP","exon_start_cross",1,28625
"sv","sv589","3",10623165,10623165,"INS","ins_exon_interior",1,28695
"sv","sv59","1",5039310,5039416,"TDUP","multi_exon",1,3090
"sv","sv590","3",10945859,10946448,"DUP","transcript_left_cross",1,28796
"sv","sv591","3",11107500,11108535,"TDUP","transcript_right_cross",1,28870
"sv","sv592","3",11285198,11285307,"INV","multi_exon",-1,28920
"sv","sv593","3",11474554,11474829,"DEL","exon_exact",1,28955
"sv","sv594","3",13078956,13079921,"DEL","transcript_exact",1,29096
"sv","sv595","3",13129558,13129586,"DEL","flank_right",1,29097
"sv","sv596","3",14089946,14089946,"INS","ins_exon_end",1,29138
"sv","sv597","3",14945678,14945709,"DEL","flank_left",1,29203
"sv","sv598","3",15392619,15392630,"INV","exon_start_cross",-1,29262
"sv","sv599","3",15707159,15707196,"DUP","cds_start_cross",1,29317
"sv","sv6","1",524521,524575,"INV","exon_exact",1,352
"sv","sv60","1",5058680,5061136,"DUP","transcript_exact",1,3105
"sv","sv600","3",15711349,15711402,"TDUP","flank_right",1,29318
"sv","sv601","3",16010215,16010310,"DEL","exon_interior",1,29391
"sv","sv602","3",16024034,16025905,"DEL","transcript_right_cross",-1,29399
"sv","sv603","3",16030653,16030790,"TDUP","multi_exon",-1,29401
"sv","sv604","3",16046307,16046332,"TDUP","cds_start_cross",-1,29406
"sv","sv605","3",16313625,16313756,"DUP","multi_exon",1,29508
"sv","sv606","3",16539694,16541805,"INV","transcript_left_cross",-1,29589
"sv","sv607","3",16768075,16768257,"TDUP","transcript_exact",-1,29673
"sv","sv608","3",16806708,16806810,"DUP","exon_exact",-1,29691
"sv","sv609","3",17175311,17175515,"DEL","multi_exon",-1,29875
"sv","sv61","1",5169756,5169904,"TDUP","flank_left",-1,3164
"sv","sv610","3",17215631,17217706,"TDUP","transcript_right_cross",-1,29895
"sv","sv611","3",17288017,17288046,"TDUP","cds_end_cross",1,29927
"sv","sv612","3",17309051,17309051,"INS","ins_intron",-1,29948
"sv","sv613","3",17567476,17569394,"TDUP","transcript_exact",1,30080
"sv","sv614","3",17575985,17576004,"DEL","exon_start_cross",-1,30091
"sv","sv615","3",17725397,17725414,"DEL","cds_start_cross",-1,30151
"sv","sv616","3",17919693,17919875,"TDUP","multi_exon",1,30234
"sv","sv617","3",17975917,17976017,"INV","flank_right",-1,30259
"sv","sv618","3",18086158,18087243,"TDUP","transcript_left_cross",1,30297
"sv","sv619","3",18198289,18198300,"TDUP","cds_end_cross",1,30360
"sv","sv62","1",5199578,5199609,"INV","cds_start_cross",1,3183
"sv","sv620","3",18377572,18377629,"INV","flank_right",-1,30454
"sv","sv621","3",18402566,18402597,"INV","cds_end_cross",-1,30470
"sv","sv622","3",18462981,18463065,"TDUP","flank_right",-1,30499
"sv","sv623","3",18608113,18611262,"DUP","transcript_exact",-1,30565
"sv","sv624","3",18733978,18735081,"TDUP","transcript_right_cross",1,30618
"sv","sv625","3",18837395,18837395,"INS","ins_exon_end",-1,30656
"sv","sv626","3",18902342,18902373,"TDUP","cds_start_cross",1,30688
"sv","sv627","3",18918469,18919584,"DEL","transcript_right_cross",1,30693
"sv","sv628","3",18949696,18949926,"INV","flank_right",-1,30710
"sv","sv629","3",18997223,18998628,"DUP","transcript_right_cross",1,30742
"sv","sv63","1",5200439,5200518,"DEL","intron_interior",1,3183
"sv","sv630","3",19001564,19001984,"TDUP","intron_interior",1,30747
"sv","sv631","3",19084557,19084867,"DEL","exon_exact",1,30809
"sv","sv632","3",19208005,19209778,"DUP","transcript_left_cross",-1,30875
"sv","sv633","3",19221152,19221257,"DEL","intron_interior",1,30884
"sv","sv634","3",19241591,19241612,"TDUP","exon_end_cross",1,30890
"sv","sv635","3",19389099,19389114,"INV","cds_start_cross",-1,31003
"sv","sv636","3",19513044,19513226,"INV","exon_exact",1,31072
"sv","sv637","3",19556735,19556871,"TDUP","flank_right",-1,31103
"sv","sv638","3",19750106,19750167,"DUP","exon_start_cross",-1,31200
"sv","sv639","3",19765246,19765283,"DEL","cds_end_cross",1,31207
"sv","sv64","1",5279549,5279549,"INS","ins_exon_interior",-1,3236
"sv","sv640","3",19894267,19894365,"DUP","flank_right",1,31287
"sv","sv641","3",19953572,19955393,"DUP","transcript_left_cross",-1,31330
"sv","sv642","3",20017349,20018972,"DEL","transcript_left_cross",-1,31364
"sv","sv643","3",20071790,20073075,"DUP","transcript_left_cross",1,31390
"sv","sv644","3",20136437,20136734,"TDUP","flank_left",-1,31428
"sv","sv645","3",20278889,20281544,"TDUP","transcript_exact",1,31526
"sv","sv646","3",20318621,20318621,"INS","ins_exon_end",1,31543
"sv","sv647","3",20352638,20352659,"DUP","cds_end_cross",-1,31563
"sv","sv648","3",20390150,20390228,"DEL","intron_interior",-1,31586
"sv","sv649","3",20422318,20422369,"DEL","cds_end_cross",-1,31602
"sv","sv65","1",5328275,5328355,"INV","intron_interior",1,3275
"sv","sv650","3",20459089,20459116,"DEL","exon_start_cross",1,31620
"sv","sv651","3",20521347,20522101,"DUP","exon_exact",-1,31648
"sv","sv652","3",20579494,20579507,"INV","exon_start_cross",1,31675
"sv","sv653","3",20582245,20582552,"DUP","transcript_right_cross",1,31674
"sv","sv654","3",20610150,20610175,"DUP","cds_start_cross",-1,31690
"sv","sv655","3",20736668,20736939,"INV","transcript_left_cross",-1,31768
"sv","sv656","3",20788167,20788170,"DEL","flank_left",1,31790
"sv","sv657","3",20818187,20818319,"DEL","flank_left",-1,31807
"sv","sv658","3",20863257,20864727,"DEL","transcript_exact",-1,31839
"sv","sv659","3",21013146,21015023,"DEL","transcript_right_cross",1,31930
"sv","sv66","1",5504608,5504929,"TDUP","exon_exact",1,3386
"sv","sv660","3",21042890,21043291,"DEL","exon_interior",-1,31963
"sv","sv661","3",21044382,21044427,"TDUP","exon_end_cross",-1,31966
"sv","sv662","3",21044398,21044478,"TDUP","intron_interior",-1,31966
"sv","sv663","3",21089151,21089336,"DEL","exon_exact",-1,32010
"sv","sv664","3",21195526,21195917,"DEL","flank_left",1,32072
"sv","sv665","3",21207208,21207446,"INV","multi_exon",1,32073
"sv","sv666","3",21235608,21235651,"INV","exon_start_cross",1,32090
"sv","sv667","3",21312199,21312222,"INV","cds_end_cross",-1,32133
"sv","sv668","3",21407782,21411904,"DEL","transcript_exact",-1,32183
"sv","sv669","3",21516770,21516785,"DUP","cds_start_cross",1,32242
"sv","sv67","1",5506436,5506483,"DUP","cds_end_cross",1,3384
"sv","sv670","3",21615802,21616923,"TDUP","transcript_right_cross",-1,32302
"sv","sv671","3",21642676,21642781,"INV","exon_interior",1,32313
"sv","sv672","3",21647120,21647133,"DUP","exon_start_cross",1,32318
"sv","sv673","3",21703424,21703642,"TDUP","flank_left",1,32343
"sv","sv674","3",21729298,21729366,"TDUP","exon_interior",1,32361
"sv","sv675","3",21739145,21739376,"DUP","exon_exact",1,32365
"sv","sv676","3",21774013,21774013,"INS","ins_cds_end",1,32389
"sv","sv677","3",21946244,21946336,"TDUP","multi_exon",1,32486
"sv","sv678","3",22018227,22019394,"INV","transcript_right_cross",1,32535
"sv","sv679","3",22034783,22034783,"INS","ins_before_exon",-1,32547
"sv","sv68","1",5573232,5573259,"INV","exon_end_cross",-1,3431
"sv","sv680","3",22157157,22157194,"DEL","exon_start_cross",-1,32625
"sv","sv681","3",22193520,22193585,"TDUP","exon_exact",1,32652
"sv","sv682","3",22224884,22224903,"TDUP","exon_start_cross",-1,32667
"sv","sv683","3",22242781,22242781,"INS","ins_cds_start",-1,32672
"sv","sv684","3",22248450,22249111,"TDUP","transcript_left_cross",1,32674
"sv","sv685","3",22359988,22360023,"DUP","cds_end_cross",-1,32741
"sv","sv686","3",22400040,22401521,"TDUP","transcript_right_cross",1,32761
"sv","sv687","3",22504555,22504668,"DUP","multi_exon",-1,32815
"sv","sv688","3",22611153,22611254,"TDUP","intron_interior",-1,32856
"sv","sv689","3",22679741,22679855,"DEL","multi_exon",1,32896
"sv","sv69","1",5589297,5589428,"TDUP","multi_exon",-1,3440
"sv","sv690","3",22746410,22746916,"TDUP","exon_interior",1,32950
"sv","sv691","3",22799480,22799480,"INS","ins_cds_start",1,32980
"sv","sv692","3",22934130,22934455,"TDUP","flank_left",1,33052
"sv","sv693","3",22939919,22941508,"INV","transcript_exact",1,33058
"sv","sv694","3",22988994,22989045,"DUP","exon_end_cross",1,33087
"sv","sv695","3",23122001,23122001,"INS","ins_exon_interior",1,33159
"sv","sv696","3",23137670,23137775,"TDUP","intron_interior",1,33168
"sv","sv697","3",23202655,23203748,"DUP","transcript_right_cross",1,33204
"sv","sv698","3",23240125,23240262,"TDUP","exon_exact",-1,33236
"sv","sv699","3",23270612,23270647,"INV","cds_start_cross",1,33256
"sv","sv7","1",639743,639747,"DUP","flank_left",-1,428
"sv","sv70","1",5627608,5629571,"DUP","transcript_left_cross",1,3470
"sv","sv700","3",23393813,23393946,"DUP","multi_exon",-1,33329
"sv","sv701","3",23401963,23404962,"INV","transcript_exact",1,33334
"sv","sv702","3",23427816,23427877,"DUP","intron_interior",-1,33360
"sv","sv703","3",23450805,23450905,"DEL","exon_exact",1,33378
"sv","sv704","4",83365,83475,"TDUP","multi_exon",-1,33422
"sv","sv705","4",86028,86163,"DUP","flank_right",-1,33422
"sv","sv706","4",193913,195198,"DEL","transcript_left_cross",1,33486
"sv","sv707","4",284386,284386,"INS","ins_exon_end",1,33542
"sv","sv708","4",310425,310520,"TDUP","transcript_right_cross",-1,33553
"sv","sv709","4",355211,357296,"DUP","transcript_exact",-1,33575
"sv","sv71","1",5712022,5713752,"DUP","transcript_exact",1,3519
"sv","sv710","4",390282,390450,"INV","flank_left",1,33594
"sv","sv711","4",398235,398535,"DEL","exon_interior",1,33600
"sv","sv712","4",415895,415932,"DEL","cds_end_cross",1,33611
"sv","sv713","4",432178,432195,"TDUP","cds_start_cross",-1,33625
"sv","sv714","4",589907,590269,"TDUP","flank_right",1,33704
"sv","sv715","4",600527,600553,"INV","flank_right",1,33710
"sv","sv716","4",869206,869438,"INV","flank_left",1,33844
"sv","sv717","4",899946,899965,"TDUP","exon_start_cross",-1,33863
"sv","sv718","4",912343,912394,"INV","exon_end_cross",1,33868
"sv","sv719","4",988497,988516,"DEL","exon_end_cross",1,33906
"sv","sv72","1",5712110,5714035,"DEL","transcript_left_cross",1,3524
"sv","sv720","4",996883,996969,"TDUP","intron_interior",1,33910
"sv","sv721","4",1173787,1173808,"DUP","cds_end_cross",-1,34002
"sv","sv722","4",1195589,1195836,"DEL","transcript_right_cross",1,34012
"sv","sv723","4",1206324,1206857,"TDUP","multi_exon",1,34017
"sv","sv724","4",1219328,1219430,"INV","exon_interior",-1,34024
"sv","sv725","4",1319883,1319930,"TDUP","cds_start_cross",-1,34071
"sv","sv726","4",1470447,1470484,"DEL","exon_start_cross",1,34172
"sv","sv727","4",2168251,2170040,"TDUP","transcript_right_cross",1,34313
"sv","sv728","4",2391041,2391060,"DEL","exon_start_cross",-1,34366
"sv","sv729","4",2494792,2494836,"TDUP","exon_interior",-1,34414
"sv","sv73","1",5719096,5719139,"DUP","exon_end_cross",1,3522
"sv","sv730","4",2669184,2669439,"DUP","exon_interior",-1,34481
"sv","sv731","4",2714761,2714780,"INV","cds_start_cross",1,34504
"sv","sv732","4",2759031,2759048,"DEL","cds_start_cross",1,34538
"sv","sv733","4",2992486,2992486,"INS","ins_exon_interior",-1,34559
"sv","sv734","4",5251118,5251977,"TDUP","intron_interior",-1,34679
"sv","sv735","4",5732069,5732392,"INV","transcript_right_cross",-1,34799
"sv","sv736","4",5743244,5743380,"INV","flank_right",1,34801
"sv","sv737","4",5804228,5804499,"DUP","transcript_left_cross",1,34827
"sv","sv738","4",5815106,5815151,"DEL","exon_end_cross",1,34832
"sv","sv739","4",5983248,5983277,"TDUP","cds_start_cross",1,34871
"sv","sv74","1",5763652,5763865,"TDUP","flank_left",1,3572
"sv","sv740","4",6849577,6849577,"INS","ins_before_exon",1,35214
"sv","sv741","4",6887833,6887967,"TDUP","intron_interior",1,35226
"sv","sv742","4",7104514,7104763,"DEL","exon_interior",1,35319
"sv","sv743","4",7151406,7151406,"INS","ins_before_exon",-1,35350
"sv","sv744","4",7208407,7208454,"INV","cds_end_cross",1,35383
"sv","sv745","4",7209455,7209492,"TDUP","cds_end_cross",1,35379
"sv","sv746","4",7212141,7212227,"INV","intron_interior",1,35391
"sv","sv747","4",7322012,7322375,"TDUP","intron_interior",-1,35433
"sv","sv748","4",7427506,7428167,"DUP","transcript_left_cross",-1,35471
"sv","sv749","4",7594230,7595999,"DUP","transcript_exact",-1,35566
"sv","sv75","1",5787047,5787047,"INS","ins_cds_end",-1,3584
"sv","sv750","4",7679534,7680167,"INV","transcript_left_cross",1,35637
"sv","sv751","4",7843156,7843387,"DUP","multi_exon",1,35703
"sv","sv752","4",7872970,7873075,"DUP","exon_interior",-1,35721
"sv","sv753","4",7875263,7875282,"DUP","exon_end_cross",-1,35723
"sv","sv754","4",7950821,7951474,"DEL","transcript_right_cross",1,35758
"sv","sv755","4",8174587,8174624,"DEL","cds_start_cross",-1,35867
"sv","sv756","4",8182664,8183583,"TDUP","transcript_left_cross",-1,35872
"sv","sv757","4",8286673,8288102,"DUP","transcript_right_cross",1,35929
"sv","sv758","4",8531681,8531724,"INV","exon_start_cross",-1,36085
"sv","sv759","4",8581180,8581180,"INS","ins_cds_end",1,36115
"sv","sv76","1",5862348,5862542,"DUP","flank_left",1,3629
"sv","sv760","4",8691462,8691547,"INV","multi_exon",1,36176
"sv","sv761","4",8823031,8824712,"DEL","transcript_right_cross",1,36233
"sv","sv762","4",8860676,8860709,"DEL","cds_start_cross",1,36255
"sv","sv763","4",9161231,9161350,"DUP","multi_exon",-1,36391
"sv","sv764","4",9226287,9226308,"DEL","cds_start_cross",-1,36425
"sv","sv765","4",9237366,9237409,"TDUP","exon_exact",-1,36428
"sv","sv766","4",9366268,9367535,"INV","transcript_right_cross",-1,36497
"sv","sv767","4",9385665,9385702,"INV","exon_end_cross",1,36505
"sv","sv768","4",9392306,9392456,"DUP","flank_left",-1,36517
"sv","sv769","4",9394252,9394426,"TDUP","multi_exon",1,36513
"sv","sv77","1",5876370,5876399,"INV","cds_end_cross",1,3634
"sv","sv770","4",9396205,9396205,"INS","ins_exon_end",-1,36518
"sv","sv771","4",9400999,9401165,"TDUP","exon_exact",-1,36523
"sv","sv772","4",9458735,9458779,"TDUP","flank_right",-1,36546
"sv","sv773","4",9519183,9520884,"DEL","exon_interior",-1,36581
"sv","sv774","4",9525404,9527593,"DUP","transcript_right_cross",-1,36582
"sv","sv775","4",9529930,9529981,"DEL","exon_start_cross",-1,36588
"sv","sv776","4",9693405,9693498,"INV","intron_interior",-1,36701
"sv","sv777","4",9746005,9746120,"TDUP","multi_exon",-1,36733
"sv","sv778","4",9821010,9821089,"TDUP","flank_right",1,36772
"sv","sv779","4",9867066,9867091,"INV","cds_start_cross",-1,36794
"sv","sv78","1",5901161,5901178,"TDUP","cds_start_cross",-1,3649
"sv","sv780","4",10004948,10004993,"TDUP","exon_end_cross",-1,36842
"sv","sv781","4",10069457,10069457,"INS","ins_before_exon",1,36882
"sv","sv782","4",10251954,10251954,"INS","ins_before_exon",-1,36986
"sv","sv783","4",10414512,10414541,"DUP","cds_start_cross",1,37064
"sv","sv784","4",10453403,10453518,"DEL","exon_interior",-1,37082
"sv","sv785","4",10523089,10523184,"DUP","multi_exon",1,37114
"sv","sv786","4",10822755,10824064,"INV","transcript_left_cross",1,37259
"sv","sv787","4",10942841,10943476,"DEL","exon_interior",1,37328
"sv","sv788","4",10962630,10963053,"DUP","exon_interior",1,37346
"sv","sv789","4",10988051,10989899,"INV","transcript_exact",1,37364
"sv","sv79","1",5915944,5917209,"TDUP","transcript_left_cross",-1,3655
"sv","sv790","4",11130489,11132130,"TDUP","transcript_right_cross",1,37439
"sv","sv791","4",11261347,11261347,"INS","ins_exon_end",-1,37497
"sv","sv792","4",11402782,11403074,"INV","flank_right",-1,37561
"sv","sv793","4",11428445,11430746,"TDUP","transcript_exact",1,37573
"sv","sv794","4",11645185,11645419,"DUP","flank_right",1,37685
"sv","sv795","4",11685973,11686642,"DEL","transcript_right_cross",1,37699
"sv","sv796","4",11715607,11719807,"DUP","transcript_exact",-1,37716
"sv","sv797","4",11791039,11791076,"DEL","cds_end_cross",-1,37762
"sv","sv798","4",11840988,11841016,"INV","flank_right",1,37792
"sv","sv799","4",12021359,12021400,"TDUP","cds_start_cross",-1,37887
"sv","sv8","1",667870,667953,"INV","intron_interior",-1,455
"sv","sv80","1",5919156,5919173,"TDUP","cds_end_cross",-1,3660
"sv","sv800","4",12104329,12104418,"INV","exon_exact",-1,37919
"sv","sv801","4",12121911,12122171,"DUP","flank_left",1,37928
"sv","sv802","4",12188446,12188961,"DEL","exon_exact",1,37967
"sv","sv803","4",12188749,12188786,"INV","cds_end_cross",1,37967
"sv","sv804","4",12230755,12230833,"DUP","exon_exact",1,37998
"sv","sv805","4",12247674,12249279,"INV","transcript_left_cross",1,38011
"sv","sv806","4",12293633,12293633,"INS","ins_cds_start",-1,38030
"sv","sv807","4",12360546,12362583,"INV","transcript_left_cross",1,38068
"sv","sv808","4",12429119,12429138,"DUP","exon_start_cross",1,38104
"sv","sv809","4",12588354,12588407,"DUP","exon_start_cross",1,38202
"sv","sv81","1",5921118,5922903,"DUP","transcript_right_cross",1,3663
"sv","sv810","4",12936610,12936610,"INS","ins_cds_end",-1,38427
"sv","sv811","4",13078565,13078695,"DUP","intron_interior",-1,38520
"sv","sv812","4",13098607,13098646,"TDUP","cds_start_cross",-1,38538
"sv","sv813","4",13488326,13488326,"INS","ins_intron",-1,38784
"sv","sv814","4",13728380,13728476,"DUP","multi_exon",-1,38907
"sv","sv815","4",13739748,13741898,"DUP","transcript_exact",1,38913
"sv","sv816","4",13758629,13758706,"DEL","intron_interior",1,38933
"sv","sv817","4",13807400,13807511,"DUP","multi_exon",-1,38965
"sv","sv818","4",13825018,13825120,"DEL","multi_exon",1,38975
"sv","sv819","4",13825161,13825194,"DEL","flank_left",1,38977
"sv","sv82","1",6136101,6136146,"DUP","cds_start_cross",-1,3775
"sv","sv820","4",13849181,13849261,"INV","intron_interior",1,38991
"sv","sv821","4",13864349,13864920,"DUP","transcript_right_cross",-1,39002
"sv","sv822","4",13947976,13947976,"INS","ins_before_exon",1,39062
"sv","sv823","4",14007466,14007477,"DEL","exon_start_cross",-1,39102
"sv","sv824","4",14116015,14117367,"DUP","transcript_exact",-1,39161
"sv","sv825","4",14148030,14150367,"DEL","transcript_left_cross",1,39178
"sv","sv826","4",14155076,14158864,"TDUP","transcript_exact",1,39181
"sv","sv827","4",14296676,14296676,"INS","ins_exon_interior",1,39257
"sv","sv828","4",14499146,14499197,"TDUP","exon_end_cross",1,39353
"sv","sv829","4",14553442,14553483,"DEL","cds_start_cross",-1,39382
"sv","sv83","1",6305816,6306941,"TDUP","exon_interior",-1,3864
"sv","sv830","4",14691113,14691158,"DUP","exon_start_cross",-1,39453
"sv","sv831","4",14982232,14982401,"TDUP","exon_interior",-1,39575
"sv","sv832","4",15008357,15008380,"TDUP","cds_end_cross",1,39602
"sv","sv833","4",15134876,15134987,"INV","intron_interior",-1,39676
"sv","sv834","4",15159236,15159589,"TDUP","exon_exact",1,39696
"sv","sv835","4",15371822,15371849,"INV","exon_start_cross",-1,39836
"sv","sv836","4",15466081,15466428,"TDUP","flank_right",1,39878
"sv","sv837","4",15541297,15541460,"DEL","intron_interior",-1,39918
"sv","sv838","4",15569926,15570067,"TDUP","transcript_left_cross",-1,39928
"sv","sv839","4",15783279,15783302,"TDUP","flank_left",1,40052
"sv","sv84","1",6338528,6338626,"DEL","exon_interior",-1,3881
"sv","sv840","4",15851666,15851709,"TDUP","exon_start_cross",1,40079
"sv","sv841","4",15923936,15925023,"DEL","transcript_left_cross",1,40125
"sv","sv842","4",15961987,15961987,"INS","ins_exon_interior",1,40141
"sv","sv843","4",16088605,16089339,"DEL","multi_exon",-1,40215
"sv","sv844","4",16089483,16089645,"INV","intron_interior",-1,40215
"sv","sv845","4",16118896,16126150,"INV","transcript_exact",1,40233
"sv","sv846","4",16298028,16300229,"INV","transcript_right_cross",1,40334
"sv","sv847","4",16326173,16326620,"TDUP","intron_interior",1,40355
"sv","sv848","4",16328392,16328429,"DUP","exon_start_cross",-1,40358
"sv","sv849","4",16375251,16375732,"INV","exon_interior",-1,40386
"sv","sv85","1",6589045,6589114,"DEL","exon_start_cross",1,4020
"sv","sv850","4",16410315,16410342,"DUP","exon_end_cross",1,40407
"sv","sv851","4",16483838,16483924,"INV","intron_interior",-1,40458
"sv","sv852","4",16511129,16511129,"INS","ins_cds_start",-1,40474
"sv","sv853","4",16571268,16571299,"INV","cds_end_cross",-1,40506
"sv","sv854","4",16634824,16635293,"TDUP","transcript_right_cross",1,40539
"sv","sv855","4",16792312,16792682,"INV","flank_left",-1,40630
"sv","sv856","4",16885791,16885849,"INV","intron_interior",1,40695
"sv","sv857","4",16897715,16897811,"DEL","intron_interior",1,40704
"sv","sv858","4",16975261,16975446,"DEL","exon_exact",-1,40754
"sv","sv859","4",17066819,17067068,"INV","exon_interior",-1,40819
"sv","sv86","1",6709773,6710670,"TDUP","transcript_exact",1,4080
"sv","sv860","4",17216220,17218079,"DEL","transcript_left_cross",1,40882
"sv","sv861","4",17247880,17247891,"TDUP","exon_start_cross",-1,40895
"sv","sv862","4",17278932,17280509,"DUP","transcript_right_cross",-1,40908
"sv","sv863","4",17308557,17308618,"INV","exon_start_cross",1,40922
"sv","sv864","4",17429707,17429942,"DUP","flank_left",-1,40980
"sv","sv865","4",17509230,17509387,"DUP","flank_left",1,41026
"sv","sv866","4",17513622,17513724,"DEL","multi_exon",1,41026
"sv","sv867","4",17556806,17556809,"TDUP","exon_end_cross",-1,41043
"sv","sv868","4",17646462,17646501,"TDUP","cds_start_cross",1,41088
"sv","sv869","4",17696838,17696871,"DUP","flank_left",1,41112
"sv","sv87","1",6733114,6733173,"DEL","exon_end_cross",-1,4094
"sv","sv870","4",17849647,17849647,"INS","ins_before_exon",1,41171
"sv","sv871","4",17858856,17858881,"INV","cds_start_cross",-1,41176
"sv","sv872","4",17893583,17893670,"INV","exon_exact",-1,41198
"sv","sv873","4",17933974,17934077,"DUP","multi_exon",-1,41230
"sv","sv874","4",17938880,17938933,"TDUP","exon_start_cross",1,41237
"sv","sv875","4",17974883,17975170,"INV","exon_exact",-1,41257
"sv","sv876","4",18012732,18012775,"DEL","exon_start_cross",-1,41280
"sv","sv877","4",18027809,18028840,"INV","exon_exact",1,41294
"sv","sv878","4",18062091,18062118,"TDUP","cds_end_cross",-1,41315
"sv","sv879","4",18159089,18161480,"DUP","transcript_left_cross",1,41374
"sv","sv88","1",6753959,6753959,"INS","ins_cds_end",-1,4102
"sv","sv880","4",18225297,18225648,"DEL","exon_exact",-1,41396
"sv","sv881","4",18233929,18234244,"TDUP","flank_right",-1,41401
"sv","sv882","4",18236734,18239868,"DUP","transcript_exact",1,41409
"sv","sv883","4",18302040,18303323,"INV","transcript_right_cross",1,41454
"sv","sv884","4",18303007,18303058,"INV","cds_start_cross",1,41455
"sv","sv885","4",18415786,18416961,"INV","exon_exact",-1,41520
"sv","sv886","4",18559569,18559596,"INV","cds_end_cross",1,41603
"sv","sv887","5",238382,238536,"DEL","intron_interior",-1,41753
"sv","sv888","5",245279,249165,"DEL","transcript_exact",-1,41761
"sv","sv889","5",424291,424850,"INV","exon_exact",-1,41872
"sv","sv89","1",6778853,6779205,"DUP","flank_right",1,4114
"sv","sv890","5",588835,589134,"TDUP","transcript_right_cross",1,41959
"sv","sv891","5",599786,599786,"INS","ins_cds_end",1,41969
"sv","sv892","5",704079,704201,"INV","flank_left",-1,42035
"sv","sv893","5",797145,797191,"DUP","exon_exact",1,42085
"sv","sv894","5",847266,848963,"INV","transcript_left_cross",-1,42110
"sv","sv895","5",853308,855955,"INV","transcript_exact",-1,42113
"sv","sv896","5",997067,997100,"DUP","cds_end_cross",1,42193
"sv","sv897","5",1078978,1079123,"INV","flank_right",1,42233
"sv","sv898","5",1088505,1089600,"DUP","transcript_left_cross",1,42242
"sv","sv899","5",1207806,1209629,"INV","transcript_right_cross",-1,42298
"sv","sv9","1",741150,741203,"TDUP","exon_interior",1,489
"sv","sv90","1",7112772,7112855,"INV","exon_exact",1,4295
"sv","sv900","5",1211808,1211837,"INV","exon_end_cross",1,42301
"sv","sv901","5",1286148,1286167,"DUP","cds_end_cross",1,42346
"sv","sv902","5",1574861,1575092,"DUP","transcript_left_cross",-1,42492
"sv","sv903","5",1658931,1659424,"INV","multi_exon",1,42543
"sv","sv904","5",1848654,1848675,"TDUP","exon_end_cross",1,42653
"sv","sv905","5",1858887,1858938,"DUP","exon_end_cross",-1,42665
"sv","sv906","5",1878497,1878497,"INS","ins_cds_start",1,42682
"sv","sv907","5",1886441,1886727,"INV","flank_right",1,42684
"sv","sv908","5",1891959,1891970,"INV","exon_start_cross",-1,42695
"sv","sv909","5",1966693,1966823,"INV","exon_exact",-1,42734
"sv","sv91","1",7143107,7143136,"INV","exon_start_cross",1,4312
"sv","sv910","5",2150278,2150395,"INV","flank_right",1,42839
"sv","sv911","5",2208148,2208421,"DEL","flank_right",-1,42877
"sv","sv912","5",2224244,2224283,"DUP","exon_interior",1,42896
"sv","sv913","5",2332334,2332353,"DUP","exon_end_cross",1,42935
"sv","sv914","5",2397587,2397963,"INV","flank_left",-1,42993
"sv","sv915","5",2606002,2610250,"TDUP","transcript_exact",-1,43097
"sv","sv916","5",2611182,2611552,"DEL","flank_left",-1,43103
"sv","sv917","5",2695479,2695524,"TDUP","exon_end_cross",-1,43154
"sv","sv918","5",2875949,2875992,"DUP","exon_start_cross",-1,43273
"sv","sv919","5",2965008,2965113,"DUP","exon_interior",1,43327
"sv","sv92","1",7144210,7144298,"INV","exon_interior",1,4308
"sv","sv920","5",3003429,3004468,"DUP","transcript_right_cross",-1,43363
"sv","sv921","5",3061826,3063211,"DUP","transcript_left_cross",-1,43394
"sv","sv922","5",3175173,3175173,"INS","ins_before_exon",-1,43460
"sv","sv923","5",3202351,3202378,"INV","cds_start_cross",1,43477
"sv","sv924","5",3216418,3216418,"INS","ins_cds_end",-1,43483
"sv","sv925","5",3244443,3244529,"DEL","multi_exon",-1,43504
"sv","sv926","5",3244554,3244738,"DUP","flank_left",-1,43510
"sv","sv927","5",3395092,3395190,"INV","exon_exact",-1,43613
"sv","sv928","5",3423059,3425098,"TDUP","transcript_right_cross",-1,43629
"sv","sv929","5",3439208,3439245,"DEL","cds_end_cross",-1,43639
"sv","sv93","1",7232291,7232547,"DUP","intron_interior",1,4363
"sv","sv930","5",3483411,3483998,"INV","transcript_left_cross",1,43661
"sv","sv931","5",3487096,3487096,"INS","ins_intron",-1,43664
"sv","sv932","5",3622662,3622791,"DUP","intron_interior",1,43739
"sv","sv933","5",3671296,3673567,"DEL","transcript_right_cross",-1,43775
"sv","sv934","5",3695823,3701549,"DEL","transcript_exact",1,43789
"sv","sv935","5",3759458,3759473,"TDUP","cds_start_cross",1,43814
"sv","sv936","5",3966416,3966425,"INV","cds_start_cross",1,43911
"sv","sv937","5",4077773,4077988,"DUP","exon_exact",-1,43980
"sv","sv938","5",4111190,4111211,"DEL","exon_start_cross",-1,43990
"sv","sv939","5",4158947,4158968,"DEL","cds_start_cross",1,44003
"sv","sv94","1",7239458,7239493,"DUP","cds_end_cross",1,4366
"sv","sv940","5",4219179,4219198,"DUP","exon_start_cross",1,44027
"sv","sv941","5",4338326,4338326,"INS","ins_intron",1,44086
"sv","sv942","5",4390859,4390859,"INS","ins_exon_interior",-1,44109
"sv","sv943","5",4527899,4527899,"INS","ins_exon_end",1,44202
"sv","sv944","5",4572082,4572191,"INV","multi_exon",-1,44229
"sv","sv945","5",4623591,4624960,"INV","exon_exact",1,44269
"sv","sv946","5",4645448,4645499,"DEL","exon_start_cross",1,44279
"sv","sv947","5",4680545,4680869,"TDUP","exon_interior",-1,44304
"sv","sv948","5",4726571,4726820,"TDUP","transcript_left_cross",-1,44335
"sv","sv949","5",4820804,4820857,"INV","exon_start_cross",1,44386
"sv","sv95","1",8105472,8108261,"DEL","transcript_exact",1,4773
"sv","sv950","5",4880842,4880887,"INV","exon_end_cross",1,44427
"sv","sv951","5",4937899,4938238,"DUP","flank_right",-1,44445
"sv","sv952","5",4985522,4985985,"DEL","multi_exon",-1,44481
"sv","sv953","5",5176343,5176500,"DEL","multi_exon",1,44583
"sv","sv954","5",5235564,5235858,"INV","flank_left",-1,44617
"sv","sv955","5",5266508,5268891,"TDUP","transcript_left_cross",1,44633
"sv","sv956","5",5403757,5403876,"INV","intron_interior",1,44710
"sv","sv957","5",5542895,5542940,"TDUP","exon_start_cross",-1,44769
"sv","sv958","5",5578652,5578941,"DUP","transcript_left_cross",-1,44792
"sv","sv959","5",5680388,5680524,"DEL","multi_exon",1,44844
"sv","sv96","1",8132396,8132690,"DUP","exon_exact",-1,4788
"sv","sv960","5",5730850,5730908,"INV","exon_exact",1,44869
"sv","sv961","5",5769701,5769734,"TDUP","cds_end_cross",1,44888
"sv","sv962","5",5779947,5780066,"DUP","intron_interior",1,44898
"sv","sv963","5",5859886,5860039,"INV","exon_interior",-1,44938
"sv","sv964","5",5958919,5959015,"DUP","multi_exon",1,44980
"sv","sv965","5",6025209,6025209,"INS","ins_exon_end",-1,45026
"sv","sv966","5",6201040,6201040,"INS","ins_before_exon",-1,45119
"sv","sv967","5",6202054,6202075,"DUP","cds_end_cross",-1,45119
"sv","sv968","5",6278522,6278657,"TDUP","exon_exact",1,45164
"sv","sv969","5",6370687,6370820,"DEL","intron_interior",1,45208
"sv","sv97","1",8221766,8221766,"INS","ins_exon_end",1,4845
"sv","sv970","5",6426796,6426833,"DUP","exon_start_cross",-1,45236
"sv","sv971","5",6464218,6464218,"INS","ins_intron",-1,45253
"sv","sv972","5",6467956,6468174,"INV","flank_left",1,45259
"sv","sv973","5",6537085,6538576,"INV","transcript_right_cross",1,45285
"sv","sv974","5",6555580,6556255,"INV","transcript_right_cross",1,45302
"sv","sv975","5",6690381,6690660,"DEL","flank_right",1,45363
"sv","sv976","5",6730369,6730369,"INS","ins_exon_interior",-1,45381
"sv","sv977","5",6732266,6732319,"DEL","exon_end_cross",-1,45385
"sv","sv978","5",6800877,6800904,"TDUP","cds_end_cross",-1,45430
"sv","sv979","5",6862613,6862756,"TDUP","intron_interior",-1,45473
"sv","sv98","1",8241963,8242570,"INV","transcript_right_cross",1,4850
"sv","sv980","5",6876441,6881506,"DEL","transcript_exact",1,45477
"sv","sv981","5",6920168,6920219,"TDUP","exon_start_cross",1,45509
"sv","sv982","5",7057265,7057375,"DEL","flank_right",-1,45580
"sv","sv983","5",7122018,7122104,"TDUP","intron_interior",1,45610
"sv","sv984","5",7134754,7135261,"INV","transcript_exact",1,45619
"sv","sv985","5",7151281,7151281,"INS","ins_intron",-1,45629
"sv","sv986","5",7423500,7423598,"INV","multi_exon",-1,45761
"sv","sv987","5",7492343,7492644,"DEL","flank_left",-1,45798
"sv","sv988","5",7502427,7503463,"DUP","transcript_exact",1,45799
"sv","sv989","5",7545481,7545922,"TDUP","exon_exact",-1,45834
"sv","sv99","1",8353767,8353922,"TDUP","exon_interior",-1,4916
"sv","sv990","5",7577596,7579701,"TDUP","transcript_left_cross",-1,45850
"sv","sv991","5",7641973,7642100,"DUP","exon_interior",-1,45881
"sv","sv992","5",7927358,7927462,"INV","multi_exon",1,46014
"sv","sv993","5",8023675,8024116,"TDUP","exon_interior",-1,46065
"sv","sv994","5",8033640,8033699,"TDUP","exon_start_cross",1,46073
"sv","sv995","5",8038793,8038967,"DUP","flank_right",1,46075
"sv","sv996","5",8164631,8164668,"DEL","exon_end_cross",-1,46129
"sv","sv997","5",8257857,8257892,"TDUP","exon_end_cross",-1,46177
"sv","sv998","5",8328267,8328334,"TDUP","exon_start_cross",-1,46211
"sv","sv999","5",8435540,8435627,"DUP","intron_interior",-1,46253
