"kind","id","chrom","event_start","event_end","stype","state","strand","transcript_index"
"bnd","bnd0a","2L",5523898,537020,"BND","transcript_end/]M]N",-1,NA
"bnd","bnd0b","4",537020,5523898,"BND","exon_mid/N[M[",1,NA
"bnd","bnd100a","3L",3185529,8244142,"BND","exon_mid/]M]N",1,NA
"bnd","bnd100b","3R",8244142,3185529,"BND","after_exon_end/N[M[",1,NA
"bnd","bnd101a","3L",23216718,21160635,"BND","transcript_start/N]M]",-1,NA
"bnd","bnd101b","2L",21160635,23216718,"BND","before_exon_start/N]M]",-1,NA
"bnd","bnd102a","3L",5738494,16896297,"BND","exon_mid/N]M]",1,NA
"bnd","bnd102b","2L",16896297,5738494,"BND","exon_mid/N]M]",1,NA
"bnd","bnd103a","3L",15066978,16274283,"BND","exon_end/]M]N",-1,NA
"bnd","bnd103b","X",16274283,15066978,"BND","before_exon_start/N[M[",-1,NA
"bnd","bnd104a","2L",21140156,14824071,"BND","exon_end/N]M]",-1,NA
"bnd","bnd104b","3R",14824071,21140156,"BND","before_exon_start/N]M]",-1,NA
"bnd","bnd105a","2L",278883,7079367,"BND","exon_mid/N[M[",1,NA
"bnd","bnd105b","X",7079367,278883,"BND","exon_end/]M]N",-1,NA
"bnd","bnd106a","X",19498373,27565918,"BND","transcript_start/]M]N",1,NA
"bnd","bnd106b","3R",27565918,19498373,"BND","exon_start/N[M[",-1,NA
"bnd","bnd107a","2L",252072,7748322,"BND","exon_mid/N]M]",-1,NA
"bnd","bnd107b","2R",7748322,252072,"BND","transcript_mid/N]M]",-1,NA
"bnd","bnd108a","3L",999079,841718,"BND","exon_start/N]M]",-1,NA
"bnd","bnd108b","3L",841718,999079,"BND","cds_start/N]M]",1,NA
"bnd","bnd109a","3R",15417458,4975303,"BND","transcript_mid/N[M[",-1,NA
"bnd","bnd109b","2R",4975303,15417458,"BND","exon_start/]M]N",1,NA
"bnd","bnd10a","2L",6617759,23522702,"BND","before_exon_start/]M]N",-1,NA
"bnd","bnd10b","3R",23522702,6617759,"BND","upstream_flank/N[M[",-1,NA
"bnd","bnd110a","2R",21171001,11136049,"BND","exon_start/]M]N",1,NA
"bnd","bnd110b","3L",11136049,21171001,"BND","exon_start/N[M[",1,NA
"bnd","bnd111a","3L",5676035,13321478,"BND","exon_mid/N[M[",1,NA
"bnd","bnd111b","X",13321478,5676035,"BND","exon_end/]M]N",1,NA
"bnd","bnd112a","X",18640197,9698431,"BND","exon_end/N[M[",-1,NA
"bnd","bnd112b","2L",9698431,18640197,"BND","exon_end/]M]N",-1,NA
"bnd","bnd113a","3L",12741569,15756318,"BND","downstream_flank/[M[N",1,NA
"bnd","bnd113b","X",15756318,12741569,"BND","exon_start/[M[N",1,NA
"bnd","bnd114a","3R",5456922,17480288,"BND","exon_mid/N]M]",1,NA
"bnd","bnd114b","3R",17480288,5456922,"BND","exon_mid/N]M]",-1,NA
"bnd","bnd115a","X",2002160,22454587,"BND","after_exon_end/[M[N",1,NA
"bnd","bnd115b","X",22454587,2002160,"BND","after_exon_end/[M[N",-1,NA
"bnd","bnd116a","2R",9575851,2416436,"BND","exon_mid/]M]N",-1,NA
"bnd","bnd116b","2L",2416436,9575851,"BND","exon_start/N[M[",-1,NA
"bnd","bnd117a","4",1133224,12780389,"BND","transcript_start/N[M[",-1,NA
"bnd","bnd117b","3R",12780389,1133224,"BND","after_exon_end/]M]N",1,NA
"bnd","bnd118a","2R",7329797,31252174,"BND","exon_mid/N[M[",-1,NA
"bnd","bnd118b","3R",31252174,7329797,"BND","exon_end/]M]N",-1,NA
"bnd","bnd119a","2L",857567,8995804,"BND","exon_mid/]M]N",1,NA
"bnd","bnd119b","2L",8995804,857567,"BND","exon_start/N[M[",-1,NA
"bnd","bnd11a","3L",14671935,27744532,"BND","transcript_start/[M[N",-1,NA
"bnd","bnd11b","3R",27744532,14671935,"BND","after_exon_end/[M[N",1,NA
"bnd","bnd120a","3L",5355347,18809524,"BND","downstream_flank/[M[N",-1,NA
"bnd","bnd120b","3R",18809524,5355347,"BND","after_exon_end/[M[N",-1,NA
"bnd","bnd121a","3L",6969658,251162,"BND","transcript_start/]M]N",1,NA
"bnd","bnd121b","2L",251162,6969658,"BND","upstream_flank/N[M[",-1,NA
"bnd","bnd122a","3R",4697432,17520646,"BND","cds_start/]M]N",1,NA
"bnd","bnd122b","2R",17520646,4697432,"BND","exon_start/N[M[",-1,NA
"bnd","bnd123a","2R",23962145,10795069,"BND","before_exon_start/]M]N",-1,NA
"bnd","bnd123b","3L",10795069,23962145,"BND","transcript_mid/N[M[",1,NA
"bnd","bnd124a","X",10225002,14746092,"BND","transcript_mid/]M]N",1,NA
"bnd","bnd124b","3R",14746092,10225002,"BND","exon_start/N[M[",-1,NA
"bnd","bnd125a","3R",9621518,4035165,"BND","before_exon_start/N[M[",1,NA
"bnd","bnd125b","3L",4035165,9621518,"BND","exon_start/]M]N",1,NA
"bnd","bnd126a","2R",9541566,421298,"BND","downstream_flank/[M[N",1,NA
"bnd","bnd126b","3R",421298,9541566,"BND","exon_mid/[M[N",1,NA
"bnd","bnd127a","2R",19647645,10188348,"BND","transcript_end/]M]N",-1,NA
"bnd","bnd127b","2L",10188348,19647645,"BND","exon_start/N[M[",-1,NA
"bnd","bnd128a","2R",17866319,4988848,"BND","transcript_start/]M]N",-1,NA
"bnd","bnd128b","2L",4988848,17866319,"BND","exon_end/N[M[",1,NA
"bnd","bnd129a","3L",5674999,25071677,"BND","exon_mid/]M]N",1,NA
"bnd","bnd129b","3R",25071677,5674999,"BND","after_exon_end/N[M[",1,NA
"bnd","bnd12a","3R",4594137,19133815,"BND","exon_start/[M[N",1,NA
"bnd","bnd12b","2L",19133815,4594137,"BND","before_exon_start/[M[N",1,NA
"bnd","bnd130a","4",369810,4648242,"BND","exon_start/N[M[",1,NA
"bnd","bnd130b","3R",4648242,369810,"BND","transcript_end/]M]N",-1,NA
"bnd","bnd131a","2R",6323291,5604616,"BND","downstream_flank/N]M]",1,NA
"bnd","bnd131b","2R",5604616,6323291,"BND","exon_mid/N]M]",-1,NA
"bnd","bnd132a","X",2989050,4816026,"BND","upstream_flank/N]M]",1,NA
"bnd","bnd132b","3R",4816026,2989050,"BND","downstream_flank/N]M]",1,NA
"bnd","bnd133a","3R",705012,6557892,"BND","exon_end/N[M[",-1,NA
"bnd","bnd133b","2L",6557892,705012,"BND","exon_mid/]M]N",1,NA
"bnd","bnd134a","3L",7182688,3068177,"BND","after_exon_end/N[M[",-1,NA
"bnd","bnd134b","2L",3068177,7182688,"BND","transcript_end/]M]N",1,NA
"bnd","bnd135a","3R",20539399,24634624,"BND","before_exon_start/N[M[",-1,NA
"bnd","bnd135b","3R",24634624,20539399,"BND","before_exon_start/]M]N",-1,NA
"bnd","bnd136a","3R",12497907,20731773,"BND","exon_mid/N[M[",-1,NA
"bnd","bnd136b","3R",20731773,12497907,"BND","exon_start/]M]N",1,NA
"bnd","bnd137a","3R",24256302,974219,"BND","after_exon_end/[M[N",-1,NA
"bnd","bnd137b","3L",974219,24256302,"BND","exon_mid/[M[N",1,NA
"bnd","bnd138a","X",2620310,15765675,"BND","cds_start/N[M[",1,NA
"bnd","bnd138b","2L",15765675,2620310,"BND","exon_start/]M]N",1,NA
"bnd","bnd139a","3L",980192,21052242,"BND","after_exon_end/]M]N",1,NA
"bnd","bnd139b","3R",21052242,980192,"BND","exon_end/N[M[",-1,NA
"bnd","bnd13a","2R",8135087,8881301,"BND","transcript_end/]M]N",-1,NA
"bnd","bnd13b","3R",8881301,8135087,"BND","exon_mid/N[M[",-1,NA
"bnd","bnd140a","3R",16949724,2745383,"BND","transcript_mid/N[M[",-1,NA
"bnd","bnd140b","2L",2745383,16949724,"BND","exon_mid/]M]N",1,NA
"bnd","bnd141a","3R",5299574,7381869,"BND","after_exon_end/]M]N",-1,NA
"bnd","bnd141b","2R",7381869,5299574,"BND","exon_end/N[M[",-1,NA
"bnd","bnd142a","2R",15953221,20735090,"BND","after_exon_end/N[M[",-1,NA
"bnd","bnd142b","2L",20735090,15953221,"BND","exon_end/]M]N",1,NA
"bnd","bnd143a","2R",7332381,7391722,"BND","after_exon_end/]M]N",-1,NA
"bnd","bnd143b","2L",7391722,7332381,"BND","exon_mid/N[M[",-1,NA
"bnd","bnd144a","2L",12739228,7348975,"BND","upstream_flank/N[M[",-1,NA
"bnd","bnd144b","2R",7348975,12739228,"BND","exon_end/]M]N",-1,NA
"bnd","bnd145a","3R",11505526,21573307,"BND","exon_end/N]M]",1,NA
"bnd","bnd145b","3L",21573307,11505526,"BND","exon_end/N]M]",1,NA
"bnd","bnd146a","Y",2851604,6458302,"BND","upstream_flank/]M]N",1,NA
"bnd","bnd146b","3R",6458302,2851604,"BND","after_exon_end/N[M[",1,NA
"bnd","bnd147a","2R",23422636,29927526,"BND","exon_start/[M[N",-1,NA
"bnd","bnd147b","3R",29927526,23422636,"BND","exon_mid/[M[N",1,NA
"bnd","bnd148a","2L",2308761,20045367,"BND","transcript_start/N]M]",-1,NA
"bnd","bnd148b","3R",20045367,2308761,"BND","exon_end/N]M]",1,NA
"bnd","bnd149a","2R",13870697,13864237,"BND","after_exon_end/[M[N",-1,NA
"bnd","bnd149b","2R",13864237,13870697,"BND","exon_start/[M[N",-1,NA
"bnd","bnd14a","3L",13118077,12197255,"BND","exon_end/]M]N",1,NA
"bnd","bnd14b","X",12197255,13118077,"BND","exon_end/N[M[",1,NA
"bnd","bnd150a","2L",10888927,12079603,"BND","transcript_end/N]M]",-1,NA
"bnd","bnd150b","2L",12079603,10888927,"BND","upstream_flank/N]M]",1,NA
"bnd","bnd151a","3L",20497085,20536132,"BND","after_exon_end/[M[N",1,NA
"bnd","bnd151b","3L",20536132,20497085,"BND","transcript_end/[M[N",1,NA
"bnd","bnd152a","3R",12676005,7838696,"BND","cds_end/[M[N",1,NA
"bnd","bnd152b","X",7838696,12676005,"BND","before_exon_start/[M[N",1,NA
"bnd","bnd153a","X",9317914,22018717,"BND","upstream_flank/N]M]",-1,NA
"bnd","bnd153b","3R",22018717,9317914,"BND","after_exon_end/N]M]",-1,NA
"bnd","bnd154a","2R",24016704,8546049,"BND","exon_start/[M[N",-1,NA
"bnd","bnd154b","3R",8546049,24016704,"BND","exon_end/[M[N",1,NA
"bnd","bnd155a","3L",22876343,7861139,"BND","transcript_mid/]M]N",-1,NA
"bnd","bnd155b","3R",7861139,22876343,"BND","exon_start/N[M[",-1,NA
"bnd","bnd156a","3R",6359022,8105267,"BND","exon_end/[M[N",1,NA
"bnd","bnd156b","X",8105267,6359022,"BND","before_exon_start/[M[N",-1,NA
"bnd","bnd157a","2L",21582872,819885,"BND","transcript_mid/N[M[",1,NA
"bnd","bnd157b","X",819885,21582872,"BND","exon_mid/]M]N",-1,NA
"bnd","bnd158a","3L",21835983,31810460,"BND","exon_start/N]M]",1,NA
"bnd","bnd158b","3R",31810460,21835983,"BND","exon_start/N]M]",-1,NA
"bnd","bnd159a","3L",16100305,17067137,"BND","cds_start/N]M]",1,NA
"bnd","bnd159b","3L",17067137,16100305,"BND","exon_start/N]M]",-1,NA
"bnd","bnd15a","2R",9178545,29471854,"BND","after_exon_end/N]M]",-1,NA
"bnd","bnd15b","3R",29471854,9178545,"BND","exon_end/N]M]",1,NA
"bnd","bnd160a","3R",22303180,2261175,"BND","exon_end/N]M]",1,NA
"bnd","bnd160b","X",2261175,22303180,"BND","transcript_mid/N]M]",-1,NA
"bnd","bnd161a","X",2674597,9700380,"BND","exon_start/N]M]",1,NA
"bnd","bnd161b","2L",9700380,2674597,"BND","cds_end/N]M]",1,NA
"bnd","bnd162a","2R",21669471,11949838,"BND","cds_end/N[M[",-1,NA
"bnd","bnd162b","3L",11949838,21669471,"BND","upstream_flank/]M]N",1,NA
"bnd","bnd163a","2R",5353601,9664245,"BND","transcript_mid/N]M]",-1,NA
"bnd","bnd163b","3L",9664245,5353601,"BND","after_exon_end/N]M]",-1,NA
"bnd","bnd164a","3R",16370331,21188117,"BND","cds_end/]M]N",-1,NA
"bnd","bnd164b","2R",21188117,16370331,"BND","transcript_mid/N[M[",1,NA
"bnd","bnd165a","X",3668704,3522212,"BND","cds_end/]M]N",1,NA
"bnd","bnd165b","X",3522212,3668704,"BND","exon_start/N[M[",-1,NA
"bnd","bnd166a","X",6881581,13895255,"BND","after_exon_end/]M]N",1,NA
"bnd","bnd166b","2L",13895255,6881581,"BND","exon_start/N[M[",1,NA
"bnd","bnd167a","2L",11844013,2781517,"BND","downstream_flank/[M[N",1,NA
"bnd","bnd167b","3R",2781517,11844013,"BND","exon_end/[M[N",-1,NA
"bnd","bnd168a","2R",15691053,24063837,"BND","upstream_flank/[M[N",-1,NA
"bnd","bnd168b","3R",24063837,15691053,"BND","exon_start/[M[N",-1,NA
"bnd","bnd169a","X",2023822,24969171,"BND","transcript_start/[M[N",-1,NA
"bnd","bnd169b","2R",24969171,2023822,"BND","exon_mid/[M[N",-1,NA
"bnd","bnd16a","2L",8262139,19434436,"BND","exon_start/]M]N",-1,NA
"bnd","bnd16b","2R",19434436,8262139,"BND","exon_mid/N[M[",-1,NA
"bnd","bnd170a","2R",6178620,15632450,"BND","transcript_mid/[M[N",-1,NA
"bnd","bnd170b","3L",15632450,6178620,"BND","cds_end/[M[N",-1,NA
"bnd","bnd171a","3L",27857318,12032868,"BND","transcript_mid/N]M]",-1,NA
"bnd","bnd171b","3L",12032868,27857318,"BND","cds_end/N]M]",1,NA
"bnd","bnd172a","2R",20662427,2046534,"BND","cds_end/[M[N",1,NA
"bnd","bnd172b","3L",2046534,20662427,"BND","after_exon_end/[M[N",-1,NA
"bnd","bnd173a","2L",2989593,22284336,"BND","upstream_flank/N[M[",-1,NA
"bnd","bnd173b","3L",22284336,2989593,"BND","downstream_flank/]M]N",1,NA
"bnd","bnd174a","2L",7801511,20499285,"BND","cds_end/]M]N",1,NA
"bnd","bnd174b","3L",20499285,7801511,"BND","transcript_end/N[M[",1,NA
"bnd","bnd175a","2R",14622369,17643248,"BND","transcript_mid/N]M]",1,NA
"bnd","bnd175b","X",17643248,14622369,"BND","after_exon_end/N]M]",-1,NA
"bnd","bnd176a","2R",17700741,15176434,"BND","exon_start/N]M]",1,NA
"bnd","bnd176b","3R",15176434,17700741,"BND","after_exon_end/N]M]",-1,NA
"bnd","bnd177a","3L",4322491,21519555,"BND","transcript_start/[M[N",-1,NA
"bnd","bnd177b","2L",21519555,4322491,"BND","before_exon_start/[M[N",-1,NA
"bnd","bnd178a","2L",8239879,11161719,"BND","downstream_flank/N]M]",-1,NA
"bnd","bnd178b","X",11161719,8239879,"BND","after_exon_end/N]M]",1,NA
"bnd","bnd179a","2R",19712932,10241640,"BND","transcript_end/N[M[",1,NA
"bnd","bnd179b","3R",10241640,19712932,"BND","exon_mid/]M]N",1,NA
"bnd","bnd17a","X",15655713,2481646,"BND","downstream_flank/[M[N",-1,NA
"bnd","bnd17b","X",2481646,15655713,"BND","exon_mid/[M[N",-1,NA
"bnd","bnd180a","3R",5787469,18642314,"BND","cds_start/]M]N",-1,NA
"bnd","bnd180b","2R",18642314,5787469,"BND","exon_end/N[M[",-1,NA
"bnd","bnd181a","3L",5813690,15796718,"BND","upstream_flank/[M[N",-1,NA
"bnd","bnd181b","X",15796718,5813690,"BND","after_exon_end/[M[N",1,NA
"bnd","bnd182a","X",2019568,17068471,"BND","exon_start/N[M[",1,NA
"bnd","bnd182b","3R",17068471,2019568,"BND","exon_start/]M]N",1,NA
"bnd","bnd183a","2L",9774466,460734,"BND","exon_mid/]M]N",-1,NA
"bnd","bnd183b","4",460734,9774466,"BND","exon_mid/N[M[",1,NA
"bnd","bnd184a","3R",10811703,19063164,"BND","downstream_flank/N]M]",1,NA
"bnd","bnd184b","3L",19063164,10811703,"BND","before_exon_start/N]M]",1,NA
"bnd","bnd185a","2R",19286598,15824276,"BND","cds_end/]M]N",-1,NA
"bnd","bnd185b","X",15824276,19286598,"BND","exon_end/N[M[",1,NA
"bnd","bnd186a","2L",15202329,19869409,"BND","after_exon_end/]M]N",1,NA
"bnd","bnd186b","3R",19869409,15202329,"BND","before_exon_start/N[M[",-1,NA
"bnd","bnd187a","3L",21746533,7395529,"BND","cds_start/]M]N",-1,NA
"bnd","bnd187b","2L",7395529,21746533,"BND","exon_start/N[M[",-1,NA
"bnd","bnd188a","3R",30495915,10221552,"BND","before_exon_start/N]M]",-1,NA
"bnd","bnd188b","3L",10221552,30495915,"BND","exon_end/N]M]",-1,NA
"bnd","bnd189a","2R",24938461,7665082,"BND","cds_start/]M]N",1,NA
"bnd","bnd189b","2R",7665082,24938461,"BND","exon_mid/N[M[",1,NA
"bnd","bnd18a","2R",7332260,17218755,"BND","before_exon_start/[M[N",-1,NA
"bnd","bnd18b","3R",17218755,7332260,"BND","after_exon_end/[M[N",-1,NA
"bnd","bnd190a","X",7500913,22997785,"BND","transcript_mid/]M]N",1,NA
"bnd","bnd190b","3R",22997785,7500913,"BND","transcript_end/N[M[",1,NA
"bnd","bnd191a","2R",24170417,3718335,"BND","transcript_mid/]M]N",1,NA
"bnd","bnd191b","2L",3718335,24170417,"BND","exon_mid/N[M[",1,NA
"bnd","bnd192a","X",751169,31725163,"BND","cds_end/N]M]",-1,NA
"bnd","bnd192b","3R",31725163,751169,"BND","exon_mid/N]M]",1,NA
"bnd","bnd193a","3R",21127485,11221932,"BND","transcript_end/N]M]",-1,NA
"bnd","bnd193b","3R",11221932,21127485,"BND","exon_end/N]M]",1,NA
"bnd","bnd194a","2L",14020209,3212462,"BND","downstream_flank/N[M[",-1,NA
"bnd","bnd194b","Y",3212462,14020209,"BND","transcript_mid/]M]N",1,NA
"bnd","bnd195a","2L",14010564,16016672,"BND","before_exon_start/N]M]",-1,NA
"bnd","bnd195b","2R",16016672,14010564,"BND","after_exon_end/N]M]",-1,NA
"bnd","bnd196a","2L",8032258,15935892,"BND","cds_start/]M]N",1,NA
"bnd","bnd196b","2R",15935892,8032258,"BND","before_exon_start/N[M[",-1,NA
"bnd","bnd197a","X",9030204,4675092,"BND","upstream_flank/[M[N",1,NA
"bnd","bnd197b","3L",4675092,9030204,"BND","exon_mid/[M[N",-1,NA
"bnd","bnd198a","3R",6371025,27165991,"BND","upstream_flank/N]M]",-1,NA
"bnd","bnd198b","3R",27165991,6371025,"BND","exon_mid/N]M]",1,NA
"bnd","bnd199a","2L",11754139,15395107,"BND","cds_start/]M]N",-1,NA
"bnd","bnd199b","X",15395107,11754139,"BND","exon_end/N[M[",-1,NA
"bnd","bnd19a","3L",5535271,23318188,"BND","after_exon_end/N]M]",-1,NA
"bnd","bnd19b","2R",23318188,5535271,"BND","upstream_flank/N]M]",-1,NA
"bnd","bnd1a","X",15354854,3043045,"BND","exon_mid/[M[N",-1,NA
"bnd","bnd1b","3L",3043045,15354854,"BND","exon_start/[M[N",1,NA
"bnd","bnd200a","3L",13469156,1116079,"BND","cds_end/[M[N",-1,NA
"bnd","bnd200b","4",1116079,13469156,"BND","exon_end/[M[N",-1,NA
"bnd","bnd201a","3R",7039678,20797345,"BND","transcript_end/N[M[",1,NA
"bnd","bnd201b","3R",20797345,7039678,"BND","exon_start/]M]N",1,NA
"bnd","bnd202a","2R",12632379,9843218,"BND","downstream_flank/N[M[",-1,NA
"bnd","bnd202b","2R",9843218,12632379,"BND","transcript_start/]M]N",-1,NA
"bnd","bnd203a","3R",25273268,21457569,"BND","downstream_flank/]M]N",1,NA
"bnd","bnd203b","2L",21457569,25273268,"BND","transcript_mid/N[M[",-1,NA
"bnd","bnd204a","2L",210734,16176237,"BND","upstream_flank/]M]N",-1,NA
"bnd","bnd204b","2L",16176237,210734,"BND","after_exon_end/N[M[",1,NA
"bnd","bnd205a","X",9965977,16632767,"BND","transcript_mid/N[M[",1,NA
"bnd","bnd205b","X",16632767,9965977,"BND","before_exon_start/]M]N",-1,NA
"bnd","bnd206a","2L",19879,29042103,"BND","before_exon_start/N]M]",-1,NA
"bnd","bnd206b","3R",29042103,19879,"BND","after_exon_end/N]M]",1,NA
"bnd","bnd207a","2R",13529875,7852481,"BND","transcript_end/N[M[",-1,NA
"bnd","bnd207b","X",7852481,13529875,"BND","transcript_start/]M]N",-1,NA
"bnd","bnd208a","X",11724396,9505003,"BND","cds_start/N[M[",1,NA
"bnd","bnd208b","2R",9505003,11724396,"BND","before_exon_start/]M]N",1,NA
"bnd","bnd209a","4",725355,11628251,"BND","upstream_flank/N]M]",1,NA
"bnd","bnd209b","3L",11628251,725355,"BND","after_exon_end/N]M]",1,NA
"bnd","bnd20a","3L",8570520,22151627,"BND","exon_mid/[M[N",1,NA
"bnd","bnd20b","2L",22151627,8570520,"BND","exon_end/[M[N",1,NA
"bnd","bnd210a","X",19485424,31969756,"BND","downstream_flank/]M]N",-1,NA
"bnd","bnd210b","3R",31969756,19485424,"BND","exon_start/N[M[",-1,NA
"bnd","bnd211a","3R",25048063,19081491,"BND","cds_start/N]M]",1,NA
"bnd","bnd211b","2L",19081491,25048063,"BND","before_exon_start/N]M]",-1,NA
"bnd","bnd212a","X",18780681,6948110,"BND","cds_start/[M[N",1,NA
"bnd","bnd212b","3L",6948110,18780681,"BND","after_exon_end/[M[N",1,NA
"bnd","bnd213a","2R",5208462,22986654,"BND","upstream_flank/]M]N",1,NA
"bnd","bnd213b","3R",22986654,5208462,"BND","exon_mid/N[M[",-1,NA
"bnd","bnd214a","X",19561291,10418194,"BND","transcript_start/N]M]",1,NA
"bnd","bnd214b","2L",10418194,19561291,"BND","after_exon_end/N]M]",1,NA
"bnd","bnd215a","2R",7319554,15797604,"BND","transcript_start/N]M]",-1,NA
"bnd","bnd215b","X",15797604,7319554,"BND","after_exon_end/N]M]",-1,NA
"bnd","bnd216a","X",22163681,19964044,"BND","cds_end/[M[N",1,NA
"bnd","bnd216b","2L",19964044,22163681,"BND","upstream_flank/[M[N",-1,NA
"bnd","bnd217a","3R",11220892,19637400,"BND","transcript_mid/N[M[",-1,NA
"bnd","bnd217b","2R",19637400,11220892,"BND","exon_end/]M]N",1,NA
"bnd","bnd218a","3R",18274698,6578952,"BND","transcript_start/N[M[",1,NA
"bnd","bnd218b","2L",6578952,18274698,"BND","exon_mid/]M]N",-1,NA
"bnd","bnd219a","2L",16721288,18987343,"BND","transcript_mid/[M[N",1,NA
"bnd","bnd219b","2R",18987343,16721288,"BND","upstream_flank/[M[N",1,NA
"bnd","bnd21a","4",575645,13834802,"BND","exon_end/]M]N",1,NA
"bnd","bnd21b","2L",13834802,575645,"BND","exon_mid/N[M[",-1,NA
"bnd","bnd220a","3L",21285437,4327170,"BND","downstream_flank/N[M[",-1,NA
"bnd","bnd220b","3L",4327170,21285437,"BND","exon_end/]M]N",-1,NA
"bnd","bnd221a","X",9025808,19169189,"BND","transcript_end/N]M]",1,NA
"bnd","bnd221b","X",19169189,9025808,"BND","transcript_mid/N]M]",-1,NA
"bnd","bnd222a","2R",14240030,16722928,"BND","cds_start/N[M[",1,NA
"bnd","bnd222b","X",16722928,14240030,"BND","exon_end/]M]N",1,NA
"bnd","bnd223a","2L",3279363,863073,"BND","cds_end/N]M]",-1,NA
"bnd","bnd223b","X",863073,3279363,"BND","cds_end/N]M]",1,NA
"bnd","bnd224a","3R",11305609,15966849,"BND","downstream_flank/]M]N",-1,NA
"bnd","bnd224b","X",15966849,11305609,"BND","exon_mid/N[M[",-1,NA
"bnd","bnd225a","2L",1167211,21353209,"BND","transcript_end/[M[N",1,NA
"bnd","bnd225b","X",21353209,1167211,"BND","exon_mid/[M[N",1,NA
"bnd","bnd226a","2L",2236347,7535196,"BND","transcript_start/N]M]",1,NA
"bnd","bnd226b","3L",7535196,2236347,"BND","exon_start/N]M]",1,NA
"bnd","bnd227a","2R",10118102,15422896,"BND","cds_start/[M[N",1,NA
"bnd","bnd227b","2R",15422896,10118102,"BND","exon_end/[M[N",1,NA
"bnd","bnd228a","3R",17438968,4767978,"BND","transcript_start/]M]N",-1,NA
"bnd","bnd228b","3R",4767978,17438968,"BND","before_exon_start/N[M[",-1,NA
"bnd","bnd229a","X",14906334,21638117,"BND","transcript_start/]M]N",-1,NA
"bnd","bnd229b","2L",21638117,14906334,"BND","after_exon_end/N[M[",1,NA
"bnd","bnd22a","2R",21629629,21715511,"BND","after_exon_end/N[M[",1,NA
"bnd","bnd22b","2R",21715511,21629629,"BND","exon_mid/]M]N",1,NA
"bnd","bnd230a","3L",3148902,20816040,"BND","transcript_start/[M[N",1,NA
"bnd","bnd230b","3L",20816040,3148902,"BND","downstream_flank/[M[N",-1,NA
"bnd","bnd231a","3L",20966714,13315022,"BND","cds_end/N[M[",-1,NA
"bnd","bnd231b","X",13315022,20966714,"BND","transcript_start/]M]N",1,NA
"bnd","bnd232a","2R",19139203,24894345,"BND","transcript_mid/N[M[",1,NA
"bnd","bnd232b","2R",24894345,19139203,"BND","exon_mid/]M]N",1,NA
"bnd","bnd233a","X",13004150,8135011,"BND","cds_start/N[M[",-1,NA
"bnd","bnd233b","2R",8135011,13004150,"BND","cds_end/]M]N",-1,NA
"bnd","bnd234a","X",20365385,21389936,"BND","downstream_flank/N]M]",1,NA
"bnd","bnd234b","X",21389936,20365385,"BND","before_exon_start/N]M]",1,NA
"bnd","bnd235a","2R",15562224,15765243,"BND","cds_end/N]M]",1,NA
"bnd","bnd235b","2L",15765243,15562224,"BND","transcript_mid/N]M]",1,NA
"bnd","bnd236a","2R",7988532,7861070,"BND","transcript_start/[M[N",1,NA
"bnd","bnd236b","2R",7861070,7988532,"BND","cds_end/[M[N",-1,NA
"bnd","bnd237a","2L",3989420,7175424,"BND","cds_end/N]M]",-1,NA
"bnd","bnd237b","3L",7175424,3989420,"BND","before_exon_start/N]M]",-1,NA
"bnd","bnd238a","X",20228719,25062620,"BND","cds_start/N]M]",-1,NA
"bnd","bnd238b","3R",25062620,20228719,"BND","exon_end/N]M]",1,NA
"bnd","bnd239a","2R",7592669,2076630,"BND","transcript_end/N[M[",1,NA
"bnd","bnd239b","3L",2076630,7592669,"BND","exon_start/]M]N",-1,NA
"bnd","bnd23a","2L",18806205,876239,"BND","exon_end/[M[N",-1,NA
"bnd","bnd23b","4",876239,18806205,"BND","exon_end/[M[N",-1,NA
"bnd","bnd240a","3R",9818913,20839216,"BND","upstream_flank/N[M[",-1,NA
"bnd","bnd240b","3R",20839216,9818913,"BND","after_exon_end/]M]N",1,NA
"bnd","bnd241a","2R",4575771,15556015,"BND","downstream_flank/]M]N",1,NA
"bnd","bnd241b","2R",15556015,4575771,"BND","after_exon_end/N[M[",1,NA
"bnd","bnd242a","3L",3299112,14783110,"BND","upstream_flank/[M[N",1,NA
"bnd","bnd242b","2L",14783110,3299112,"BND","exon_end/[M[N",-1,NA
"bnd","bnd243a","3L",16051958,21557183,"BND","upstream_flank/]M]N",1,NA
"bnd","bnd243b","3R",21557183,16051958,"BND","after_exon_end/N[M[",-1,NA
"bnd","bnd244a","3L",11592450,23376134,"BND","upstream_flank/N]M]",-1,NA
"bnd","bnd244b","2R",23376134,11592450,"BND","exon_mid/N]M]",-1,NA
"bnd","bnd245a","X",20383823,8186738,"BND","transcript_mid/[M[N",-1,NA
"bnd","bnd245b","2L",8186738,20383823,"BND","exon_start/[M[N",1,NA
"bnd","bnd246a","3R",13025472,17075989,"BND","cds_end/N]M]",1,NA
"bnd","bnd246b","X",17075989,13025472,"BND","exon_end/N]M]",-1,NA
"bnd","bnd247a","3L",22283424,16522065,"BND","downstream_flank/N[M[",1,NA
"bnd","bnd247b","X",16522065,22283424,"BND","exon_start/]M]N",-1,NA
"bnd","bnd248a","3R",7141972,5791583,"BND","transcript_end/N]M]",1,NA
"bnd","bnd248b","2R",5791583,7141972,"BND","after_exon_end/N]M]",-1,NA
"bnd","bnd249a","3R",14327291,21629885,"BND","cds_start/[M[N",1,NA
"bnd","bnd249b","2L",21629885,14327291,"BND","exon_start/[M[N",-1,NA
"bnd","bnd24a","2R",8891832,10698976,"BND","exon_start/[M[N",1,NA
"bnd","bnd24b","3R",10698976,8891832,"BND","transcript_end/[M[N",1,NA
"bnd","bnd250a","2R",12585711,21141177,"BND","cds_end/N[M[",-1,NA
"bnd","bnd250b","2L",21141177,12585711,"BND","before_exon_start/]M]N",-1,NA
"bnd","bnd251a","X",23011319,13690387,"BND","upstream_flank/]M]N",-1,NA
"bnd","bnd251b","3R",13690387,23011319,"BND","after_exon_end/N[M[",1,NA
"bnd","bnd252a","2R",5418048,18192564,"BND","upstream_flank/]M]N",-1,NA
"bnd","bnd252b","X",18192564,5418048,"BND","after_exon_end/N[M[",1,NA
"bnd","bnd253a","2R",15539094,7361717,"BND","transcript_mid/N]M]",1,NA
"bnd","bnd253b","2R",7361717,15539094,"BND","before_exon_start/N]M]",-1,NA
"bnd","bnd254a","3L",1665137,20690143,"BND","upstream_flank/[M[N",1,NA
"bnd","bnd254b","2L",20690143,1665137,"BND","exon_start/[M[N",-1,NA
"bnd","bnd255a","2R",5005198,11398183,"BND","upstream_flank/N[M[",1,NA
"bnd","bnd255b","X",11398183,5005198,"BND","exon_end/]M]N",1,NA
"bnd","bnd256a","2R",15322501,21036470,"BND","transcript_start/N]M]",1,NA
"bnd","bnd256b","X",21036470,15322501,"BND","exon_end/N]M]",1,NA
"bnd","bnd257a","X",20239854,17850342,"BND","upstream_flank/N]M]",1,NA
"bnd","bnd257b","X",17850342,20239854,"BND","transcript_end/N]M]",-1,NA
"bnd","bnd258a","3L",20841987,6062579,"BND","transcript_start/N[M[",1,NA
"bnd","bnd258b","2R",6062579,20841987,"BND","before_exon_start/]M]N",1,NA
"bnd","bnd259a","3R",23980994,18254374,"BND","transcript_end/[M[N",1,NA
"bnd","bnd259b","3R",18254374,23980994,"BND","before_exon_start/[M[N",-1,NA
"bnd","bnd25a","2R",21717803,21994893,"BND","before_exon_start/N]M]",1,NA
"bnd","bnd25b","2R",21994893,21717803,"BND","exon_end/N]M]",-1,NA
"bnd","bnd260a","2R",19243752,18888978,"BND","downstream_flank/]M]N",1,NA
"bnd","bnd260b","X",18888978,19243752,"BND","transcript_start/N[M[",-1,NA
"bnd","bnd261a","2L",7976190,20908264,"BND","cds_end/[M[N",-1,NA
"bnd","bnd261b","3R",20908264,7976190,"BND","downstream_flank/[M[N",1,NA
"bnd","bnd262a","3L",10696644,7995755,"BND","cds_end/]M]N",-1,NA
"bnd","bnd262b","2L",7995755,10696644,"BND","before_exon_start/N[M[",-1,NA
"bnd","bnd263a","2L",2992972,16505970,"BND","upstream_flank/N[M[",1,NA
"bnd","bnd263b","X",16505970,2992972,"BND","before_exon_start/]M]N",-1,NA
"bnd","bnd264a","X",21520106,18776775,"BND","transcript_start/N[M[",1,NA
"bnd","bnd264b","3L",18776775,21520106,"BND","transcript_mid/]M]N",-1,NA
"bnd","bnd265a","3L",17548149,10295320,"BND","cds_start/[M[N",-1,NA
"bnd","bnd265b","3R",10295320,17548149,"BND","before_exon_start/[M[N",1,NA
"bnd","bnd266a","2L",14234108,16484742,"BND","transcript_end/[M[N",-1,NA
"bnd","bnd266b","2L",16484742,14234108,"BND","cds_end/[M[N",-1,NA
"bnd","bnd267a","X",16299989,17361487,"BND","transcript_mid/[M[N",1,NA
"bnd","bnd267b","2R",17361487,16299989,"BND","downstream_flank/[M[N",1,NA
"bnd","bnd268a","2L",15856450,6722830,"BND","transcript_end/[M[N",1,NA
"bnd","bnd268b","2R",6722830,15856450,"BND","exon_mid/[M[N",-1,NA
"bnd","bnd269a","2R",10782870,20815971,"BND","downstream_flank/N]M]",-1,NA
"bnd","bnd269b","3L",20815971,10782870,"BND","exon_mid/N]M]",-1,NA
"bnd","bnd26a","3L",4446195,11586944,"BND","exon_mid/[M[N",-1,NA
"bnd","bnd26b","X",11586944,4446195,"BND","transcript_end/[M[N",1,NA
"bnd","bnd270a","3L",18114467,19389764,"BND","transcript_mid/[M[N",1,NA
"bnd","bnd270b","2L",19389764,18114467,"BND","before_exon_start/[M[N",-1,NA
"bnd","bnd271a","2L",10297856,3363636,"BND","transcript_mid/[M[N",-1,NA
"bnd","bnd271b","2L",3363636,10297856,"BND","exon_mid/[M[N",-1,NA
"bnd","bnd272a","2R",5132472,13042482,"BND","transcript_end/N]M]",1,NA
"bnd","bnd272b","3R",13042482,5132472,"BND","exon_mid/N]M]",1,NA
"bnd","bnd273a","2R",3364402,16842828,"BND","transcript_end/[M[N",-1,NA
"bnd","bnd273b","X",16842828,3364402,"BND","exon_end/[M[N",-1,NA
"bnd","bnd274a","X",17070353,15653363,"BND","cds_start/[M[N",-1,NA
"bnd","bnd274b","X",15653363,17070353,"BND","before_exon_start/[M[N",-1,NA
"bnd","bnd275a","2L",14875114,22372746,"BND","transcript_start/N[M[",-1,NA
"bnd","bnd275b","3R",22372746,14875114,"BND","exon_end/]M]N",1,NA
"bnd","bnd276a","3R",14725159,15558698,"BND","cds_start/N]M]",-1,NA
"bnd","bnd276b","3L",15558698,14725159,"BND","exon_mid/N]M]",1,NA
"bnd","bnd277a","2R",15204106,2575726,"BND","cds_end/N]M]",1,NA
"bnd","bnd277b","Y",2575726,15204106,"BND","exon_start/N]M]",-1,NA
"bnd","bnd278a","2R",10526680,15711,"BND","cds_start/N]M]",-1,NA
"bnd","bnd278b","2L",15711,10526680,"BND","exon_end/N]M]",-1,NA
"bnd","bnd279a","4",453199,16103465,"BND","cds_end/N[M[",1,NA
"bnd","bnd279b","2R",16103465,453199,"BND","before_exon_start/]M]N",1,NA
"bnd","bnd27a","2L",9591315,20311219,"BND","before_exon_start/[M[N",1,NA
"bnd","bnd27b","2L",20311219,9591315,"BND","exon_start/[M[N",1,NA
"bnd","bnd280a","X",2471152,6755072,"BND","cds_start/N[M[",-1,NA
"bnd","bnd280b","3L",6755072,2471152,"BND","before_exon_start/]M]N",-1,NA
"bnd","bnd281a","3R",11634820,15016965,"BND","cds_start/N[M[",-1,NA
"bnd","bnd281b","3L",15016965,11634820,"BND","exon_end/]M]N",-1,NA
"bnd","bnd282a","2L",2767846,5861362,"BND","downstream_flank/N]M]",-1,NA
"bnd","bnd282b","2L",5861362,2767846,"BND","after_exon_end/N]M]",-1,NA
"bnd","bnd283a","2R",4720355,5599559,"BND","transcript_start/N[M[",-1,NA
"bnd","bnd283b","3L",5599559,4720355,"BND","exon_end/]M]N",-1,NA
"bnd","bnd284a","2L",2767845,15936693,"BND","transcript_end/N[M[",-1,NA
"bnd","bnd284b","2R",15936693,2767845,"BND","upstream_flank/]M]N",-1,NA
"bnd","bnd285a","2L",21715375,15661528,"BND","transcript_end/N[M[",-1,NA
"bnd","bnd285b","3L",15661528,21715375,"BND","transcript_mid/]M]N",1,NA
"bnd","bnd286a","3R",20537409,8262401,"BND","cds_start/[M[N",-1,NA
"bnd","bnd286b","2L",8262401,20537409,"BND","exon_end/[M[N",-1,NA
"bnd","bnd287a","3R",10848479,14236723,"BND","cds_end/N[M[",1,NA
"bnd","bnd287b","3L",14236723,10848479,"BND","before_exon_start/]M]N",1,NA
"bnd","bnd28a","3L",7035743,24236271,"BND","before_exon_start/N[M[",1,NA
"bnd","bnd28b","3R",24236271,7035743,"BND","after_exon_end/]M]N",1,NA
"bnd","bnd29a","X",10814093,15073391,"BND","exon_end/[M[N",-1,NA
"bnd","bnd29b","X",15073391,10814093,"BND","exon_end/[M[N",-1,NA
"bnd","bnd2a","2L",1743540,19740685,"BND","exon_end/N]M]",1,NA
"bnd","bnd2b","X",19740685,1743540,"BND","upstream_flank/N]M]",-1,NA
"bnd","bnd30a","X",15072876,26255432,"BND","exon_mid/[M[N",-1,NA
"bnd","bnd30b","3R",26255432,15072876,"BND","after_exon_end/[M[N",-1,NA
"bnd","bnd31a","3R",20319710,15732178,"BND","exon_end/]M]N",1,NA
"bnd","bnd31b","X",15732178,20319710,"BND","exon_start/N[M[",1,NA
"bnd","bnd32a","2R",17716494,5984119,"BND","after_exon_end/N[M[",-1,NA
"bnd","bnd32b","3L",5984119,17716494,"BND","upstream_flank/]M]N",-1,NA
"bnd","bnd33a","2R",19361556,19562691,"BND","exon_start/]M]N",1,NA
"bnd","bnd33b","X",19562691,19361556,"BND","before_exon_start/N[M[",-1,NA
"bnd","bnd34a","X",4546825,9351851,"BND","after_exon_end/N]M]",-1,NA
"bnd","bnd34b","3L",9351851,4546825,"BND","after_exon_end/N]M]",-1,NA
"bnd","bnd35a","3R",27257480,278401,"BND","exon_end/[M[N",-1,NA
"bnd","bnd35b","3L",278401,27257480,"BND","exon_start/[M[N",1,NA
"bnd","bnd36a","2R",16102608,15508563,"BND","exon_end/]M]N",-1,NA
"bnd","bnd36b","3R",15508563,16102608,"BND","after_exon_end/N[M[",-1,NA
"bnd","bnd37a","3R",12873131,9116078,"BND","transcript_start/[M[N",1,NA
"bnd","bnd37b","X",9116078,12873131,"BND","exon_end/[M[N",1,NA
"bnd","bnd38a","X",9884867,12482064,"BND","cds_end/]M]N",1,NA
"bnd","bnd38b","2R",12482064,9884867,"BND","transcript_mid/N[M[",-1,NA
"bnd","bnd39a","X",19144497,13301668,"BND","after_exon_end/[M[N",-1,NA
"bnd","bnd39b","2L",13301668,19144497,"BND","transcript_end/[M[N",1,NA
"bnd","bnd3a","2R",4749272,24119895,"BND","cds_start/N]M]",1,NA
"bnd","bnd3b","2R",24119895,4749272,"BND","before_exon_start/N]M]",1,NA
"bnd","bnd40a","2L",117173,3407684,"BND","before_exon_start/N[M[",-1,NA
"bnd","bnd40b","2L",3407684,117173,"BND","after_exon_end/]M]N",-1,NA
"bnd","bnd41a","3R",6898101,15828649,"BND","exon_mid/N]M]",-1,NA
"bnd","bnd41b","X",15828649,6898101,"BND","exon_end/N]M]",-1,NA
"bnd","bnd42a","2R",5070210,21325391,"BND","transcript_end/[M[N",-1,NA
"bnd","bnd42b","2R",21325391,5070210,"BND","before_exon_start/[M[N",1,NA
"bnd","bnd43a","3L",9785242,10458232,"BND","exon_start/[M[N",1,NA
"bnd","bnd43b","2R",10458232,9785242,"BND","exon_end/[M[N",-1,NA
"bnd","bnd44a","2R",17130335,5437691,"BND","downstream_flank/N[M[",1,NA
"bnd","bnd44b","2L",5437691,17130335,"BND","exon_mid/]M]N",-1,NA
"bnd","bnd45a","X",5341697,7734651,"BND","exon_end/[M[N",1,NA
"bnd","bnd45b","X",7734651,5341697,"BND","exon_end/[M[N",-1,NA
"bnd","bnd46a","2R",7520899,8401830,"BND","after_exon_end/N]M]",1,NA
"bnd","bnd46b","2L",8401830,7520899,"BND","before_exon_start/N]M]",-1,NA
"bnd","bnd47a","2L",2156792,16003642,"BND","exon_start/N[M[",-1,NA
"bnd","bnd47b","X",16003642,2156792,"BND","exon_end/]M]N",-1,NA
"bnd","bnd48a","X",14245247,7719996,"BND","before_exon_start/]M]N",1,NA
"bnd","bnd48b","2R",7719996,14245247,"BND","exon_end/N[M[",-1,NA
"bnd","bnd49a","3R",17533260,13465059,"BND","exon_start/]M]N",-1,NA
"bnd","bnd49b","3L",13465059,17533260,"BND","exon_start/N[M[",1,NA
"bnd","bnd4a","2R",6675027,16105182,"BND","upstream_flank/[M[N",-1,NA
"bnd","bnd4b","2R",16105182,6675027,"BND","exon_end/[M[N",1,NA
"bnd","bnd50a","3R",12073098,10151828,"BND","exon_start/[M[N",-1,NA
"bnd","bnd50b","3R",10151828,12073098,"BND","before_exon_start/[M[N",-1,NA
"bnd","bnd51a","3R",10706973,8652890,"BND","upstream_flank/N[M[",1,NA
"bnd","bnd51b","3R",8652890,10706973,"BND","after_exon_end/]M]N",1,NA
"bnd","bnd52a","3L",13356799,16466647,"BND","transcript_mid/N]M]",1,NA
"bnd","bnd52b","X",16466647,13356799,"BND","exon_mid/N]M]",-1,NA
"bnd","bnd53a","2R",15954832,5764795,"BND","before_exon_start/[M[N",-1,NA
"bnd","bnd53b","3L",5764795,15954832,"BND","exon_end/[M[N",-1,NA
"bnd","bnd54a","2R",5704285,1762107,"BND","before_exon_start/N[M[",1,NA
"bnd","bnd54b","2R",1762107,5704285,"BND","before_exon_start/]M]N",1,NA
"bnd","bnd55a","2R",22394015,19243124,"BND","transcript_end/]M]N",1,NA
"bnd","bnd55b","2R",19243124,22394015,"BND","exon_mid/N[M[",1,NA
"bnd","bnd56a","2L",19928622,10997596,"BND","before_exon_start/]M]N",1,NA
"bnd","bnd56b","2L",10997596,19928622,"BND","exon_mid/N[M[",1,NA
"bnd","bnd57a","3L",12790192,10399535,"BND","transcript_start/]M]N",1,NA
"bnd","bnd57b","2L",10399535,12790192,"BND","exon_end/N[M[",1,NA
"bnd","bnd58a","3L",7331232,12016778,"BND","after_exon_end/N[M[",1,NA
"bnd","bnd58b","X",12016778,7331232,"BND","before_exon_start/]M]N",1,NA
"bnd","bnd59a","X",4894617,12604319,"BND","before_exon_start/]M]N",1,NA
"bnd","bnd59b","X",12604319,4894617,"BND","before_exon_start/N[M[",1,NA
"bnd","bnd5a","3L",18831028,21682372,"BND","exon_end/N]M]",-1,NA
"bnd","bnd5b","2R",21682372,18831028,"BND","cds_start/N]M]",1,NA
"bnd","bnd60a","X",20011565,8430281,"BND","after_exon_end/]M]N",-1,NA
"bnd","bnd60b","2L",8430281,20011565,"BND","exon_start/N[M[",1,NA
"bnd","bnd61a","2L",8026849,21617432,"BND","exon_end/N[M[",1,NA
"bnd","bnd61b","2L",21617432,8026849,"BND","exon_end/]M]N",-1,NA
"bnd","bnd62a","3R",12471626,20552081,"BND","transcript_mid/]M]N",-1,NA
"bnd","bnd62b","3R",20552081,12471626,"BND","exon_start/N[M[",-1,NA
"bnd","bnd63a","2L",17401112,10795675,"BND","before_exon_start/N]M]",1,NA
"bnd","bnd63b","3R",10795675,17401112,"BND","exon_start/N]M]",-1,NA
"bnd","bnd64a","3R",13432399,18697887,"BND","exon_mid/N[M[",-1,NA
"bnd","bnd64b","3L",18697887,13432399,"BND","exon_mid/]M]N",-1,NA
"bnd","bnd65a","3R",16923231,6327309,"BND","transcript_end/N]M]",-1,NA
"bnd","bnd65b","3R",6327309,16923231,"BND","after_exon_end/N]M]",1,NA
"bnd","bnd66a","3R",18875821,16082027,"BND","exon_mid/[M[N",1,NA
"bnd","bnd66b","3L",16082027,18875821,"BND","downstream_flank/[M[N",1,NA
"bnd","bnd67a","3R",4780303,2417954,"BND","downstream_flank/]M]N",-1,NA
"bnd","bnd67b","3L",2417954,4780303,"BND","before_exon_start/N[M[",1,NA
"bnd","bnd68a","3L",7894814,15527630,"BND","transcript_end/]M]N",1,NA
"bnd","bnd68b","2R",15527630,7894814,"BND","exon_start/N[M[",-1,NA
"bnd","bnd69a","X",3338969,17483090,"BND","before_exon_start/[M[N",1,NA
"bnd","bnd69b","2L",17483090,3338969,"BND","exon_end/[M[N",-1,NA
"bnd","bnd6a","2R",7580228,2552230,"BND","before_exon_start/[M[N",1,NA
"bnd","bnd6b","2R",2552230,7580228,"BND","before_exon_start/[M[N",-1,NA
"bnd","bnd70a","2L",17914645,5767284,"BND","exon_mid/N]M]",-1,NA
"bnd","bnd70b","2R",5767284,17914645,"BND","before_exon_start/N]M]",1,NA
"bnd","bnd71a","3R",19506661,20233255,"BND","exon_mid/[M[N",1,NA
"bnd","bnd71b","3L",20233255,19506661,"BND","exon_end/[M[N",1,NA
"bnd","bnd72a","3L",20379080,1876591,"BND","after_exon_end/N]M]",1,NA
"bnd","bnd72b","2L",1876591,20379080,"BND","exon_end/N]M]",-1,NA
"bnd","bnd73a","2R",12657391,8246401,"BND","exon_end/N[M[",1,NA
"bnd","bnd73b","3R",8246401,12657391,"BND","after_exon_end/]M]N",1,NA
"bnd","bnd74a","3L",21875326,19262469,"BND","after_exon_end/[M[N",1,NA
"bnd","bnd74b","2L",19262469,21875326,"BND","upstream_flank/[M[N",1,NA
"bnd","bnd75a","2R",18155405,15509993,"BND","exon_start/N]M]",-1,NA
"bnd","bnd75b","X",15509993,18155405,"BND","exon_end/N]M]",1,NA
"bnd","bnd76a","2L",14062622,11390541,"BND","after_exon_end/N]M]",1,NA
"bnd","bnd76b","X",11390541,14062622,"BND","after_exon_end/N]M]",1,NA
"bnd","bnd77a","2R",8481407,25847238,"BND","exon_end/N[M[",-1,NA
"bnd","bnd77b","3R",25847238,8481407,"BND","before_exon_start/]M]N",-1,NA
"bnd","bnd78a","3R",15307980,7241539,"BND","transcript_end/]M]N",1,NA
"bnd","bnd78b","X",7241539,15307980,"BND","after_exon_end/N[M[",1,NA
"bnd","bnd79a","2R",17031124,23922327,"BND","before_exon_start/N]M]",1,NA
"bnd","bnd79b","2R",23922327,17031124,"BND","exon_end/N]M]",1,NA
"bnd","bnd7a","2L",5297486,9356325,"BND","exon_start/]M]N",-1,NA
"bnd","bnd7b","3R",9356325,5297486,"BND","exon_end/N[M[",1,NA
"bnd","bnd80a","X",9103445,15860027,"BND","exon_start/N]M]",-1,NA
"bnd","bnd80b","3L",15860027,9103445,"BND","after_exon_end/N]M]",-1,NA
"bnd","bnd81a","3L",2536211,17703334,"BND","cds_end/[M[N",-1,NA
"bnd","bnd81b","2R",17703334,2536211,"BND","upstream_flank/[M[N",-1,NA
"bnd","bnd82a","X",12019325,17221441,"BND","exon_end/[M[N",1,NA
"bnd","bnd82b","X",17221441,12019325,"BND","before_exon_start/[M[N",1,NA
"bnd","bnd83a","2R",21125002,8951216,"BND","exon_end/N]M]",-1,NA
"bnd","bnd83b","2L",8951216,21125002,"BND","transcript_end/N]M]",-1,NA
"bnd","bnd84a","2L",4526382,23266280,"BND","exon_mid/]M]N",-1,NA
"bnd","bnd84b","3R",23266280,4526382,"BND","exon_start/N[M[",-1,NA
"bnd","bnd85a","2L",3637050,27672869,"BND","downstream_flank/[M[N",-1,NA
"bnd","bnd85b","3R",27672869,3637050,"BND","exon_start/[M[N",1,NA
"bnd","bnd86a","3R",30571962,5238006,"BND","after_exon_end/N[M[",1,NA
"bnd","bnd86b","X",5238006,30571962,"BND","exon_end/]M]N",1,NA
"bnd","bnd87a","3R",20301378,11572398,"BND","downstream_flank/N[M[",1,NA
"bnd","bnd87b","X",11572398,20301378,"BND","cds_end/]M]N",-1,NA
"bnd","bnd88a","2L",2797832,12370235,"BND","exon_start/]M]N",1,NA
"bnd","bnd88b","3L",12370235,2797832,"BND","exon_start/N[M[",-1,NA
"bnd","bnd89a","2L",11835090,21104034,"BND","exon_start/N[M[",-1,NA
"bnd","bnd89b","2L",21104034,11835090,"BND","exon_start/]M]N",-1,NA
"bnd","bnd8a","2R",6131065,15187043,"BND","before_exon_start/]M]N",-1,NA
"bnd","bnd8b","3R",15187043,6131065,"BND","after_exon_end/N[M[",1,NA
"bnd","bnd90a","2R",17136325,9256378,"BND","exon_end/N[M[",1,NA
"bnd","bnd90b","2R",9256378,17136325,"BND","after_exon_end/]M]N",-1,NA
"bnd","bnd91a","X",6362088,19364799,"BND","before_exon_start/N[M[",-1,NA
"bnd","bnd91b","3L",19364799,6362088,"BND","after_exon_end/]M]N",-1,NA
"bnd","bnd92a","2L",15095729,29457569,"BND","cds_end/N[M[",1,NA
"bnd","bnd92b","3R",29457569,15095729,"BND","upstream_flank/]M]N",1,NA
"bnd","bnd93a","3R",15396310,7425928,"BND","exon_start/N[M[",1,NA
"bnd","bnd93b","2R",7425928,15396310,"BND","exon_mid/]M]N",1,NA
"bnd","bnd94a","2R",24663954,12312312,"BND","transcript_mid/]M]N",-1,NA
"bnd","bnd94b","2L",12312312,24663954,"BND","after_exon_end/N[M[",1,NA
"bnd","bnd95a","X",15687029,12402902,"BND","exon_start/N[M[",-1,NA
"bnd","bnd95b","3R",12402902,15687029,"BND","exon_end/]M]N",1,NA
"bnd","bnd96a","3R",27399071,543415,"BND","before_exon_start/[M[N",-1,NA
"bnd","bnd96b","2L",543415,27399071,"BND","before_exon_start/[M[N",-1,NA
"bnd","bnd97a","2R",11444583,23331016,"BND","exon_mid/N[M[",1,NA
"bnd","bnd97b","3L",23331016,11444583,"BND","after_exon_end/]M]N",-1,NA
"bnd","bnd98a","3R",23973454,21366762,"BND","exon_mid/N]M]",1,NA
"bnd","bnd98b","3R",21366762,23973454,"BND","after_exon_end/N]M]",1,NA
"bnd","bnd99a","3L",184072,22131956,"BND","exon_end/]M]N",-1,NA
"bnd","bnd99b","2L",22131956,184072,"BND","exon_end/N[M[",1,NA
"bnd","bnd9a","3L",22266242,12710309,"BND","transcript_mid/N]M]",-1,NA
"bnd","bnd9b","X",12710309,22266242,"BND","before_exon_start/N]M]",-1,NA
"sv","sv0","2L",26670,26771,"DEL","multi_exon",-1,18
"sv","sv1","2L",105453,105517,"DUP","multi_exon",-1,52
"sv","sv10","2L",850189,850848,"TDUP","transcript_left_cross",1,338
"sv","sv100","2L",8359961,8360208,"DUP","flank_left",-1,2848
"sv","sv1000","X",4914139,4914146,"DUP","cds_end_cross",1,35689
"sv","sv1001","X",5383370,5383383,"TDUP","exon_end_cross",1,35780
"sv","sv1002","X",5518115,5518148,"DEL","cds_end_cross",1,35816
"sv","sv1003","X",5703099,5703138,"DEL","cds_start_cross",1,35867
"sv","sv1004","X",5803062,5804905,"TDUP","transcript_left_cross",1,35910
"sv","sv1005","X",5913197,5913197,"INS","ins_cds_start",-1,35945
"sv","sv1006","X",6114309,6114309,"INS","ins_exon_interior",-1,35996
"sv","sv1007","X",6226719,6226805,"TDUP","multi_exon",1,36015
"sv","sv1008","X",6242281,6242359,"INV","multi_exon",-1,36023
"sv","sv1009","X",6817659,6817729,"DEL","multi_exon",1,36233
"sv","sv101","2L",8385097,8385097,"INS","ins_exon_end",1,2870
"sv","sv1010","X",6817809,6818926,"INV","transcript_right_cross",1,36233
"sv","sv1011","X",7079290,7079327,"DEL","cds_start_cross",-1,36307
"sv","sv1012","X",7106106,7106115,"DEL","cds_end_cross",1,36337
"sv","sv1013","X",7452814,7452889,"TDUP","multi_exon",-1,36392
"sv","sv1014","X",7893484,7893755,"DEL","multi_exon",-1,36470
"sv","sv1015","X",7905985,7906050,"DEL","multi_exon",-1,36480
"sv","sv1016","X",7957414,7957447,"TDUP","cds_start_cross",-1,36504
"sv","sv1017","X",7964147,7964215,"DUP","intron_interior",-1,36504
"sv","sv1018","X",8169416,8169495,"TDUP","multi_exon",-1,36571
"sv","sv1019","X",8210405,8210676,"TDUP","exon_interior",1,36584
"sv","sv102","2L",8406288,8406372,"INV","intron_interior",1,2898
"sv","sv1020","X",8399651,8399807,"TDUP","flank_right",-1,36616
"sv","sv1021","X",8429109,8429130,"TDUP","cds_end_cross",1,36627
"sv","sv1022","X",8489500,8489537,"TDUP","exon_end_cross",-1,36662
"sv","sv1023","X",8585920,8585982,"DEL","intron_interior",1,36704
"sv","sv1024","X",8873623,8898000,"DEL","transcript_exact",-1,36766
"sv","sv1025","X",9092643,9092920,"DUP","flank_right",1,36834
"sv","sv1026","X",9554996,9555209,"DUP","exon_exact",1,36960
"sv","sv1027","X",9621657,9621678,"INV","cds_end_cross",1,36983
"sv","sv1028","X",9672780,9672863,"DUP","multi_exon",-1,36997
"sv","sv1029","X",10154003,10154150,"TDUP","exon_exact",1,37099
"sv","sv103","2L",8505376,8505526,"INV","flank_left",-1,2940
"sv","sv1030","X",10217008,10217155,"DEL","flank_left",1,37125
"sv","sv1031","X",10227141,10227381,"DEL","flank_left",-1,37129
"sv","sv1032","X",10490818,10490818,"INS","ins_cds_start",-1,37201
"sv","sv1033","X",10510587,10510587,"INS","ins_exon_end",-1,37211
"sv","sv1034","X",10759298,10759695,"DEL","flank_right",-1,37245
"sv","sv1035","X",10780992,10780992,"INS","ins_before_exon",-1,37269
"sv","sv1036","X",10962075,10962104,"INV","exon_start_cross",1,37332
"sv","sv1037","X",11373147,11373814,"DUP","intron_interior",1,37449
"sv","sv1038","X",11397789,11397842,"DUP","exon_start_cross",1,37455
"sv","sv1039","X",11548899,11549063,"INV","flank_right",1,37499
"sv","sv104","2L",8712677,8713014,"DUP","exon_interior",-1,2998
"sv","sv1040","X",11579538,11579538,"INS","ins_intron",1,37519
"sv","sv1041","X",11711510,11711510,"INS","ins_cds_start",-1,37580
"sv","sv1042","X",11712608,11712608,"INS","ins_intron",-1,37581
"sv","sv1043","X",11727363,11731156,"INV","multi_exon",-1,37598
"sv","sv1044","X",11832924,11832924,"INS","ins_cds_end",1,37629
"sv","sv1045","X",11851610,11851651,"DUP","cds_start_cross",-1,37642
"sv","sv1046","X",11869170,11869339,"DUP","exon_exact",1,37649
"sv","sv1047","X",11879608,11879668,"DEL","intron_interior",-1,37659
"sv","sv1048","X",11950160,11952124,"DUP","intron_interior",-1,37688
"sv","sv1049","X",11973484,11973484,"INS","ins_exon_end",-1,37694
"sv","sv105","2L",8740248,8742543,"DUP","transcript_right_cross",-1,3000
"sv","sv1050","X",11980127,11980127,"INS","ins_exon_interior",-1,37703
"sv","sv1051","X",12455839,12457444,"TDUP","transcript_right_cross",1,37776
"sv","sv1052","X",12604262,12604315,"INV","intron_interior",1,37808
"sv","sv1053","X",12636895,12636938,"TDUP","exon_end_cross",1,37829
"sv","sv1054","X",12640661,12640696,"DUP","exon_start_cross",1,37826
"sv","sv1055","X",12706888,12708839,"DUP","exon_interior",1,37854
"sv","sv1056","X",12757009,12758120,"DUP","transcript_left_cross",-1,37868
"sv","sv1057","X",12952303,12952332,"DUP","exon_start_cross",-1,37912
"sv","sv1058","X",13125386,13125695,"DUP","flank_left",1,37957
"sv","sv1059","X",13211093,13211120,"INV","cds_end_cross",-1,37976
"sv","sv106","2L",8766660,8767569,"DUP","exon_exact",-1,3005
"sv","sv1060","X",13595077,13595155,"INV","multi_exon",-1,38100
"sv","sv1061","X",13598176,13598176,"INS","ins_exon_end",-1,38102
"sv","sv1062","X",13600072,13600105,"DEL","cds_end_cross",-1,38097
"sv","sv1063","X",13613193,13616403,"DEL","transcript_exact",-1,38111
"sv","sv1064","X",13668882,13670029,"DUP","transcript_right_cross",1,38127
"sv","sv1065","X",13701097,13701353,"TDUP","exon_exact",-1,38138
"sv","sv1066","X",13777037,13777244,"DUP","flank_right",1,38182
"sv","sv1067","X",13827501,13827584,"DEL","multi_exon",-1,38201
"sv","sv1068","X",14234031,14234068,"DUP","exon_end_cross",-1,38291
"sv","sv1069","X",14241113,14241182,"TDUP","multi_exon",-1,38296
"sv","sv107","2L",8861421,8862612,"DUP","transcript_left_cross",-1,3015
"sv","sv1070","X",14271359,14271404,"DEL","exon_start_cross",1,38314
"sv","sv1071","X",14801127,14801156,"DUP","exon_start_cross",-1,38377
"sv","sv1072","X",14865985,14866004,"INV","cds_end_cross",-1,38411
"sv","sv1073","X",15102563,15102638,"DUP","multi_exon",1,38485
"sv","sv1074","X",15145532,15145641,"DUP","multi_exon",-1,38495
"sv","sv1075","X",15297266,15299337,"INV","transcript_left_cross",1,38518
"sv","sv1076","X",15339591,15339628,"DUP","exon_start_cross",1,38540
"sv","sv1077","X",15396716,15397051,"INV","exon_interior",-1,38563
"sv","sv1078","X",15581726,15581972,"TDUP","flank_left",-1,38641
"sv","sv1079","X",15736900,15737241,"TDUP","flank_right",1,38693
"sv","sv108","2L",9519469,9519724,"TDUP","multi_exon",1,3193
"sv","sv1080","X",15762567,15762620,"TDUP","cds_end_cross",1,38712
"sv","sv1081","X",15823618,15823618,"INS","ins_before_exon",1,38750
"sv","sv1082","X",15892445,15892825,"DEL","intron_interior",1,38819
"sv","sv1083","X",15893152,15894689,"DEL","intron_interior",1,38816
"sv","sv1084","X",15907722,15907955,"DEL","flank_left",1,38835
"sv","sv1085","X",16003925,16003925,"INS","ins_cds_end",-1,38897
"sv","sv1086","X",16070871,16071030,"TDUP","intron_interior",-1,38905
"sv","sv1087","X",16297947,16298056,"DEL","flank_right",-1,38962
"sv","sv1088","X",16375030,16375079,"INV","cds_start_cross",1,39013
"sv","sv1089","X",16378131,16378421,"TDUP","flank_left",-1,39018
"sv","sv109","2L",9560162,9560979,"DEL","transcript_right_cross",-1,3211
"sv","sv1090","X",16381264,16381281,"DUP","cds_end_cross",1,39014
"sv","sv1091","X",16382810,16382863,"DUP","exon_end_cross",-1,39022
"sv","sv1092","X",16386336,16386355,"INV","exon_end_cross",1,39023
"sv","sv1093","X",16405081,16406586,"INV","transcript_right_cross",-1,39031
"sv","sv1094","X",16417830,16417830,"INS","ins_cds_start",-1,39045
"sv","sv1095","X",16463774,16463805,"DUP","cds_start_cross",-1,39102
"sv","sv1096","X",16498688,16498733,"DUP","exon_start_cross",-1,39087
"sv","sv1097","X",16506340,16506385,"TDUP","exon_start_cross",-1,39065
"sv","sv1098","X",16521780,16521817,"INV","exon_end_cross",-1,39097
"sv","sv1099","X",16528800,16529079,"TDUP","flank_right",-1,39091
"sv","sv11","2L",1047922,1047991,"DEL","exon_start_cross",-1,377
"sv","sv110","2L",9807886,9807955,"INV","exon_interior",-1,3287
"sv","sv1100","X",16547765,16548142,"INV","transcript_exact",1,39133
"sv","sv1101","X",16636712,16637032,"TDUP","flank_left",-1,39173
"sv","sv1102","X",16779854,16780191,"DEL","exon_interior",-1,39231
"sv","sv1103","X",16797648,16798227,"TDUP","transcript_right_cross",1,39241
"sv","sv1104","X",16827594,16827623,"DEL","exon_end_cross",-1,39261
"sv","sv1105","X",16961665,16961746,"DUP","multi_exon",-1,39291
"sv","sv1106","X",17032511,17032511,"INS","ins_exon_interior",-1,39299
"sv","sv1107","X",17079554,17080633,"TDUP","transcript_left_cross",-1,39313
"sv","sv1108","X",17126085,17126307,"DUP","multi_exon",1,39325
"sv","sv1109","X",17151231,17159306,"TDUP","transcript_exact",-1,39360
"sv","sv111","2L",9870518,9877102,"DUP","multi_exon",-1,3283
"sv","sv1110","X",17302915,17302918,"INV","cds_start_cross",1,39413
"sv","sv1111","X",17588865,17591706,"DEL","transcript_exact",1,39459
"sv","sv1112","X",17598482,17598482,"INS","ins_exon_interior",1,39455
"sv","sv1113","X",17624189,17625532,"DEL","multi_exon",-1,39468
"sv","sv1114","X",17703219,17703482,"TDUP","transcript_left_cross",1,39500
"sv","sv1115","X",17746771,17746898,"TDUP","exon_exact",1,39507
"sv","sv1116","X",17847637,17847676,"DUP","cds_end_cross",1,39525
"sv","sv1117","X",17951415,17951610,"DUP","exon_exact",-1,39576
"sv","sv1118","X",18081377,18081412,"DEL","exon_end_cross",-1,39596
"sv","sv1119","X",18105742,18116825,"INV","transcript_exact",-1,39625
"sv","sv112","2L",10068614,10068651,"DEL","exon_start_cross",-1,3399
"sv","sv1120","X",18161007,18161020,"DEL","exon_start_cross",1,39649
"sv","sv1121","X",18194124,18194597,"DEL","transcript_exact",-1,39658
"sv","sv1122","X",18390281,18390281,"INS","ins_cds_end",1,39702
"sv","sv1123","X",18483413,18483474,"DUP","exon_start_cross",-1,39728
"sv","sv1124","X",19190079,19190384,"INV","flank_left",1,39889
"sv","sv1125","X",19257422,19258149,"INV","exon_interior",-1,39910
"sv","sv1126","X",19263960,19264682,"INV","intron_interior",1,39912
"sv","sv1127","X",19593500,19593559,"DEL","exon_end_cross",1,40056
"sv","sv1128","X",19611526,19615617,"TDUP","transcript_exact",1,40073
"sv","sv1129","X",19624442,19624469,"DEL","exon_end_cross",1,40089
"sv","sv113","2L",10214044,10214130,"TDUP","multi_exon",-1,3431
"sv","sv1130","X",19647571,19647582,"INV","cds_start_cross",-1,40105
"sv","sv1131","X",19705381,19706680,"DEL","transcript_left_cross",-1,40144
"sv","sv1132","X",19782286,19782286,"INS","ins_cds_end",-1,40177
"sv","sv1133","X",19852326,19852359,"DEL","cds_start_cross",1,40197
"sv","sv1134","X",19854384,19854433,"TDUP","intron_interior",1,40197
"sv","sv1135","X",19941876,19943503,"DUP","transcript_left_cross",-1,40243
"sv","sv1136","X",19943615,19943684,"DEL","exon_start_cross",-1,40243
"sv","sv1137","X",20001877,20003566,"TDUP","transcript_right_cross",-1,40262
"sv","sv1138","X",20228711,20228724,"DEL","cds_start_cross",-1,40337
"sv","sv1139","X",20420579,20420709,"DEL","exon_interior",1,40399
"sv","sv114","2L",10222578,10222777,"DUP","flank_right",-1,3429
"sv","sv1140","X",20429675,20433210,"DUP","transcript_exact",1,40412
"sv","sv1141","X",20473989,20474227,"DEL","multi_exon",-1,40427
"sv","sv1142","X",20673501,20673754,"DUP","flank_left",1,40472
"sv","sv1143","X",20673951,20673992,"TDUP","cds_end_cross",-1,40460
"sv","sv1144","X",21062967,21062967,"INS","ins_cds_start",-1,40564
"sv","sv1145","X",21335994,21335994,"INS","ins_before_exon",-1,40673
"sv","sv1146","X",21376205,21376205,"INS","ins_cds_start",1,40701
"sv","sv1147","X",21617117,21617456,"TDUP","flank_right",-1,40783
"sv","sv1148","X",21631891,21638161,"DUP","transcript_exact",1,40804
"sv","sv1149","X",22395238,22397351,"TDUP","transcript_right_cross",1,40920
"sv","sv115","2L",10232507,10234450,"DEL","transcript_exact",1,3442
"sv","sv1150","X",22846135,22846334,"DUP","flank_left",-1,41139
"sv","sv1151","X",22893320,22895179,"DUP","transcript_left_cross",1,41152
"sv","sv1152","X",22990796,22991006,"TDUP","flank_left",-1,41229
"sv","sv1153","X",23004096,23005059,"DUP","transcript_left_cross",-1,41231
"sv","sv1154","X",23522137,23522148,"TDUP","exon_start_cross",-1,41311
"sv","sv1155","Y",2559811,2561499,"DEL","exon_interior",1,41409
"sv","sv1156","Y",2561294,2561665,"INV","flank_left",-1,41411
"sv","sv1157","Y",3536374,3536488,"DEL","flank_left",-1,41507
"sv","sv116","2L",10248524,10248524,"INS","ins_before_exon",-1,3453
"sv","sv117","2L",10257090,10257145,"DEL","cds_start_cross",-1,3462
"sv","sv118","2L",10282580,10282749,"DEL","flank_right",-1,3481
"sv","sv119","2L",10319716,10319842,"INV","intron_interior",-1,3504
"sv","sv12","2L",1113826,1114138,"DEL","exon_exact",1,394
"sv","sv120","2L",10328200,10331116,"DEL","transcript_exact",-1,3514
"sv","sv121","2L",10348977,10350718,"TDUP","intron_interior",-1,3527
"sv","sv122","2L",10489889,10489924,"DEL","exon_start_cross",-1,3623
"sv","sv123","2L",10645749,10645754,"DEL","cds_end_cross",1,3658
"sv","sv124","2L",10681030,10681463,"DEL","transcript_exact",1,3671
"sv","sv125","2L",10702871,10702991,"TDUP","exon_interior",-1,3688
"sv","sv126","2L",10790501,10791174,"INV","transcript_right_cross",1,3724
"sv","sv127","2L",10868271,10868489,"DEL","flank_left",1,3758
"sv","sv128","2L",10961218,10961235,"TDUP","cds_end_cross",-1,3772
"sv","sv129","2L",10979159,10979170,"DUP","flank_left",-1,3801
"sv","sv13","2L",1160290,1163886,"TDUP","transcript_exact",-1,415
"sv","sv130","2L",10989404,10989404,"INS","ins_exon_interior",1,3814
"sv","sv131","2L",11005368,11005861,"INV","exon_exact",1,3823
"sv","sv132","2L",11010365,11011684,"TDUP","transcript_left_cross",1,3828
"sv","sv133","2L",11262176,11262249,"TDUP","multi_exon",-1,3897
"sv","sv134","2L",11662171,11663248,"DEL","transcript_right_cross",1,3980
"sv","sv135","2L",11843986,11843986,"INS","ins_cds_end",1,4041
"sv","sv136","2L",11990966,11990997,"TDUP","cds_start_cross",1,4071
"sv","sv137","2L",12310950,12310950,"INS","ins_cds_end",1,4174
"sv","sv138","2L",12393862,12395898,"DUP","intron_interior",1,4191
"sv","sv139","2L",12439296,12439464,"DUP","exon_exact",1,4220
"sv","sv14","2L",1284588,1284617,"DUP","exon_start_cross",1,451
"sv","sv140","2L",12699111,12699184,"DEL","flank_right",-1,4272
"sv","sv141","2L",12722431,12722431,"INS","ins_cds_start",1,4300
"sv","sv142","2L",12821645,12821678,"DEL","cds_end_cross",-1,4318
"sv","sv143","2L",12842424,12842560,"INV","flank_right",1,4319
"sv","sv144","2L",12897070,12897230,"INV","flank_right",1,4324
"sv","sv145","2L",13163141,13163596,"TDUP","transcript_left_cross",-1,4376
"sv","sv146","2L",13267723,13267736,"DUP","cds_start_cross",1,4435
"sv","sv147","2L",13276247,13276291,"TDUP","exon_exact",1,4438
"sv","sv148","2L",13293055,13293100,"DEL","cds_start_cross",1,4449
"sv","sv149","2L",13373985,13374022,"TDUP","exon_start_cross",1,4474
"sv","sv15","2L",1606499,1606528,"DEL","cds_end_cross",1,506
"sv","sv150","2L",14341295,14341310,"DUP","flank_right",1,4726
"sv","sv151","2L",14617548,14617548,"INS","ins_cds_start",1,4797
"sv","sv152","2L",14713044,14713077,"TDUP","cds_end_cross",1,4806
"sv","sv153","2L",14984255,14992303,"DUP","intron_interior",-1,4867
"sv","sv154","2L",15026565,15026565,"INS","ins_exon_interior",1,4878
"sv","sv155","2L",15094245,15094245,"INS","ins_intron",1,4907
"sv","sv156","2L",15095700,15095755,"INV","cds_end_cross",1,4906
"sv","sv157","2L",15648353,15648353,"INS","ins_exon_interior",-1,5011
"sv","sv158","2L",15679213,15679264,"TDUP","cds_end_cross",-1,5011
"sv","sv159","2L",15959350,15959350,"INS","ins_cds_end",1,5097
"sv","sv16","2L",1793879,1793900,"INV","exon_start_cross",-1,563
"sv","sv160","2L",16177693,16177804,"INV","exon_exact",1,5142
"sv","sv161","2L",16260497,16260550,"DEL","flank_right",1,5162
"sv","sv162","2L",16313097,16325420,"DEL","transcript_exact",-1,5193
"sv","sv163","2L",16510136,16510136,"INS","ins_cds_start",-1,5239
"sv","sv164","2L",16667168,16667284,"INV","exon_exact",-1,5260
"sv","sv165","2L",16766734,16788766,"INV","transcript_exact",1,5335
"sv","sv166","2L",16766738,16766754,"TDUP","exon_interior",1,5343
"sv","sv167","2L",16768681,16768681,"INS","ins_cds_start",1,5342
"sv","sv168","2L",16839189,16839234,"INV","exon_start_cross",1,5381
"sv","sv169","2L",16860214,16860415,"DUP","flank_right",-1,5391
"sv","sv17","2L",1975466,1976808,"TDUP","exon_interior",-1,604
"sv","sv170","2L",16889001,16889012,"TDUP","cds_start_cross",1,5413
"sv","sv171","2L",16894912,16894981,"DUP","exon_end_cross",1,5417
"sv","sv172","2L",16901286,16901661,"INV","exon_interior",-1,5424
"sv","sv173","2L",17289009,17289096,"TDUP","flank_right",1,5473
"sv","sv174","2L",17413498,17413535,"DUP","cds_start_cross",-1,5511
"sv","sv175","2L",17657224,17657316,"DUP","multi_exon",-1,5597
"sv","sv176","2L",17914552,17914567,"DUP","cds_start_cross",-1,5623
"sv","sv177","2L",17977566,17977651,"DUP","multi_exon",-1,5631
"sv","sv178","2L",18291193,18291790,"TDUP","transcript_right_cross",-1,5707
"sv","sv179","2L",18316751,18316977,"DEL","flank_left",1,5724
"sv","sv18","2L",2028017,2028070,"DEL","exon_end_cross",1,628
"sv","sv180","2L",18318348,18320205,"INV","transcript_left_cross",1,5722
"sv","sv181","2L",18472382,18472402,"INV","exon_exact",1,5755
"sv","sv182","2L",18671053,18671220,"TDUP","flank_right",-1,5798
"sv","sv183","2L",18691110,18691119,"DEL","cds_start_cross",-1,5813
"sv","sv184","2L",18810249,18810270,"INV","cds_start_cross",-1,5846
"sv","sv185","2L",18826870,18826937,"INV","exon_start_cross",1,5861
"sv","sv186","2L",18834488,18834515,"TDUP","cds_start_cross",-1,5870
"sv","sv187","2L",18917083,18917195,"DUP","multi_exon",-1,5889
"sv","sv188","2L",18957218,18957361,"DEL","flank_left",-1,5907
"sv","sv189","2L",19129576,19129626,"DUP","flank_left",-1,5999
"sv","sv19","2L",2081046,2081073,"INV","exon_end_cross",1,647
"sv","sv190","2L",19185539,19185601,"DUP","intron_interior",-1,6014
"sv","sv191","2L",19268949,19269063,"DUP","flank_left",1,6025
"sv","sv192","2L",19300255,19301600,"DEL","transcript_exact",1,6027
"sv","sv193","2L",19430101,19430134,"DEL","cds_end_cross",1,6078
"sv","sv194","2L",19431009,19431205,"DEL","flank_right",1,6077
"sv","sv195","2L",19489708,19489914,"DEL","exon_interior",-1,6107
"sv","sv196","2L",19701754,19702032,"TDUP","exon_interior",1,6183
"sv","sv197","2L",19716998,19716998,"INS","ins_intron",1,6181
"sv","sv198","2L",20066205,20066475,"TDUP","flank_right",1,6292
"sv","sv199","2L",20069208,20071135,"DEL","transcript_right_cross",-1,6299
"sv","sv2","2L",202919,204522,"TDUP","transcript_right_cross",1,116
"sv","sv20","2L",2190191,2191272,"INV","transcript_exact",1,680
"sv","sv200","2L",20418037,20419016,"DEL","transcript_left_cross",1,6438
"sv","sv201","2L",20418190,20419337,"TDUP","transcript_left_cross",1,6439
"sv","sv202","2L",20419598,20420147,"DEL","transcript_left_cross",1,6444
"sv","sv203","2L",20492932,20493054,"DEL","flank_right",1,6488
"sv","sv204","2L",20657541,20658153,"DUP","exon_interior",1,6541
"sv","sv205","2L",20735373,20735373,"INS","ins_cds_start",1,6563
"sv","sv206","2L",20866562,20866691,"INV","flank_left",1,6630
"sv","sv207","2L",20874154,20874191,"DUP","exon_end_cross",-1,6638
"sv","sv208","2L",20967359,20967390,"TDUP","cds_start_cross",-1,6667
"sv","sv209","2L",21058229,21058254,"TDUP","cds_start_cross",-1,6680
"sv","sv21","2L",2234411,2234864,"DUP","exon_interior",-1,709
"sv","sv210","2L",21071218,21071271,"DUP","exon_end_cross",-1,6679
"sv","sv211","2L",21124526,21125344,"DUP","intron_interior",1,6699
"sv","sv212","2L",21172630,21172657,"DEL","cds_end_cross",1,6744
"sv","sv213","2L",21207414,21207483,"DUP","multi_exon",1,6764
"sv","sv214","2L",21228458,21228458,"INS","ins_before_exon",1,6774
"sv","sv215","2L",21260049,21260049,"INS","ins_before_exon",-1,6793
"sv","sv216","2L",21319179,21319774,"TDUP","transcript_right_cross",1,6845
"sv","sv217","2L",21355576,21356109,"TDUP","multi_exon",1,6868
"sv","sv218","2L",21424942,21424967,"INV","cds_end_cross",-1,6926
"sv","sv219","2L",21440890,21441142,"DUP","flank_right",1,6941
"sv","sv22","2L",2390439,2391254,"TDUP","transcript_right_cross",-1,781
"sv","sv220","2L",21633166,21633166,"INS","ins_intron",1,7124
"sv","sv221","2L",21712730,21712789,"DEL","exon_start_cross",1,7164
"sv","sv222","2L",21717552,21717579,"DEL","exon_start_cross",1,7164
"sv","sv223","2L",21769518,21771009,"DEL","transcript_right_cross",-1,7217
"sv","sv224","2L",21994535,21994846,"DUP","flank_right",-1,7303
"sv","sv225","2L",22040805,22040858,"DEL","flank_right",1,7334
"sv","sv226","2L",22060764,22061018,"DEL","flank_right",1,7348
"sv","sv227","2L",22183998,22184082,"TDUP","flank_left",-1,7460
"sv","sv228","2L",22252535,22252556,"DUP","exon_end_cross",1,7504
"sv","sv229","2L",22386508,22386718,"DEL","exon_interior",-1,7597
"sv","sv23","2L",2414880,2414921,"INV","cds_end_cross",-1,786
"sv","sv230","2L",22840516,22840551,"TDUP","exon_start_cross",-1,7657
"sv","sv231","2R",1070162,1071101,"DUP","transcript_left_cross",-1,7746
"sv","sv232","2R",4236155,4236190,"DEL","exon_end_cross",-1,7930
"sv","sv233","2R",4242050,4242117,"DUP","exon_start_cross",-1,7930
"sv","sv234","2R",4535369,4535637,"INV","flank_left",-1,7980
"sv","sv235","2R",4587167,4588464,"DEL","transcript_left_cross",1,8022
"sv","sv236","2R",4666408,4666408,"INS","ins_before_exon",-1,8082
"sv","sv237","2R",4695406,4695406,"INS","ins_exon_end",-1,8106
"sv","sv238","2R",4708344,4709961,"INV","transcript_left_cross",-1,8129
"sv","sv239","2R",4718517,4718584,"DUP","exon_end_cross",1,8143
"sv","sv24","2L",2765286,2765423,"DUP","exon_interior",-1,888
"sv","sv240","2R",4744465,4744465,"INS","ins_exon_end",1,8165
"sv","sv241","2R",4912886,4913669,"DUP","transcript_right_cross",1,8294
"sv","sv242","2R",4980406,4980462,"DEL","flank_left",1,8341
"sv","sv243","2R",5095079,5095116,"TDUP","exon_end_cross",1,8424
"sv","sv244","2R",5255097,5255840,"TDUP","transcript_right_cross",1,8561
"sv","sv245","2R",5476790,5476865,"DUP","flank_left",-1,8733
"sv","sv246","2R",5512686,5512767,"INV","flank_left",1,8758
"sv","sv247","2R",5645048,5645251,"DUP","exon_interior",-1,8846
"sv","sv248","2R",5969102,5969682,"DUP","exon_interior",-1,9010
"sv","sv249","2R",6013409,6013515,"DUP","flank_left",1,9021
"sv","sv25","2L",2852188,2852234,"TDUP","flank_left",1,930
"sv","sv250","2R",6251849,6251886,"TDUP","exon_end_cross",1,9142
"sv","sv251","2R",6623314,6623497,"DEL","flank_right",1,9250
"sv","sv252","2R",6716302,6718295,"TDUP","transcript_left_cross",-1,9313
"sv","sv253","2R",6756941,6756984,"TDUP","cds_end_cross",-1,9335
"sv","sv254","2R",6866938,6866943,"INV","exon_end_cross",-1,9368
"sv","sv255","2R",6926231,6926231,"INS","ins_cds_start",-1,9405
"sv","sv256","2R",6993045,6993121,"DUP","multi_exon",1,9441
"sv","sv257","2R",7320659,7320702,"DEL","cds_start_cross",-1,9593
"sv","sv258","2R",7330643,7330643,"INS","ins_intron",-1,9592
"sv","sv259","2R",7348949,7348992,"DEL","exon_end_cross",-1,9538
"sv","sv26","2L",2946713,2947433,"DUP","exon_interior",1,950
"sv","sv260","2R",7368358,7368411,"DUP","exon_start_cross",-1,9588
"sv","sv261","2R",7377574,7377601,"DEL","cds_end_cross",-1,9584
"sv","sv262","2R",7377574,7377623,"TDUP","cds_end_cross",-1,9588
"sv","sv263","2R",7387563,7387592,"DEL","exon_end_cross",1,9611
"sv","sv264","2R",7442416,7443087,"DUP","transcript_left_cross",1,9644
"sv","sv265","2R",7444572,7444619,"DUP","cds_end_cross",-1,9645
"sv","sv266","2R",7476250,7477157,"TDUP","exon_interior",-1,9674
"sv","sv267","2R",7512666,7512715,"INV","cds_end_cross",-1,9693
"sv","sv268","2R",7590949,7591868,"INV","exon_interior",1,9725
"sv","sv269","2R",7638274,7638295,"INV","cds_start_cross",1,9745
"sv","sv27","2L",2960690,2960835,"DEL","exon_exact",1,965
"sv","sv270","2R",7673382,7673765,"TDUP","transcript_left_cross",-1,9765
"sv","sv271","2R",7685115,7685152,"DEL","exon_start_cross",-1,9773
"sv","sv272","2R",7885551,7887216,"DEL","transcript_right_cross",-1,9846
"sv","sv273","2R",7966029,7968024,"DUP","transcript_exact",-1,9892
"sv","sv274","2R",7975211,7975254,"INV","exon_end_cross",-1,9904
"sv","sv275","2R",7992490,7992823,"DUP","transcript_right_cross",-1,9910
"sv","sv276","2R",7996886,7997208,"TDUP","flank_right",1,9913
"sv","sv277","2R",7999022,8001317,"INV","transcript_right_cross",1,9915
"sv","sv278","2R",8075415,8075602,"INV","exon_interior",1,9947
"sv","sv279","2R",8122376,8122391,"DUP","cds_end_cross",-1,9967
"sv","sv28","2L",2963103,2963156,"DUP","exon_end_cross",1,968
"sv","sv280","2R",8139124,8139618,"DUP","exon_interior",-1,9993
"sv","sv281","2R",8159406,8161565,"DEL","transcript_exact",-1,10005
"sv","sv282","2R",8361703,8364056,"DEL","transcript_right_cross",-1,10056
"sv","sv283","2R",8466293,8466314,"DEL","exon_end_cross",1,10104
"sv","sv284","2R",8618159,8618239,"TDUP","multi_exon",1,10142
"sv","sv285","2R",8620954,8620997,"INV","exon_end_cross",1,10139
"sv","sv286","2R",8681605,8681605,"INS","ins_cds_end",1,10156
"sv","sv287","2R",8705550,8705675,"INV","flank_right",1,10173
"sv","sv288","2R",8757365,8757365,"INS","ins_exon_interior",1,10205
"sv","sv289","2R",8833985,8841355,"DEL","intron_interior",1,10211
"sv","sv29","2L",2973050,2973073,"DUP","cds_start_cross",1,973
"sv","sv290","2R",8863013,8865851,"TDUP","intron_interior",1,10219
"sv","sv291","2R",8884328,8884378,"INV","intron_interior",1,10214
"sv","sv292","2R",8954856,8955710,"INV","intron_interior",1,10269
"sv","sv293","2R",9020399,9020399,"INS","ins_exon_interior",-1,10284
"sv","sv294","2R",9080425,9080473,"INV","intron_interior",1,10298
"sv","sv295","2R",9118676,9118737,"DEL","intron_interior",1,10339
"sv","sv296","2R",9254278,9254410,"TDUP","exon_interior",-1,10418
"sv","sv297","2R",9399247,9399988,"DEL","transcript_left_cross",-1,10460
"sv","sv298","2R",9851131,9851146,"INV","cds_start_cross",-1,10622
"sv","sv299","2R",9856158,9856203,"DEL","cds_end_cross",-1,10623
"sv","sv3","2L",325672,325685,"INV","exon_start_cross",1,183
"sv","sv30","2L",3067481,3067510,"DEL","cds_end_cross",1,1025
"sv","sv300","2R",9860454,9860571,"TDUP","intron_interior",-1,10620
"sv","sv301","2R",9881863,9882474,"DEL","transcript_right_cross",-1,10646
"sv","sv302","2R",9919431,9919743,"INV","exon_interior",-1,10666
"sv","sv303","2R",9921663,9921684,"TDUP","cds_end_cross",-1,10673
"sv","sv304","2R",10036929,10036948,"DEL","cds_start_cross",-1,10722
"sv","sv305","2R",10144672,10146933,"DEL","transcript_left_cross",-1,10802
"sv","sv306","2R",10154264,10154446,"DUP","intron_interior",-1,10800
"sv","sv307","2R",10219207,10219348,"TDUP","flank_left",-1,10820
"sv","sv308","2R",10227525,10228064,"DUP","transcript_right_cross",-1,10814
"sv","sv309","2R",10294614,10294761,"TDUP","exon_interior",1,10859
"sv","sv31","2L",3294407,3294956,"DUP","transcript_right_cross",-1,1074
"sv","sv310","2R",10321108,10323229,"DUP","transcript_left_cross",-1,10888
"sv","sv311","2R",10339497,10339571,"DUP","multi_exon",-1,10890
"sv","sv312","2R",10406975,10406975,"INS","ins_cds_start",-1,10919
"sv","sv313","2R",10438471,10462686,"TDUP","transcript_exact",1,10948
"sv","sv314","2R",10450745,10450914,"DEL","exon_exact",-1,10954
"sv","sv315","2R",10561689,10561949,"INV","exon_interior",1,11007
"sv","sv316","2R",10673350,10673966,"DUP","exon_interior",1,11034
"sv","sv317","2R",10723829,10725524,"DUP","transcript_left_cross",1,11040
"sv","sv318","2R",10827430,10835709,"DUP","transcript_exact",-1,11079
"sv","sv319","2R",10887600,10888010,"DUP","exon_interior",1,11105
"sv","sv32","2L",3501332,3501332,"INS","ins_intron",-1,1146
"sv","sv320","2R",11272371,11272404,"DUP","cds_end_cross",-1,11195
"sv","sv321","2R",11281059,11281153,"TDUP","flank_left",1,11206
"sv","sv322","2R",11310335,11318676,"TDUP","transcript_exact",-1,11230
"sv","sv323","2R",11331901,11331922,"DUP","exon_start_cross",1,11237
"sv","sv324","2R",11616869,11619023,"TDUP","transcript_exact",-1,11317
"sv","sv325","2R",11643001,11643034,"DEL","cds_start_cross",-1,11327
"sv","sv326","2R",11860599,11860620,"TDUP","cds_end_cross",1,11365
"sv","sv327","2R",11963984,11964005,"DEL","exon_start_cross",1,11389
"sv","sv328","2R",12125231,12125269,"TDUP","flank_left",-1,11440
"sv","sv329","2R",12559826,12559826,"INS","ins_exon_end",1,11653
"sv","sv33","2L",3522130,3522342,"TDUP","flank_left",1,1166
"sv","sv330","2R",12686031,12686052,"INV","exon_start_cross",-1,11728
"sv","sv331","2R",12871721,12871783,"DUP","flank_left",1,11798
"sv","sv332","2R",12875244,12875301,"TDUP","cds_start_cross",-1,11796
"sv","sv333","2R",12883172,12884535,"DEL","transcript_left_cross",1,11812
"sv","sv334","2R",13058081,13058112,"INV","cds_start_cross",-1,11860
"sv","sv335","2R",13148895,13148950,"DUP","intron_interior",-1,11872
"sv","sv336","2R",13176556,13179008,"TDUP","exon_interior",-1,11899
"sv","sv337","2R",13240451,13240536,"DEL","intron_interior",1,11944
"sv","sv338","2R",13257108,13257139,"DUP","cds_end_cross",1,11952
"sv","sv339","2R",13445588,13445607,"DEL","exon_end_cross",-1,12024
"sv","sv34","2L",3620746,3622267,"DEL","transcript_left_cross",-1,1188
"sv","sv340","2R",13446288,13446317,"INV","cds_end_cross",-1,12027
"sv","sv341","2R",13505210,13506523,"TDUP","transcript_left_cross",1,12048
"sv","sv342","2R",13904185,13904243,"DEL","intron_interior",-1,12151
"sv","sv343","2R",13955100,13955100,"INS","ins_intron",1,12175
"sv","sv344","2R",14005564,14006237,"DEL","transcript_right_cross",-1,12209
"sv","sv345","2R",14231428,14231488,"DEL","intron_interior",-1,12278
"sv","sv346","2R",14279634,14285707,"TDUP","multi_exon",1,12307
"sv","sv347","2R",14408543,14408750,"TDUP","flank_left",1,12347
"sv","sv348","2R",14502445,14502536,"DEL","multi_exon",-1,12357
"sv","sv349","2R",14591201,14591206,"DEL","exon_start_cross",1,12375
"sv","sv35","2L",3633185,3633259,"INV","flank_left",-1,1200
"sv","sv350","2R",14623417,14623469,"TDUP","exon_exact",1,12398
"sv","sv351","2R",14623517,14623607,"DEL","transcript_exact",1,12406
"sv","sv352","2R",14624109,14624682,"INV","transcript_left_cross",1,12409
"sv","sv353","2R",14657496,14657672,"INV","multi_exon",-1,12417
"sv","sv354","2R",14663662,14666005,"INV","transcript_left_cross",-1,12420
"sv","sv355","2R",14865262,14865289,"DUP","exon_end_cross",-1,12484
"sv","sv356","2R",14875050,14875127,"DEL","multi_exon",1,12493
"sv","sv357","2R",14905942,14905955,"TDUP","exon_end_cross",-1,12513
"sv","sv358","2R",14986486,14988079,"TDUP","transcript_left_cross",-1,12541
"sv","sv359","2R",15138980,15139084,"DUP","multi_exon",1,12567
"sv","sv36","2L",3767273,3767790,"DUP","transcript_left_cross",1,1257
"sv","sv360","2R",15424408,15452852,"TDUP","intron_interior",1,12672
"sv","sv361","2R",15462245,15462245,"INS","ins_intron",1,12672
"sv","sv362","2R",15541300,15541300,"INS","ins_exon_end",1,12701
"sv","sv363","2R",15653897,15654168,"TDUP","flank_left",1,12730
"sv","sv364","2R",15701323,15701358,"TDUP","exon_end_cross",-1,12765
"sv","sv365","2R",15935041,15936070,"TDUP","transcript_left_cross",-1,12826
"sv","sv366","2R",15939960,15939977,"TDUP","cds_end_cross",-1,12826
"sv","sv367","2R",15997222,15997275,"DEL","intron_interior",-1,12856
"sv","sv368","2R",16060712,16061565,"INV","transcript_right_cross",1,12876
"sv","sv369","2R",16078351,16078632,"DEL","flank_left",-1,12885
"sv","sv37","2L",3767415,3767620,"INV","exon_exact",1,1251
"sv","sv370","2R",16183676,16183676,"INS","ins_cds_end",1,12932
"sv","sv371","2R",16240640,16240663,"DEL","cds_end_cross",-1,12969
"sv","sv372","2R",16266066,16266146,"DUP","multi_exon",1,12975
"sv","sv373","2R",16269771,16269822,"INV","exon_start_cross",-1,12976
"sv","sv374","2R",16315959,16316019,"TDUP","intron_interior",1,13001
"sv","sv375","2R",16340861,16340878,"INV","cds_end_cross",1,13013
"sv","sv376","2R",16424261,16424298,"DEL","exon_start_cross",1,13040
"sv","sv377","2R",16670396,16672067,"DUP","transcript_left_cross",1,13116
"sv","sv378","2R",16764108,16764145,"INV","exon_start_cross",-1,13138
"sv","sv379","2R",16924022,16925333,"INV","transcript_left_cross",1,13216
"sv","sv38","2L",3873331,3873331,"INS","ins_intron",-1,1292
"sv","sv380","2R",17027175,17027202,"INV","exon_start_cross",1,13263
"sv","sv381","2R",17034995,17035349,"INV","multi_exon",1,13267
"sv","sv382","2R",17064019,17064255,"DUP","intron_interior",1,13283
"sv","sv383","2R",17095012,17095057,"DEL","cds_end_cross",-1,13299
"sv","sv384","2R",17121322,17121432,"INV","flank_right",-1,13308
"sv","sv385","2R",17137240,17139595,"INV","transcript_exact",1,13325
"sv","sv386","2R",17520274,17535866,"DUP","transcript_exact",-1,13460
"sv","sv387","2R",17671552,17671579,"TDUP","cds_start_cross",-1,13522
"sv","sv388","2R",17678397,17678430,"INV","cds_end_cross",-1,13523
"sv","sv389","2R",17745948,17745997,"INV","cds_start_cross",-1,13573
"sv","sv39","2L",4189993,4190052,"DUP","exon_end_cross",-1,1334
"sv","sv390","2R",17859767,17859814,"DUP","cds_end_cross",1,13627
"sv","sv391","2R",17887222,17887606,"DUP","exon_interior",-1,13640
"sv","sv392","2R",17971584,17971831,"TDUP","flank_left",-1,13647
"sv","sv393","2R",18397465,18397465,"INS","ins_cds_end",-1,13786
"sv","sv394","2R",18641023,18658222,"TDUP","transcript_exact",-1,13881
"sv","sv395","2R",18710639,18711162,"INV","transcript_right_cross",-1,13906
"sv","sv396","2R",18710695,18710865,"DEL","exon_exact",-1,13906
"sv","sv397","2R",19174777,19174788,"TDUP","exon_end_cross",1,14054
"sv","sv398","2R",19424044,19424114,"DEL","exon_exact",-1,14124
"sv","sv399","2R",19546449,19547071,"TDUP","exon_exact",-1,14206
"sv","sv4","2L",336345,336366,"TDUP","exon_start_cross",1,184
"sv","sv40","2L",4456258,4456628,"DUP","flank_left",1,1425
"sv","sv400","2R",19646756,19647274,"TDUP","exon_interior",-1,14227
"sv","sv401","2R",19658191,19658379,"DEL","flank_left",-1,14247
"sv","sv402","2R",19664483,19664488,"TDUP","exon_end_cross",-1,14262
"sv","sv403","2R",19728027,19729306,"TDUP","transcript_right_cross",-1,14293
"sv","sv404","2R",19789656,19789803,"INV","transcript_right_cross",1,14401
"sv","sv405","2R",20526784,20526815,"DUP","cds_end_cross",1,14544
"sv","sv406","2R",20604668,20604705,"DUP","exon_start_cross",1,14600
"sv","sv407","2R",20638296,20638339,"TDUP","cds_end_cross",1,14614
"sv","sv408","2R",20671673,20671751,"INV","multi_exon",1,14636
"sv","sv409","2R",21056461,21056502,"DEL","cds_end_cross",-1,14738
"sv","sv41","2L",4468425,4468601,"DEL","exon_exact",-1,1433
"sv","sv410","2R",21066909,21066960,"DEL","exon_end_cross",-1,14744
"sv","sv411","2R",21160505,21161132,"INV","transcript_right_cross",-1,14780
"sv","sv412","2R",21317788,21317843,"INV","intron_interior",1,14859
"sv","sv413","2R",21317793,21320017,"DUP","transcript_exact",-1,14863
"sv","sv414","2R",21323430,21341847,"INV","transcript_exact",1,14868
"sv","sv415","2R",21389405,21392439,"DUP","transcript_exact",1,14896
"sv","sv416","2R",21487167,21497929,"INV","transcript_exact",-1,14911
"sv","sv417","2R",21533949,21534132,"DUP","flank_right",-1,14928
"sv","sv418","2R",21580483,21580623,"DEL","flank_left",1,14937
"sv","sv419","2R",21692158,21692177,"DUP","exon_end_cross",1,15000
"sv","sv42","2L",4500379,4500379,"INS","ins_intron",-1,1437
"sv","sv420","2R",21698275,21698344,"INV","exon_end_cross",-1,15007
"sv","sv421","2R",21921492,21921527,"TDUP","exon_start_cross",1,15056
"sv","sv422","2R",22041784,22041823,"TDUP","cds_start_cross",-1,15076
"sv","sv423","2R",22210725,22211520,"INV","transcript_right_cross",-1,15149
"sv","sv424","2R",22285340,22285387,"INV","cds_end_cross",1,15161
"sv","sv425","2R",22377726,22377773,"DUP","cds_end_cross",1,15198
"sv","sv426","2R",22418540,22419799,"TDUP","transcript_right_cross",1,15222
"sv","sv427","2R",22633858,22634293,"INV","transcript_right_cross",1,15270
"sv","sv428","2R",22644079,22644902,"DUP","transcript_left_cross",-1,15280
"sv","sv429","2R",22657786,22658305,"DUP","transcript_left_cross",1,15298
"sv","sv43","2L",4506897,4506897,"INS","ins_intron",-1,1449
"sv","sv430","2R",22664257,22664304,"DEL","cds_end_cross",1,15307
"sv","sv431","2R",22666764,22666764,"INS","ins_exon_end",1,15311
"sv","sv432","2R",22921320,22921334,"DEL","flank_left",1,15415
"sv","sv433","2R",22936506,22936533,"INV","cds_end_cross",-1,15429
"sv","sv434","2R",23270662,23270662,"INS","ins_exon_interior",1,15510
"sv","sv435","2R",23547609,23547626,"TDUP","cds_end_cross",-1,15594
"sv","sv436","2R",23606394,23606394,"INS","ins_exon_interior",-1,15624
"sv","sv437","2R",23608132,23608942,"DUP","exon_exact",-1,15625
"sv","sv438","2R",23643172,23643272,"DEL","exon_exact",1,15632
"sv","sv439","2R",23674902,23674902,"INS","ins_intron",1,15638
"sv","sv44","2L",4511881,4511928,"INV","intron_interior",-1,1449
"sv","sv440","2R",23678475,23678550,"DUP","multi_exon",1,15647
"sv","sv441","2R",23684325,23684371,"TDUP","intron_interior",1,15652
"sv","sv442","2R",23693722,23695285,"INV","multi_exon",-1,15658
"sv","sv443","2R",23801542,23803070,"TDUP","transcript_exact",1,15698
"sv","sv444","2R",24000305,24000359,"INV","intron_interior",-1,15826
"sv","sv445","2R",24026628,24028125,"DUP","transcript_left_cross",-1,15842
"sv","sv446","2R",24135169,24135190,"INV","cds_end_cross",1,15911
"sv","sv447","2R",24261926,24262108,"DEL","exon_exact",1,15959
"sv","sv448","2R",24289684,24289801,"TDUP","exon_interior",1,15966
"sv","sv449","2R",24414402,24414500,"DEL","multi_exon",1,16005
"sv","sv45","2L",4512585,4512598,"DUP","exon_end_cross",-1,1448
"sv","sv450","2R",24664312,24664349,"DUP","cds_end_cross",-1,16096
"sv","sv451","2R",24672725,24672725,"INS","ins_exon_interior",-1,16108
"sv","sv452","2R",24744267,24744267,"INS","ins_cds_start",1,16124
"sv","sv453","2R",24785537,24785562,"INV","cds_start_cross",-1,16147
"sv","sv454","2R",24918887,24919900,"DEL","transcript_right_cross",1,16191
"sv","sv455","2R",24991812,24991969,"DEL","exon_interior",-1,16248
"sv","sv456","2R",24991962,24992007,"INV","exon_end_cross",-1,16251
"sv","sv457","2R",24991973,24991973,"INS","ins_exon_end",-1,16252
"sv","sv458","2R",25135107,25135316,"INV","flank_right",1,16282
"sv","sv459","3L",21779,22778,"INV","transcript_left_cross",1,16330
"sv","sv46","2L",4538913,4540356,"INV","exon_exact",-1,1440
"sv","sv460","3L",129450,129888,"TDUP","exon_exact",1,16369
"sv","sv461","3L",129807,129830,"INV","cds_start_cross",1,16370
"sv","sv462","3L",212401,212401,"INS","ins_intron",-1,16426
"sv","sv463","3L",224106,225605,"DEL","transcript_exact",1,16441
"sv","sv464","3L",311285,311285,"INS","ins_exon_end",-1,16498
"sv","sv465","3L",336692,336695,"TDUP","exon_end_cross",-1,16520
"sv","sv466","3L",550297,550454,"DUP","exon_exact",-1,16568
"sv","sv467","3L",606288,606338,"INV","intron_interior",-1,16577
"sv","sv468","3L",654363,654477,"TDUP","exon_exact",1,16594
"sv","sv469","3L",890165,890548,"INV","multi_exon",1,16671
"sv","sv47","2L",4554185,4554212,"DEL","exon_end_cross",-1,1446
"sv","sv470","3L",972247,972282,"DEL","cds_start_cross",1,16692
"sv","sv471","3L",981401,981492,"INV","multi_exon",1,16698
"sv","sv472","3L",1198521,1198590,"INV","exon_start_cross",1,16729
"sv","sv473","3L",1204347,1206134,"TDUP","transcript_right_cross",-1,16733
"sv","sv474","3L",1306960,1307671,"DUP","transcript_right_cross",-1,16771
"sv","sv475","3L",1329489,1330392,"TDUP","transcript_right_cross",1,16787
"sv","sv476","3L",1334521,1334521,"INS","ins_cds_end",-1,16794
"sv","sv477","3L",1403384,1403644,"DUP","flank_right",1,16815
"sv","sv478","3L",1475944,1477619,"TDUP","transcript_left_cross",1,16828
"sv","sv479","3L",1496853,1502590,"DUP","transcript_exact",-1,16846
"sv","sv48","2L",4655477,4655477,"INS","ins_before_exon",-1,1463
"sv","sv480","3L",1526334,1526398,"DUP","exon_exact",-1,16861
"sv","sv481","3L",1553176,1554035,"INV","transcript_right_cross",1,16873
"sv","sv482","3L",1605054,1605164,"TDUP","multi_exon",1,16898
"sv","sv483","3L",1656679,1658464,"TDUP","exon_exact",-1,16945
"sv","sv484","3L",1669491,1669546,"INV","intron_interior",-1,16960
"sv","sv485","3L",1752328,1753310,"INV","exon_exact",-1,16992
"sv","sv486","3L",1883892,1885019,"DUP","transcript_exact",-1,17062
"sv","sv487","3L",2279808,2280088,"TDUP","flank_left",1,17169
"sv","sv488","3L",2460153,2460153,"INS","ins_exon_end",1,17196
"sv","sv489","3L",2599319,2599319,"INS","ins_cds_end",-1,17260
"sv","sv49","2L",4833762,4833805,"INV","exon_start_cross",-1,1495
"sv","sv490","3L",2608647,2610489,"DEL","intron_interior",-1,17266
"sv","sv491","3L",2648532,2648532,"INS","ins_cds_start",1,17288
"sv","sv492","3L",2648596,2648660,"TDUP","intron_interior",1,17288
"sv","sv493","3L",2660222,2660222,"INS","ins_cds_end",1,17296
"sv","sv494","3L",3086953,3087067,"DEL","exon_interior",1,17383
"sv","sv495","3L",3087699,3087890,"DUP","exon_exact",1,17376
"sv","sv496","3L",3110128,3111227,"INV","transcript_exact",-1,17396
"sv","sv497","3L",3217366,3217415,"DEL","intron_interior",-1,17468
"sv","sv498","3L",3461317,3461462,"DUP","exon_exact",1,17573
"sv","sv499","3L",3472678,3472701,"DUP","cds_start_cross",1,17579
"sv","sv5","2L",385705,385744,"INV","exon_interior",1,202
"sv","sv50","2L",4980998,4981044,"INV","flank_right",-1,1572
"sv","sv500","3L",3515908,3515943,"INV","exon_end_cross",1,17590
"sv","sv501","3L",3815839,3816354,"DUP","transcript_exact",-1,17641
"sv","sv502","3L",3833402,3833454,"TDUP","intron_interior",1,17647
"sv","sv503","3L",3949135,3949462,"DUP","transcript_right_cross",-1,17688
"sv","sv504","3L",4324033,4324072,"DEL","cds_start_cross",-1,17847
"sv","sv505","3L",4390464,4390497,"TDUP","cds_start_cross",1,17867
"sv","sv506","3L",4464948,4465276,"DUP","flank_right",-1,17895
"sv","sv507","3L",4574964,4575758,"INV","exon_exact",1,17930
"sv","sv508","3L",4861304,4861679,"DUP","exon_exact",1,17996
"sv","sv509","3L",4912657,4912676,"DEL","exon_start_cross",1,18003
"sv","sv51","2L",4981174,4981174,"INS","ins_cds_end",-1,1574
"sv","sv510","3L",5161582,5162461,"INV","multi_exon",-1,18046
"sv","sv511","3L",5563423,5563540,"DUP","flank_left",-1,18108
"sv","sv512","3L",5644805,5644805,"INS","ins_exon_interior",1,18124
"sv","sv513","3L",5738155,5738198,"INV","exon_end_cross",1,18143
"sv","sv514","3L",5739106,5739334,"DEL","exon_exact",1,18136
"sv","sv515","3L",5749572,5751133,"DEL","transcript_right_cross",1,18130
"sv","sv516","3L",5763217,5765406,"DUP","transcript_right_cross",-1,18156
"sv","sv517","3L",5870041,5870151,"DEL","flank_left",1,18201
"sv","sv518","3L",5993215,5993251,"DUP","flank_left",1,18235
"sv","sv519","3L",6169795,6169802,"INV","cds_start_cross",-1,18318
"sv","sv52","2L",5007540,5007929,"DUP","flank_left",1,1597
"sv","sv520","3L",6232091,6232552,"TDUP","transcript_left_cross",-1,18341
"sv","sv521","3L",6666003,6666611,"DEL","transcript_exact",-1,18408
"sv","sv522","3L",6741189,6741357,"DUP","flank_left",-1,18428
"sv","sv523","3L",6741702,6741790,"TDUP","exon_exact",-1,18421
"sv","sv524","3L",6790158,6794537,"DEL","transcript_exact",1,18445
"sv","sv525","3L",7052027,7052052,"TDUP","cds_end_cross",1,18497
"sv","sv526","3L",7094823,7095397,"INV","exon_interior",1,18515
"sv","sv527","3L",7156977,7158968,"DEL","transcript_right_cross",-1,18532
"sv","sv528","3L",7355373,7355671,"INV","flank_right",1,18602
"sv","sv529","3L",7366715,7367236,"INV","transcript_left_cross",-1,18618
"sv","sv53","2L",5030203,5030224,"INV","cds_start_cross",1,1603
"sv","sv530","3L",7465901,7466029,"DEL","exon_exact",1,18658
"sv","sv531","3L",7466181,7466243,"DEL","intron_interior",1,18659
"sv","sv532","3L",7493556,7493556,"INS","ins_before_exon",-1,18669
"sv","sv533","3L",7517201,7518854,"DUP","transcript_right_cross",1,18678
"sv","sv534","3L",7635655,7635708,"INV","exon_start_cross",1,18708
"sv","sv535","3L",7639013,7639044,"DEL","cds_end_cross",1,18712
"sv","sv536","3L",7663258,7663258,"INS","ins_before_exon",-1,18732
"sv","sv537","3L",7709490,7709525,"DEL","exon_start_cross",-1,18723
"sv","sv538","3L",7810906,7811036,"TDUP","flank_left",-1,18772
"sv","sv539","3L",8069226,8070611,"INV","transcript_right_cross",-1,18840
"sv","sv54","2L",5267098,5267190,"TDUP","exon_interior",1,1712
"sv","sv540","3L",8120755,8120812,"DUP","intron_interior",1,18862
"sv","sv541","3L",8435963,8436017,"TDUP","intron_interior",-1,18990
"sv","sv542","3L",8468073,8468102,"TDUP","exon_end_cross",1,18997
"sv","sv543","3L",8537103,8537103,"INS","ins_exon_interior",1,19024
"sv","sv544","3L",8638632,8638957,"DEL","transcript_right_cross",1,19076
"sv","sv545","3L",8725495,8725522,"TDUP","cds_end_cross",1,19092
"sv","sv546","3L",8765360,8766773,"DUP","transcript_left_cross",1,19115
"sv","sv547","3L",8932235,8933489,"TDUP","exon_exact",-1,19155
"sv","sv548","3L",8985680,8986893,"TDUP","transcript_right_cross",-1,19186
"sv","sv549","3L",8995454,8995491,"INV","cds_end_cross",-1,19192
"sv","sv55","2L",5329973,5330421,"TDUP","exon_interior",1,1744
"sv","sv550","3L",9078793,9079181,"DEL","flank_right",1,19220
"sv","sv551","3L",9113154,9113187,"DUP","cds_end_cross",-1,19233
"sv","sv552","3L",9138663,9138690,"DUP","cds_start_cross",1,19244
"sv","sv553","3L",9142653,9142897,"DUP","flank_left",-1,19258
"sv","sv554","3L",9207973,9208853,"TDUP","exon_exact",-1,19264
"sv","sv555","3L",9215083,9215094,"DEL","cds_end_cross",1,19266
"sv","sv556","3L",9352539,9352604,"TDUP","multi_exon",-1,19295
"sv","sv557","3L",9370702,9370702,"INS","ins_exon_end",-1,19307
"sv","sv558","3L",9371476,9371527,"INV","exon_start_cross",-1,19309
"sv","sv559","3L",9404137,9404358,"INV","flank_right",-1,19334
"sv","sv56","2L",5363625,5363684,"TDUP","exon_start_cross",1,1757
"sv","sv560","3L",9686466,9688526,"TDUP","intron_interior",-1,19457
"sv","sv561","3L",9695232,9695232,"INS","ins_cds_end",-1,19458
"sv","sv562","3L",9879511,9879544,"INV","cds_start_cross",1,19565
"sv","sv563","3L",9900668,9900703,"INV","exon_end_cross",1,19581
"sv","sv564","3L",9972314,9972393,"DEL","exon_interior",1,19598
"sv","sv565","3L",10088798,10088979,"DEL","exon_exact",-1,19612
"sv","sv566","3L",10218187,10218397,"TDUP","flank_right",1,19633
"sv","sv567","3L",10243293,10243338,"DUP","cds_start_cross",-1,19641
"sv","sv568","3L",10439312,10439347,"TDUP","exon_end_cross",1,19672
"sv","sv569","3L",10631395,10631422,"TDUP","cds_start_cross",1,19701
"sv","sv57","2L",5559736,5559793,"INV","intron_interior",1,1810
"sv","sv570","3L",10685034,10685075,"DUP","cds_start_cross",1,19721
"sv","sv571","3L",10690699,10690736,"INV","exon_end_cross",1,19723
"sv","sv572","3L",10691156,10691197,"INV","cds_start_cross",1,19725
"sv","sv573","3L",11104317,11104352,"DUP","exon_start_cross",1,19819
"sv","sv574","3L",11179224,11179381,"INV","exon_exact",-1,19858
"sv","sv575","3L",11322951,11323076,"TDUP","flank_right",-1,19901
"sv","sv576","3L",11562803,11562840,"DUP","cds_start_cross",1,19957
"sv","sv577","3L",11603525,11603594,"TDUP","exon_start_cross",1,19984
"sv","sv578","3L",11629585,11629990,"DUP","exon_interior",1,19998
"sv","sv579","3L",11765480,11766079,"DEL","transcript_right_cross",-1,20049
"sv","sv58","2L",5560822,5560897,"INV","exon_end_cross",1,1810
"sv","sv580","3L",11774278,11774719,"DEL","transcript_left_cross",-1,20063
"sv","sv581","3L",12027144,12028701,"TDUP","multi_exon",-1,20162
"sv","sv582","3L",12028658,12028727,"TDUP","exon_start_cross",-1,20160
"sv","sv583","3L",12267618,12267639,"TDUP","cds_start_cross",1,20228
"sv","sv584","3L",12502467,12503605,"INV","exon_exact",-1,20292
"sv","sv585","3L",12507697,12507728,"DEL","cds_end_cross",-1,20295
"sv","sv586","3L",12533978,12535203,"DEL","transcript_right_cross",1,20315
"sv","sv587","3L",12537513,12572542,"TDUP","transcript_exact",-1,20320
"sv","sv588","3L",12574312,12574551,"DEL","flank_right",-1,20319
"sv","sv589","3L",13019343,13019646,"INV","transcript_right_cross",1,20426
"sv","sv59","2L",5612968,5613375,"TDUP","multi_exon",-1,1820
"sv","sv590","3L",13022794,13022954,"INV","flank_right",-1,20430
"sv","sv591","3L",13460685,13460688,"DEL","exon_end_cross",1,20546
"sv","sv592","3L",13919191,13919200,"DEL","cds_end_cross",-1,20621
"sv","sv593","3L",13998163,13998163,"INS","ins_cds_start",-1,20648
"sv","sv594","3L",14029803,14029856,"DUP","exon_start_cross",-1,20657
"sv","sv595","3L",14037478,14037750,"INV","exon_exact",1,20668
"sv","sv596","3L",14187749,14188262,"DUP","exon_exact",-1,20703
"sv","sv597","3L",14231903,14231948,"DUP","exon_start_cross",1,20717
"sv","sv598","3L",14620578,14620755,"TDUP","exon_exact",1,20778
"sv","sv599","3L",14627031,14627060,"DEL","cds_start_cross",1,20782
"sv","sv6","2L",396730,396747,"DEL","cds_start_cross",-1,204
"sv","sv60","2L",5623513,5624074,"TDUP","transcript_right_cross",-1,1825
"sv","sv600","3L",14790076,14791869,"INV","intron_interior",1,20829
"sv","sv601","3L",15023565,15023594,"TDUP","cds_start_cross",1,20873
"sv","sv602","3L",15053876,15055713,"DUP","transcript_right_cross",-1,20884
"sv","sv603","3L",15078447,15078460,"TDUP","cds_end_cross",-1,20903
"sv","sv604","3L",15095254,15095289,"DEL","cds_start_cross",1,20908
"sv","sv605","3L",15116742,15116956,"TDUP","exon_interior",1,20921
"sv","sv606","3L",15144782,15144782,"INS","ins_cds_start",1,20939
"sv","sv607","3L",15306558,15306558,"INS","ins_cds_start",1,20957
"sv","sv608","3L",15587152,15589125,"DUP","transcript_left_cross",1,21041
"sv","sv609","3L",15683960,15683987,"TDUP","cds_start_cross",1,21068
"sv","sv61","2L",5718391,5718408,"TDUP","cds_start_cross",-1,1868
"sv","sv610","3L",15692056,15692056,"INS","ins_cds_end",-1,21074
"sv","sv611","3L",15867555,15867619,"DEL","exon_exact",-1,21110
"sv","sv612","3L",15957117,15957162,"DEL","exon_start_cross",1,21137
"sv","sv613","3L",16038649,16038688,"DUP","cds_start_cross",-1,21179
"sv","sv614","3L",16109661,16109661,"INS","ins_exon_interior",-1,21225
"sv","sv615","3L",16301881,16301894,"INV","cds_end_cross",1,21306
"sv","sv616","3L",16390337,16390368,"TDUP","cds_end_cross",1,21368
"sv","sv617","3L",16622349,16622408,"TDUP","exon_start_cross",-1,21453
"sv","sv618","3L",16727080,16729279,"DUP","transcript_right_cross",1,21488
"sv","sv619","3L",16799954,16800103,"INV","multi_exon",-1,21512
"sv","sv62","2L",6001161,6001265,"DEL","exon_interior",1,1987
"sv","sv620","3L",16962338,16962408,"DEL","exon_interior",1,21567
"sv","sv621","3L",16994133,16994142,"INV","cds_end_cross",1,21579
"sv","sv622","3L",17023700,17023739,"DUP","cds_end_cross",-1,21593
"sv","sv623","3L",17029574,17029593,"INV","cds_end_cross",1,21595
"sv","sv624","3L",17426755,17428384,"TDUP","transcript_right_cross",-1,21670
"sv","sv625","3L",17437905,17438048,"INV","flank_right",-1,21678
"sv","sv626","3L",17526950,17526981,"TDUP","cds_start_cross",-1,21709
"sv","sv627","3L",17793938,17794772,"DEL","exon_exact",-1,21781
"sv","sv628","3L",17908245,17908274,"DUP","cds_start_cross",1,21838
"sv","sv629","3L",18298986,18299023,"DUP","exon_end_cross",-1,21902
"sv","sv63","2L",6047611,6047836,"DUP","flank_left",1,2025
"sv","sv630","3L",18667787,18668364,"INV","transcript_left_cross",-1,21964
"sv","sv631","3L",18679559,18680779,"TDUP","transcript_exact",1,21970
"sv","sv632","3L",18892894,18893413,"DEL","transcript_right_cross",1,22038
"sv","sv633","3L",18920553,18920568,"INV","cds_start_cross",-1,22056
"sv","sv634","3L",19296556,19296618,"TDUP","multi_exon",1,22158
"sv","sv635","3L",19491732,19493411,"DEL","transcript_left_cross",-1,22222
"sv","sv636","3L",19604974,19605035,"INV","multi_exon",-1,22264
"sv","sv637","3L",19691953,19692726,"TDUP","multi_exon",-1,22296
"sv","sv638","3L",19801418,19803427,"DUP","transcript_exact",1,22325
"sv","sv639","3L",19834092,19834092,"INS","ins_cds_end",-1,22346
"sv","sv64","2L",6065997,6067635,"DUP","transcript_exact",1,2035
"sv","sv640","3L",19987997,19989158,"DUP","transcript_right_cross",1,22409
"sv","sv641","3L",20028726,20028726,"INS","ins_exon_interior",-1,22431
"sv","sv642","3L",20262444,20262481,"TDUP","exon_end_cross",1,22507
"sv","sv643","3L",20263705,20263756,"DUP","exon_end_cross",1,22503
"sv","sv644","3L",20266079,20266196,"DUP","exon_interior",-1,22508
"sv","sv645","3L",20365756,20366957,"INV","transcript_right_cross",-1,22558
"sv","sv646","3L",20432468,20435156,"DUP","transcript_exact",1,22591
"sv","sv647","3L",20456793,20456870,"DEL","multi_exon",-1,22612
"sv","sv648","3L",20795916,20796502,"INV","transcript_exact",-1,22710
"sv","sv649","3L",21196390,21196442,"TDUP","intron_interior",-1,22842
"sv","sv65","2L",6331044,6331750,"DUP","exon_exact",1,2092
"sv","sv650","3L",21357269,21357341,"DUP","transcript_exact",1,22923
"sv","sv651","3L",21494019,21497183,"INV","transcript_exact",-1,22964
"sv","sv652","3L",21544502,21544556,"DUP","intron_interior",-1,23014
"sv","sv653","3L",21567710,21567751,"TDUP","cds_end_cross",1,23019
"sv","sv654","3L",21690612,21706365,"DEL","transcript_exact",-1,23076
"sv","sv655","3L",21770195,21770210,"DEL","cds_start_cross",1,23106
"sv","sv656","3L",22082824,22082853,"INV","cds_start_cross",1,23204
"sv","sv657","3L",22083034,22083173,"DUP","flank_left",-1,23206
"sv","sv658","3L",22206985,22206985,"INS","ins_exon_end",1,23210
"sv","sv659","3L",22362157,22362489,"INV","flank_right",-1,23251
"sv","sv66","2L",6345870,6345893,"DUP","cds_end_cross",1,2099
"sv","sv660","3L",22760789,22760809,"DUP","exon_exact",1,23367
"sv","sv661","3L",22799909,22800164,"TDUP","flank_left",1,23386
"sv","sv662","3L",22901817,22901826,"DEL","flank_left",1,23447
"sv","sv663","3L",23018972,23019095,"DUP","exon_interior",1,23508
"sv","sv664","3L",23065902,23066056,"INV","flank_left",-1,23555
"sv","sv665","3L",23118958,23122448,"INV","transcript_exact",1,23591
"sv","sv666","3L",23126378,23126763,"TDUP","flank_right",1,23593
"sv","sv667","3L",23289140,23289530,"DEL","exon_interior",-1,23714
"sv","sv668","3L",23299651,23299823,"TDUP","flank_right",-1,23717
"sv","sv669","3L",23319478,23325640,"DEL","intron_interior",-1,23731
"sv","sv67","2L",6457485,6457528,"DUP","exon_end_cross",1,2132
"sv","sv670","3L",23336533,23336582,"INV","transcript_exact",-1,23745
"sv","sv671","3L",23623455,23623652,"INV","flank_left",-1,23946
"sv","sv672","3L",24018309,24018459,"TDUP","flank_left",1,24123
"sv","sv673","3L",24371862,24373355,"INV","transcript_left_cross",-1,24146
"sv","sv674","3L",24445715,24445715,"INS","ins_before_exon",-1,24151
"sv","sv675","3L",25107633,25109296,"DUP","intron_interior",1,24186
"sv","sv676","3L",25798726,25798761,"DUP","exon_end_cross",-1,24223
"sv","sv677","3L",25877127,25877149,"INV","flank_right",1,24227
"sv","sv678","3R",1328901,1329241,"DEL","flank_left",-1,24349
"sv","sv679","3R",3845080,3846755,"DEL","transcript_left_cross",1,24423
"sv","sv68","2L",6505928,6507909,"DUP","transcript_left_cross",-1,2158
"sv","sv680","3R",3846727,3846732,"TDUP","exon_start_cross",1,24423
"sv","sv681","3R",3882693,3883004,"TDUP","transcript_right_cross",1,24428
"sv","sv682","3R",4123024,4123143,"INV","flank_left",1,24440
"sv","sv683","3R",4254847,4254847,"INS","ins_intron",1,24518
"sv","sv684","3R",4366817,4375135,"INV","exon_interior",-1,24604
"sv","sv685","3R",4468006,4468071,"TDUP","multi_exon",-1,24665
"sv","sv686","3R",4560549,4562044,"TDUP","transcript_right_cross",-1,24715
"sv","sv687","3R",4648226,4649667,"DEL","transcript_left_cross",1,24788
"sv","sv688","3R",4795742,4795817,"DEL","exon_interior",-1,24857
"sv","sv689","3R",4816318,4817776,"DUP","transcript_exact",1,24873
"sv","sv69","2L",6525990,6526019,"INV","cds_end_cross",1,2157
"sv","sv690","3R",4926013,4926074,"DUP","intron_interior",1,24897
"sv","sv691","3R",5487835,5488307,"TDUP","exon_exact",1,25075
"sv","sv692","3R",5531326,5531665,"INV","multi_exon",1,25081
"sv","sv693","3R",5542861,5542880,"TDUP","exon_end_cross",-1,25087
"sv","sv694","3R",5544570,5544591,"INV","exon_end_cross",-1,25086
"sv","sv695","3R",5560167,5560194,"INV","exon_end_cross",-1,25100
"sv","sv696","3R",5568098,5568257,"INV","flank_left",1,25113
"sv","sv697","3R",5633627,5634640,"INV","transcript_exact",1,25162
"sv","sv698","3R",5785381,5785381,"INS","ins_exon_end",1,25240
"sv","sv699","3R",6009523,6009873,"DUP","flank_right",-1,25311
"sv","sv7","2L",491300,491317,"DEL","cds_start_cross",1,233
"sv","sv70","2L",6559043,6559072,"DUP","cds_end_cross",1,2165
"sv","sv700","3R",6443223,6443444,"DEL","multi_exon",1,25448
"sv","sv701","3R",6454304,6454739,"DEL","exon_exact",-1,25455
"sv","sv702","3R",6727237,6739547,"DEL","intron_interior",-1,25528
"sv","sv703","3R",6740177,6741163,"TDUP","intron_interior",-1,25528
"sv","sv704","3R",6821069,6821598,"TDUP","transcript_right_cross",-1,25563
"sv","sv705","3R",6893200,6893679,"INV","transcript_right_cross",-1,25583
"sv","sv706","3R",7059621,7059652,"DEL","cds_start_cross",1,25610
"sv","sv707","3R",7098830,7100543,"DEL","exon_interior",-1,25655
"sv","sv708","3R",7162890,7163040,"DEL","exon_exact",1,25684
"sv","sv709","3R",7185632,7187021,"DUP","transcript_left_cross",1,25694
"sv","sv71","2L",6566113,6566124,"DEL","cds_end_cross",-1,2173
"sv","sv710","3R",7219448,7219477,"DEL","exon_end_cross",-1,25702
"sv","sv711","3R",7789853,7789914,"DEL","exon_end_cross",-1,25841
"sv","sv712","3R",7810537,7810665,"DUP","exon_interior",1,25852
"sv","sv713","3R",7895824,7896339,"INV","exon_interior",1,25878
"sv","sv714","3R",8002104,8002333,"TDUP","flank_right",1,25919
"sv","sv715","3R",8015102,8016679,"INV","transcript_left_cross",-1,25938
"sv","sv716","3R",8024588,8024658,"DUP","multi_exon",-1,25943
"sv","sv717","3R",8244194,8244221,"TDUP","cds_start_cross",1,26012
"sv","sv718","3R",8298968,8298968,"INS","ins_before_exon",-1,26034
"sv","sv719","3R",8301440,8302770,"TDUP","transcript_exact",1,26036
"sv","sv72","2L",6575719,6575854,"DEL","multi_exon",-1,2174
"sv","sv720","3R",8306856,8307067,"TDUP","flank_right",-1,26038
"sv","sv721","3R",8391292,8391397,"DEL","exon_interior",-1,26075
"sv","sv722","3R",8522840,8522987,"INV","flank_right",1,26089
"sv","sv723","3R",8725978,8726075,"DEL","flank_left",-1,26173
"sv","sv724","3R",8747800,8748241,"INV","exon_interior",1,26178
"sv","sv725","3R",8822849,8823069,"DUP","exon_exact",-1,26219
"sv","sv726","3R",8822849,8824177,"TDUP","transcript_exact",-1,26219
"sv","sv727","3R",8864348,8864348,"INS","ins_exon_end",-1,26223
"sv","sv728","3R",8941832,8941832,"INS","ins_exon_end",1,26249
"sv","sv729","3R",8992845,8992874,"DUP","cds_end_cross",-1,26261
"sv","sv73","2L",6612742,6612801,"TDUP","exon_start_cross",1,2177
"sv","sv730","3R",9174146,9174256,"DUP","flank_left",1,26317
"sv","sv731","3R",9237596,9237639,"TDUP","exon_start_cross",-1,26315
"sv","sv732","3R",9292051,9293942,"INV","transcript_left_cross",-1,26342
"sv","sv733","3R",9427248,9428659,"INV","transcript_left_cross",1,26404
"sv","sv734","3R",9455473,9455518,"TDUP","exon_end_cross",1,26404
"sv","sv735","3R",9498033,9498608,"INV","transcript_right_cross",-1,26426
"sv","sv736","3R",9507026,9507046,"DEL","flank_right",1,26428
"sv","sv737","3R",9566460,9566557,"INV","multi_exon",1,26465
"sv","sv738","3R",9628658,9628693,"INV","exon_end_cross",1,26490
"sv","sv739","3R",9647188,9647534,"DEL","flank_left",-1,26507
"sv","sv74","2L",6657379,6657432,"INV","intron_interior",-1,2196
"sv","sv740","3R",9687060,9691841,"INV","transcript_exact",-1,26518
"sv","sv741","3R",9687402,9691841,"DUP","transcript_exact",-1,26520
"sv","sv742","3R",9689878,9690017,"INV","intron_interior",-1,26517
"sv","sv743","3R",9755575,9755618,"INV","intron_interior",-1,26556
"sv","sv744","3R",9767641,9767680,"INV","flank_right",1,26563
"sv","sv745","3R",9925077,9925418,"DEL","flank_left",1,26626
"sv","sv746","3R",10103600,10103627,"DEL","exon_end_cross",-1,26692
"sv","sv747","3R",10150639,10151452,"DUP","transcript_left_cross",-1,26721
"sv","sv748","3R",10204152,10204210,"TDUP","intron_interior",1,26734
"sv","sv749","3R",10308499,10308660,"DUP","flank_left",-1,26777
"sv","sv75","2L",6676171,6676828,"TDUP","transcript_left_cross",-1,2214
"sv","sv750","3R",10340028,10340111,"DEL","multi_exon",1,26782
"sv","sv751","3R",10752568,10752737,"DEL","flank_right",-1,26851
"sv","sv752","3R",10851747,10853060,"DEL","transcript_right_cross",1,26895
"sv","sv753","3R",10869005,10869058,"DUP","cds_start_cross",1,26911
"sv","sv754","3R",11209216,11209245,"DUP","cds_start_cross",-1,26969
"sv","sv755","3R",11224460,11224503,"DUP","exon_start_cross",1,26983
"sv","sv756","3R",11227377,11228616,"DEL","transcript_left_cross",-1,26992
"sv","sv757","3R",11419479,11419508,"DUP","cds_start_cross",-1,27038
"sv","sv758","3R",11534779,11535580,"DEL","intron_interior",-1,27071
"sv","sv759","3R",11633280,11634992,"INV","exon_interior",-1,27108
"sv","sv76","2L",6688286,6689965,"INV","transcript_left_cross",-1,2228
"sv","sv760","3R",11683782,11683782,"INS","ins_intron",-1,27125
"sv","sv761","3R",11949096,11949133,"INV","exon_end_cross",-1,27199
"sv","sv762","3R",11953040,11953114,"DUP","multi_exon",1,27203
"sv","sv763","3R",11992717,11992768,"INV","exon_start_cross",-1,27233
"sv","sv764","3R",12068375,12090612,"TDUP","transcript_exact",-1,27268
"sv","sv765","3R",12215658,12219686,"TDUP","transcript_exact",-1,27293
"sv","sv766","3R",12374274,12374641,"DEL","flank_right",1,27346
"sv","sv767","3R",12395711,12395823,"DUP","exon_exact",-1,27369
"sv","sv768","3R",12548115,12548830,"INV","transcript_right_cross",-1,27456
"sv","sv769","3R",12696123,12697394,"DUP","transcript_left_cross",1,27516
"sv","sv77","2L",6854146,6855412,"INV","exon_interior",1,2290
"sv","sv770","3R",12994631,12994842,"DEL","flank_right",-1,27571
"sv","sv771","3R",12996684,12996921,"INV","exon_interior",1,27574
"sv","sv772","3R",13089250,13092735,"TDUP","intron_interior",1,27620
"sv","sv773","3R",13661853,13662166,"DEL","multi_exon",1,27755
"sv","sv774","3R",13676684,13676719,"TDUP","exon_start_cross",1,27774
"sv","sv775","3R",14033606,14035475,"INV","transcript_left_cross",-1,27875
"sv","sv776","3R",14215882,14216039,"TDUP","flank_right",-1,27922
"sv","sv777","3R",14258634,14258890,"INV","exon_interior",-1,27938
"sv","sv778","3R",14264926,14264949,"DEL","cds_start_cross",-1,27946
"sv","sv779","3R",14557517,14558047,"DEL","exon_interior",-1,28002
"sv","sv78","2L",6975856,6975891,"TDUP","exon_end_cross",-1,2357
"sv","sv780","3R",14903152,14903336,"INV","flank_right",-1,28106
"sv","sv781","3R",14920972,14921046,"INV","multi_exon",1,28111
"sv","sv782","3R",15232212,15232473,"DUP","exon_exact",-1,28196
"sv","sv783","3R",15241532,15241551,"INV","exon_start_cross",-1,28196
"sv","sv784","3R",15265310,15265655,"DEL","flank_right",-1,28208
"sv","sv785","3R",15276405,15277110,"DUP","transcript_right_cross",1,28219
"sv","sv786","3R",15311418,15312449,"DEL","transcript_left_cross",1,28248
"sv","sv787","3R",15374635,15400011,"DUP","transcript_exact",1,28293
"sv","sv788","3R",15700381,15700563,"TDUP","flank_right",1,28353
"sv","sv789","3R",15912046,15912170,"INV","exon_exact",-1,28423
"sv","sv79","2L",7011275,7011378,"INV","flank_left",-1,2364
"sv","sv790","3R",15935119,15962124,"DEL","transcript_exact",1,28444
"sv","sv791","3R",16052130,16052159,"TDUP","cds_start_cross",1,28491
"sv","sv792","3R",16080563,16080913,"INV","flank_left",1,28506
"sv","sv793","3R",16104334,16104623,"INV","transcript_right_cross",1,28512
"sv","sv794","3R",16180256,16180256,"INS","ins_cds_end",1,28530
"sv","sv795","3R",16272490,16274157,"DEL","multi_exon",1,28561
"sv","sv796","3R",16297175,16297345,"INV","exon_exact",1,28573
"sv","sv797","3R",16441497,16441724,"DEL","flank_left",-1,28632
"sv","sv798","3R",16619047,16619119,"DUP","flank_right",1,28675
"sv","sv799","3R",16852701,16853000,"INV","flank_left",-1,28742
"sv","sv8","2L",583544,594685,"DEL","transcript_exact",-1,273
"sv","sv80","2L",7035550,7035642,"DEL","multi_exon",1,2379
"sv","sv800","3R",16924871,16924892,"DUP","flank_right",-1,28741
"sv","sv801","3R",16927184,16927213,"DUP","exon_start_cross",-1,28751
"sv","sv802","3R",16931385,16931436,"DEL","exon_start_cross",-1,28749
"sv","sv803","3R",16983485,16983512,"TDUP","exon_start_cross",-1,28767
"sv","sv804","3R",17007088,17007125,"INV","cds_end_cross",1,28782
"sv","sv805","3R",17031794,17031829,"INV","cds_start_cross",1,28790
"sv","sv806","3R",17041858,17041873,"TDUP","cds_end_cross",1,28797
"sv","sv807","3R",17150587,17151630,"TDUP","transcript_exact",1,28846
"sv","sv808","3R",17386091,17386124,"INV","cds_start_cross",1,28875
"sv","sv809","3R",17613747,17613982,"INV","transcript_left_cross",1,28946
"sv","sv81","2L",7086467,7086696,"DUP","flank_right",-1,2396
"sv","sv810","3R",17637673,17638820,"DEL","transcript_left_cross",1,28965
"sv","sv811","3R",17770649,17770729,"DEL","multi_exon",-1,29021
"sv","sv812","3R",17773463,17773490,"DEL","exon_start_cross",-1,29025
"sv","sv813","3R",17782214,17783325,"TDUP","exon_exact",-1,29023
"sv","sv814","3R",17881178,17881427,"TDUP","exon_exact",-1,29049
"sv","sv815","3R",17881429,17881772,"TDUP","intron_interior",-1,29052
"sv","sv816","3R",18175641,18175641,"INS","ins_exon_interior",1,29104
"sv","sv817","3R",18573506,18573559,"DEL","exon_end_cross",1,29255
"sv","sv818","3R",18674626,18677539,"INV","transcript_exact",-1,29286
"sv","sv819","3R",18902973,18902974,"TDUP","flank_left",1,29334
"sv","sv82","2L",7237778,7237797,"INV","exon_end_cross",-1,2425
"sv","sv820","3R",18918629,18919421,"INV","intron_interior",1,29341
"sv","sv821","3R",18923815,18924088,"DUP","flank_right",1,29343
"sv","sv822","3R",18982964,18983650,"INV","transcript_exact",-1,29361
"sv","sv823","3R",19158979,19159064,"TDUP","multi_exon",1,29401
"sv","sv824","3R",19178568,19178568,"INS","ins_intron",-1,29406
"sv","sv825","3R",19234482,19234556,"INV","exon_exact",-1,29422
"sv","sv826","3R",19238434,19238582,"INV","exon_exact",-1,29423
"sv","sv827","3R",19488382,19493968,"TDUP","multi_exon",1,29469
"sv","sv828","3R",19644349,19646142,"DUP","transcript_right_cross",-1,29501
"sv","sv829","3R",19754321,19754321,"INS","ins_exon_end",1,29526
"sv","sv83","2L",7240182,7240211,"DUP","cds_end_cross",-1,2431
"sv","sv830","3R",20044834,20044834,"INS","ins_intron",1,29629
"sv","sv831","3R",20139547,20139621,"TDUP","intron_interior",-1,29647
"sv","sv832","3R",20570579,20570638,"TDUP","exon_start_cross",1,29741
"sv","sv833","3R",20609942,20610296,"INV","exon_interior",1,29759
"sv","sv834","3R",20640775,20640828,"TDUP","exon_start_cross",1,29777
"sv","sv835","3R",20700822,20700853,"INV","cds_end_cross",-1,29792
"sv","sv836","3R",20715855,20716202,"INV","flank_right",-1,29793
"sv","sv837","3R",20807177,20807320,"DEL","flank_right",1,29828
"sv","sv838","3R",21031766,21031833,"DEL","exon_start_cross",-1,29921
"sv","sv839","3R",21087432,21087772,"TDUP","exon_exact",-1,29948
"sv","sv84","2L",7404526,7405725,"DEL","transcript_left_cross",1,2468
"sv","sv840","3R",21095290,21096029,"DEL","transcript_right_cross",1,29949
"sv","sv841","3R",21128220,21128342,"DEL","intron_interior",1,29966
"sv","sv842","3R",21129390,21129435,"TDUP","exon_start_cross",-1,29967
"sv","sv843","3R",21353013,21354584,"DEL","transcript_left_cross",-1,30046
"sv","sv844","3R",21528855,21528976,"INV","flank_right",1,30138
"sv","sv845","3R",21578478,21578513,"TDUP","exon_end_cross",-1,30150
"sv","sv846","3R",21789664,21789756,"INV","exon_interior",-1,30209
"sv","sv847","3R",22036075,22036075,"INS","ins_before_exon",1,30283
"sv","sv848","3R",22447899,22447976,"DEL","flank_right",-1,30392
"sv","sv849","3R",22516620,22516639,"INV","exon_start_cross",1,30427
"sv","sv85","2L",7445430,7446849,"INV","transcript_right_cross",1,2490
"sv","sv850","3R",22545648,22545707,"INV","exon_start_cross",-1,30436
"sv","sv851","3R",22618492,22618614,"INV","exon_exact",1,30460
"sv","sv852","3R",22693665,22693752,"TDUP","multi_exon",1,30480
"sv","sv853","3R",22960951,22961249,"DEL","flank_left",-1,30545
"sv","sv854","3R",23187444,23187444,"INS","ins_cds_start",-1,30629
"sv","sv855","3R",23247835,23247896,"INV","flank_left",1,30642
"sv","sv856","3R",23266269,23266288,"DEL","exon_start_cross",-1,30649
"sv","sv857","3R",23359583,23359963,"DUP","flank_right",1,30668
"sv","sv858","3R",23373120,23373120,"INS","ins_cds_start",1,30675
"sv","sv859","3R",23470979,23472276,"INV","exon_interior",-1,30687
"sv","sv86","2L",7474703,7474703,"INS","ins_before_exon",1,2516
"sv","sv860","3R",23506900,23506945,"TDUP","exon_start_cross",-1,30695
"sv","sv861","3R",23694687,23696830,"TDUP","transcript_left_cross",-1,30744
"sv","sv862","3R",23712817,23713134,"DUP","exon_interior",-1,30755
"sv","sv863","3R",23764490,23764616,"TDUP","flank_right",-1,30774
"sv","sv864","3R",23845440,23845499,"INV","exon_end_cross",1,30800
"sv","sv865","3R",24039117,24039146,"DEL","cds_start_cross",1,30891
"sv","sv866","3R",24241191,24241236,"DEL","exon_end_cross",1,30994
"sv","sv867","3R",24290877,24290945,"INV","multi_exon",1,31021
"sv","sv868","3R",24357876,24357893,"TDUP","cds_end_cross",-1,31051
"sv","sv869","3R",24389710,24390659,"TDUP","transcript_left_cross",1,31070
"sv","sv87","2L",7605600,7607701,"TDUP","transcript_exact",1,2531
"sv","sv870","3R",24512124,24512132,"INV","flank_left",1,31089
"sv","sv871","3R",24633558,24634714,"TDUP","exon_exact",1,31130
"sv","sv872","3R",24668146,24708062,"INV","transcript_exact",1,31167
"sv","sv873","3R",24694944,24694971,"INV","exon_start_cross",1,31156
"sv","sv874","3R",24695345,24695415,"TDUP","exon_interior",1,31152
"sv","sv875","3R",24711094,24712787,"INV","transcript_left_cross",1,31174
"sv","sv876","3R",24727849,24727878,"DUP","cds_start_cross",1,31180
"sv","sv877","3R",24746596,24746831,"DEL","multi_exon",1,31180
"sv","sv878","3R",24854080,24854080,"INS","ins_exon_interior",1,31229
"sv","sv879","3R",25040439,25041706,"DUP","transcript_right_cross",1,31298
"sv","sv88","2L",7649073,7649189,"INV","multi_exon",-1,2544
"sv","sv880","3R",25097702,25097753,"DEL","exon_end_cross",1,31338
"sv","sv881","3R",25383700,25384623,"DEL","transcript_exact",1,31456
"sv","sv882","3R",25628017,25628401,"DUP","flank_right",-1,31513
"sv","sv883","3R",25647501,25647649,"DEL","exon_interior",1,31519
"sv","sv884","3R",25654527,25654538,"TDUP","cds_start_cross",-1,31533
"sv","sv885","3R",26035730,26036096,"TDUP","flank_right",1,31677
"sv","sv886","3R",26037933,26039896,"DUP","transcript_right_cross",1,31678
"sv","sv887","3R",26472975,26472996,"INV","cds_start_cross",-1,31775
"sv","sv888","3R",26536288,26536405,"INV","transcript_left_cross",1,31783
"sv","sv889","3R",26578965,26579264,"DUP","flank_right",1,31782
"sv","sv89","2L",7716974,7717321,"DUP","exon_exact",-1,2568
"sv","sv890","3R",26581027,26589905,"DUP","intron_interior",1,31795
"sv","sv891","3R",26915761,26945309,"TDUP","transcript_exact",1,31880
"sv","sv892","3R",27056829,27057121,"DUP","exon_exact",1,31914
"sv","sv893","3R",27158022,27158039,"TDUP","cds_start_cross",1,31968
"sv","sv894","3R",27277249,27280711,"TDUP","transcript_exact",-1,32018
"sv","sv895","3R",27503896,27504553,"DUP","transcript_right_cross",-1,32050
"sv","sv896","3R",27545738,27545831,"TDUP","exon_interior",1,32059
"sv","sv897","3R",27558372,27558372,"INS","ins_cds_end",-1,32061
"sv","sv898","3R",27636412,27639095,"TDUP","transcript_exact",1,32084
"sv","sv899","3R",27664823,27664886,"DUP","multi_exon",1,32111
"sv","sv9","2L",780629,780691,"INV","flank_left",1,311
"sv","sv90","2L",7811733,7811794,"DUP","exon_end_cross",1,2614
"sv","sv900","3R",27673873,27673873,"INS","ins_before_exon",1,32109
"sv","sv901","3R",28078636,28082899,"DEL","intron_interior",1,32193
"sv","sv902","3R",28235068,28235103,"DUP","exon_start_cross",1,32200
"sv","sv903","3R",28531460,28531515,"DUP","intron_interior",-1,32243
"sv","sv904","3R",28603681,28603681,"INS","ins_cds_end",1,32261
"sv","sv905","3R",29132375,29132375,"INS","ins_before_exon",1,32410
"sv","sv906","3R",29143054,29143099,"TDUP","exon_end_cross",1,32413
"sv","sv907","3R",29213858,29216079,"TDUP","transcript_left_cross",1,32442
"sv","sv908","3R",29471651,29471854,"INV","exon_exact",1,32481
"sv","sv909","3R",29483469,29483743,"DUP","exon_exact",1,32479
"sv","sv91","2L",7996141,7997182,"DEL","transcript_right_cross",1,2665
"sv","sv910","3R",29590508,29590906,"DEL","exon_exact",-1,32508
"sv","sv911","3R",29666819,29667082,"TDUP","exon_interior",-1,32527
"sv","sv912","3R",29677356,29677427,"DEL","multi_exon",1,32535
"sv","sv913","3R",29683993,29684014,"INV","exon_start_cross",1,32538
"sv","sv914","3R",29741792,29741835,"DUP","cds_end_cross",1,32562
"sv","sv915","3R",29817277,29817306,"TDUP","exon_end_cross",-1,32598
"sv","sv916","3R",29877058,29877058,"INS","ins_before_exon",1,32639
"sv","sv917","3R",29905464,29906448,"INV","transcript_exact",1,32647
"sv","sv918","3R",29994093,29994145,"DUP","intron_interior",-1,32672
"sv","sv919","3R",30022844,30023836,"DEL","exon_interior",1,32693
"sv","sv92","2L",7998953,7998953,"INS","ins_exon_interior",1,2668
"sv","sv920","3R",30039943,30043069,"DUP","exon_interior",1,32709
"sv","sv921","3R",30129786,30129800,"INV","flank_left",-1,32742
"sv","sv922","3R",30421358,30421460,"DEL","intron_interior",-1,32828
"sv","sv923","3R",30448422,30448422,"INS","ins_exon_interior",-1,32844
"sv","sv924","3R",30449963,30453426,"INV","intron_interior",-1,32845
"sv","sv925","3R",30491813,30496153,"DUP","transcript_exact",-1,32863
"sv","sv926","3R",30593424,30593487,"INV","intron_interior",-1,32918
"sv","sv927","3R",30606394,30606394,"INS","ins_intron",1,32933
"sv","sv928","3R",30704222,30704779,"INV","transcript_left_cross",-1,32957
"sv","sv929","3R",30822473,30826550,"DUP","transcript_exact",1,32987
"sv","sv93","2L",8054325,8054588,"TDUP","exon_interior",-1,2699
"sv","sv930","3R",31052393,31052549,"TDUP","flank_right",-1,33031
"sv","sv931","3R",31260477,31260668,"DUP","intron_interior",1,33097
"sv","sv932","3R",31600375,31600404,"TDUP","exon_start_cross",-1,33156
"sv","sv933","3R",31784258,31784285,"DUP","exon_end_cross",1,33221
"sv","sv934","3R",31874102,31881743,"TDUP","intron_interior",-1,33273
"sv","sv935","3R",31955798,31956146,"TDUP","flank_right",1,33277
"sv","sv936","3R",31985511,31985768,"INV","exon_exact",-1,33268
"sv","sv937","4",70405,110059,"TDUP","transcript_exact",1,33379
"sv","sv938","4",94603,94842,"INV","multi_exon",1,33385
"sv","sv939","4",180395,180662,"INV","flank_left",-1,33455
"sv","sv94","2L",8124334,8124734,"DEL","exon_interior",1,2718
"sv","sv940","4",189525,191310,"INV","transcript_left_cross",1,33459
"sv","sv941","4",226954,227005,"INV","exon_end_cross",-1,33493
"sv","sv942","4",234816,235747,"DEL","transcript_left_cross",1,33510
"sv","sv943","4",288293,288585,"TDUP","flank_left",1,33540
"sv","sv944","4",312769,312804,"DUP","cds_start_cross",-1,33555
"sv","sv945","4",355031,355225,"INV","exon_exact",-1,33566
"sv","sv946","4",363126,363499,"DUP","multi_exon",1,33588
"sv","sv947","4",447949,449324,"DEL","transcript_left_cross",-1,33650
"sv","sv948","4",461196,462909,"DUP","transcript_right_cross",1,33660
"sv","sv949","4",483705,484776,"TDUP","transcript_left_cross",1,33677
"sv","sv95","2L",8137848,8138157,"TDUP","flank_left",-1,2728
"sv","sv950","4",642430,642488,"DUP","intron_interior",-1,33776
"sv","sv951","4",655066,655432,"DUP","exon_interior",-1,33793
"sv","sv952","4",742787,742787,"INS","ins_before_exon",1,33833
"sv","sv953","4",938332,939117,"DEL","exon_exact",1,33940
"sv","sv954","4",949214,949569,"INV","flank_left",1,33955
"sv","sv955","4",1098900,1100331,"DEL","transcript_left_cross",-1,34084
"sv","sv956","4",1178868,1181107,"DEL","transcript_right_cross",-1,34139
"sv","sv957","4",1194732,1194876,"DEL","transcript_exact",-1,34155
"sv","sv958","4",1224405,1225708,"DUP","transcript_right_cross",1,34159
"sv","sv959","4",1315755,1316112,"INV","flank_right",-1,34235
"sv","sv96","2L",8221547,8221558,"DUP","cds_start_cross",-1,2782
"sv","sv960","X",349444,350504,"DEL","exon_exact",1,34369
"sv","sv961","X",657866,657919,"DEL","exon_end_cross",1,34512
"sv","sv962","X",762560,765130,"DUP","transcript_exact",-1,34543
"sv","sv963","X",804878,804923,"DUP","cds_end_cross",-1,34560
"sv","sv964","X",969744,969982,"DEL","flank_right",-1,34604
"sv","sv965","X",1042419,1043218,"INV","multi_exon",1,34624
"sv","sv966","X",1043426,1043488,"DUP","intron_interior",1,34609
"sv","sv967","X",1355938,1356306,"DUP","flank_right",-1,34697
"sv","sv968","X",1452686,1452721,"DUP","cds_start_cross",1,34730
"sv","sv969","X",1473678,1475291,"DEL","transcript_right_cross",1,34748
"sv","sv97","2L",8227826,8227826,"INS","ins_exon_end",-1,2790
"sv","sv970","X",1684456,1684552,"TDUP","exon_interior",-1,34808
"sv","sv971","X",1780674,1780674,"INS","ins_before_exon",1,34829
"sv","sv972","X",1920767,1920767,"INS","ins_exon_end",-1,34910
"sv","sv973","X",1930477,1930538,"DUP","exon_end_cross",1,34914
"sv","sv974","X",2025526,2025563,"INV","cds_start_cross",-1,34950
"sv","sv975","X",2071414,2071451,"DUP","cds_end_cross",-1,34974
"sv","sv976","X",2071710,2072189,"DEL","exon_exact",1,34981
"sv","sv977","X",2121603,2121648,"DUP","exon_end_cross",-1,34996
"sv","sv978","X",2148338,2150273,"TDUP","transcript_left_cross",-1,35010
"sv","sv979","X",2250145,2251859,"INV","transcript_exact",-1,35059
"sv","sv98","2L",8257061,8257096,"DUP","exon_start_cross",-1,2805
"sv","sv980","X",2323319,2323569,"INV","flank_right",-1,35083
"sv","sv981","X",2481311,2481422,"INV","multi_exon",-1,35134
"sv","sv982","X",2483476,2483476,"INS","ins_intron",-1,35139
"sv","sv983","X",2484338,2484510,"DEL","exon_interior",-1,35139
"sv","sv984","X",2490309,2490328,"TDUP","exon_end_cross",-1,35138
"sv","sv985","X",2492993,2493212,"TDUP","exon_interior",-1,35145
"sv","sv986","X",2500200,2500251,"DUP","exon_start_cross",-1,35132
"sv","sv987","X",2501627,2501737,"DEL","exon_exact",-1,35151
"sv","sv988","X",2523875,2523886,"INV","exon_start_cross",-1,35133
"sv","sv989","X",2703564,2704319,"INV","transcript_right_cross",-1,35219
"sv","sv99","2L",8283409,8283555,"TDUP","exon_exact",-1,2818
"sv","sv990","X",3130316,3130380,"TDUP","intron_interior",1,35241
"sv","sv991","X",3332444,3332542,"DEL","exon_interior",1,35310
"sv","sv992","X",4117963,4117963,"INS","ins_before_exon",1,35520
"sv","sv993","X",4118356,4119017,"TDUP","exon_exact",1,35517
"sv","sv994","X",4535599,4535617,"DUP","flank_right",1,35601
"sv","sv995","X",4552896,4553379,"TDUP","transcript_right_cross",1,35613
"sv","sv996","X",4702824,4702892,"INV","exon_exact",1,35652
"sv","sv997","X",4702895,4703550,"DEL","intron_interior",1,35653
"sv","sv998","X",4704199,4704515,"DUP","exon_interior",1,35653
"sv","sv999","X",4909093,4909120,"DEL","exon_start_cross",1,35689
