"kind","id","chrom","event_start","event_end","stype","state","strand","transcript_index"
"bnd","bnd0a","6",97230165,31074387,"BND","after_exon_end/[M[N",1,NA
"bnd","bnd0b","14",31074387,97230165,"BND","exon_mid/[M[N",1,NA
"bnd","bnd100a","4",116468575,91198968,"BND","after_exon_end/N[M[",-1,NA
"bnd","bnd100b","5",91198968,116468575,"BND","transcript_start/]M]N",-1,NA
"bnd","bnd101a","19",5511873,123085789,"BND","transcript_mid/[M[N",1,NA
"bnd","bnd101b","5",123085789,5511873,"BND","before_exon_start/[M[N",-1,NA
"bnd","bnd102a","13",50749474,37460529,"BND","exon_mid/N]M]",-1,NA
"bnd","bnd102b","5",37460529,50749474,"BND","exon_start/N]M]",-1,NA
"bnd","bnd103a","7",117926967,175639677,"BND","exon_start/]M]N",-1,NA
"bnd","bnd103b","1",175639677,117926967,"BND","after_exon_end/N[M[",1,NA
"bnd","bnd104a","13",53072402,71181343,"BND","transcript_mid/N[M[",-1,NA
"bnd","bnd104b","17",71181343,53072402,"BND","upstream_flank/]M]N",-1,NA
"bnd","bnd105a","7",46504726,164601217,"BND","exon_mid/N]M]",1,NA
"bnd","bnd105b","2",164601217,46504726,"BND","exon_end/N]M]",1,NA
"bnd","bnd106a","7",99246254,7538991,"BND","exon_mid/N[M[",1,NA
"bnd","bnd106b","17",7538991,99246254,"BND","exon_start/]M]N",1,NA
"bnd","bnd107a","7",86558325,88016030,"BND","before_exon_start/]M]N",-1,NA
"bnd","bnd107b","17",88016030,86558325,"BND","exon_end/N[M[",1,NA
"bnd","bnd108a","10",53473143,6288558,"BND","transcript_end/[M[N",-1,NA
"bnd","bnd108b","11",6288558,53473143,"BND","exon_start/[M[N",1,NA
"bnd","bnd109a","15",103313252,79988708,"BND","exon_mid/]M]N",-1,NA
"bnd","bnd109b","7",79988708,103313252,"BND","cds_start/N[M[",-1,NA
"bnd","bnd10a","5",73414242,20041978,"BND","exon_end/N]M]",1,NA
"bnd","bnd10b","8",20041978,73414242,"BND","after_exon_end/N]M]",1,NA
"bnd","bnd110a","10",68742056,61452466,"BND","exon_end/N]M]",-1,NA
"bnd","bnd110b","4",61452466,68742056,"BND","upstream_flank/N]M]",1,NA
"bnd","bnd111a","19",53237167,45960539,"BND","transcript_start/N[M[",-1,NA
"bnd","bnd111b","8",45960539,53237167,"BND","before_exon_start/]M]N",1,NA
"bnd","bnd112a","X",37510530,55190879,"BND","before_exon_start/]M]N",-1,NA
"bnd","bnd112b","9",55190879,37510530,"BND","after_exon_end/N[M[",-1,NA
"bnd","bnd113a","4",108875036,22583670,"BND","exon_start/N]M]",1,NA
"bnd","bnd113b","10",22583670,108875036,"BND","exon_start/N]M]",-1,NA
"bnd","bnd114a","15",80836398,39545669,"BND","exon_start/[M[N",1,NA
"bnd","bnd114b","8",39545669,80836398,"BND","transcript_mid/[M[N",1,NA
"bnd","bnd115a","2",29779319,54623121,"BND","transcript_start/N[M[",1,NA
"bnd","bnd115b","3",54623121,29779319,"BND","cds_end/]M]N",1,NA
"bnd","bnd116a","4",154127572,98799656,"BND","exon_mid/N]M]",1,NA
"bnd","bnd116b","11",98799656,154127572,"BND","exon_end/N]M]",1,NA
"bnd","bnd117a","11",105137710,25137062,"BND","exon_end/N]M]",1,NA
"bnd","bnd117b","17",25137062,105137710,"BND","exon_start/N]M]",-1,NA
"bnd","bnd118a","14",30786808,36653283,"BND","exon_end/]M]N",1,NA
"bnd","bnd118b","19",36653283,30786808,"BND","after_exon_end/N[M[",-1,NA
"bnd","bnd119a","12",100352220,73329098,"BND","after_exon_end/[M[N",-1,NA
"bnd","bnd119b","17",73329098,100352220,"BND","exon_end/[M[N",-1,NA
"bnd","bnd11a","2",153334391,118252364,"BND","exon_end/[M[N",1,NA
"bnd","bnd11b","3",118252364,153334391,"BND","exon_start/[M[N",1,NA
"bnd","bnd120a","11",100389095,65972210,"BND","exon_mid/N[M[",-1,NA
"bnd","bnd120b","11",65972210,100389095,"BND","exon_end/]M]N",-1,NA
"bnd","bnd121a","14",57818984,16515846,"BND","transcript_start/]M]N",-1,NA
"bnd","bnd121b","7",16515846,57818984,"BND","exon_mid/N[M[",1,NA
"bnd","bnd122a","11",43572814,138257657,"BND","transcript_start/[M[N",1,NA
"bnd","bnd122b","5",138257657,43572814,"BND","downstream_flank/[M[N",1,NA
"bnd","bnd123a","2",155798495,40270581,"BND","exon_start/]M]N",1,NA
"bnd","bnd123b","4",40270581,155798495,"BND","transcript_start/N[M[",-1,NA
"bnd","bnd124a","2",71042316,7594438,"BND","transcript_start/N[M[",1,NA
"bnd","bnd124b","X",7594438,71042316,"BND","exon_end/]M]N",1,NA
"bnd","bnd125a","2",25801004,14318278,"BND","before_exon_start/N[M[",1,NA
"bnd","bnd125b","14",14318278,25801004,"BND","exon_end/]M]N",-1,NA
"bnd","bnd126a","13",55307735,123311772,"BND","before_exon_start/]M]N",1,NA
"bnd","bnd126b","8",123311772,55307735,"BND","exon_end/N[M[",-1,NA
"bnd","bnd127a","6",121114447,161684579,"BND","transcript_start/[M[N",1,NA
"bnd","bnd127b","X",161684579,121114447,"BND","upstream_flank/[M[N",1,NA
"bnd","bnd128a","8",15012590,13979348,"BND","exon_mid/N]M]",1,NA
"bnd","bnd128b","8",13979348,15012590,"BND","exon_mid/N]M]",1,NA
"bnd","bnd129a","2",32825179,103708421,"BND","before_exon_start/[M[N",-1,NA
"bnd","bnd129b","14",103708421,32825179,"BND","after_exon_end/[M[N",1,NA
"bnd","bnd12a","14",70729613,115182308,"BND","exon_mid/]M]N",-1,NA
"bnd","bnd12b","10",115182308,70729613,"BND","transcript_mid/N[M[",-1,NA
"bnd","bnd130a","10",36870939,54776264,"BND","exon_mid/N[M[",1,NA
"bnd","bnd130b","12",54776264,36870939,"BND","exon_start/]M]N",1,NA
"bnd","bnd131a","1",5159335,89011071,"BND","after_exon_end/[M[N",1,NA
"bnd","bnd131b","15",89011071,5159335,"BND","before_exon_start/[M[N",-1,NA
"bnd","bnd132a","2",25911786,101935751,"BND","transcript_end/]M]N",-1,NA
"bnd","bnd132b","12",101935751,25911786,"BND","before_exon_start/N[M[",-1,NA
"bnd","bnd133a","2",132370760,29099584,"BND","upstream_flank/N]M]",-1,NA
"bnd","bnd133b","3",29099584,132370760,"BND","exon_start/N]M]",-1,NA
"bnd","bnd134a","5",123638288,115499886,"BND","before_exon_start/]M]N",1,NA
"bnd","bnd134b","11",115499886,123638288,"BND","before_exon_start/N[M[",-1,NA
"bnd","bnd135a","9",88725601,84404413,"BND","transcript_mid/]M]N",-1,NA
"bnd","bnd135b","11",84404413,88725601,"BND","exon_end/N[M[",-1,NA
"bnd","bnd136a","7",80994972,114740000,"BND","transcript_end/N[M[",-1,NA
"bnd","bnd136b","9",114740000,80994972,"BND","exon_mid/]M]N",-1,NA
"bnd","bnd137a","2",93247790,74786718,"BND","exon_start/]M]N",1,NA
"bnd","bnd137b","1",74786718,93247790,"BND","after_exon_end/N[M[",-1,NA
"bnd","bnd138a","5",31117659,83706421,"BND","downstream_flank/]M]N",-1,NA
"bnd","bnd138b","15",83706421,31117659,"BND","transcript_mid/N[M[",1,NA
"bnd","bnd139a","11",3305469,105997309,"BND","exon_end/[M[N",-1,NA
"bnd","bnd139b","9",105997309,3305469,"BND","before_exon_start/[M[N",1,NA
"bnd","bnd13a","2",156769259,56280555,"BND","exon_start/N]M]",-1,NA
"bnd","bnd13b","17",56280555,156769259,"BND","transcript_mid/N]M]",1,NA
"bnd","bnd140a","13",104297603,99540848,"BND","after_exon_end/N[M[",-1,NA
"bnd","bnd140b","15",99540848,104297603,"BND","cds_end/]M]N",-1,NA
"bnd","bnd141a","4",44126209,22928734,"BND","upstream_flank/N]M]",-1,NA
"bnd","bnd141b","16",22928734,44126209,"BND","before_exon_start/N]M]",1,NA
"bnd","bnd142a","5",33075268,59610188,"BND","before_exon_start/N[M[",1,NA
"bnd","bnd142b","11",59610188,33075268,"BND","transcript_mid/]M]N",1,NA
"bnd","bnd143a","15",79313911,100407733,"BND","before_exon_start/N[M[",-1,NA
"bnd","bnd143b","11",100407733,79313911,"BND","after_exon_end/]M]N",-1,NA
"bnd","bnd144a","4",140714183,57568290,"BND","upstream_flank/N]M]",1,NA
"bnd","bnd144b","17",57568290,140714183,"BND","exon_start/N]M]",1,NA
"bnd","bnd145a","17",29825873,46837488,"BND","downstream_flank/N]M]",1,NA
"bnd","bnd145b","17",46837488,29825873,"BND","exon_start/N]M]",-1,NA
"bnd","bnd146a","2",12355740,19349979,"BND","exon_start/[M[N",-1,NA
"bnd","bnd146b","2",19349979,12355740,"BND","after_exon_end/[M[N",1,NA
"bnd","bnd147a","12",38031754,5819840,"BND","exon_start/[M[N",1,NA
"bnd","bnd147b","19",5819840,38031754,"BND","after_exon_end/[M[N",-1,NA
"bnd","bnd148a","1",171045300,35718184,"BND","exon_end/]M]N",1,NA
"bnd","bnd148b","11",35718184,171045300,"BND","before_exon_start/N[M[",-1,NA
"bnd","bnd149a","8",34560830,180624900,"BND","exon_end/]M]N",-1,NA
"bnd","bnd149b","2",180624900,34560830,"BND","after_exon_end/N[M[",1,NA
"bnd","bnd14a","11",117007985,119351458,"BND","before_exon_start/N]M]",1,NA
"bnd","bnd14b","14",119351458,117007985,"BND","exon_end/N]M]",1,NA
"bnd","bnd150a","1",54405378,39523322,"BND","exon_end/N[M[",1,NA
"bnd","bnd150b","15",39523322,54405378,"BND","exon_end/]M]N",1,NA
"bnd","bnd151a","6",134692431,63147413,"BND","transcript_start/N[M[",-1,NA
"bnd","bnd151b","10",63147413,134692431,"BND","after_exon_end/]M]N",1,NA
"bnd","bnd152a","16",78062859,4446920,"BND","after_exon_end/]M]N",-1,NA
"bnd","bnd152b","16",4446920,78062859,"BND","exon_start/N[M[",-1,NA
"bnd","bnd153a","11",31621701,89917456,"BND","cds_end/[M[N",-1,NA
"bnd","bnd153b","6",89917456,31621701,"BND","exon_mid/[M[N",-1,NA
"bnd","bnd154a","17",12537731,56090577,"BND","transcript_end/[M[N",-1,NA
"bnd","bnd154b","X",56090577,12537731,"BND","exon_start/[M[N",1,NA
"bnd","bnd155a","7",142052419,58597382,"BND","upstream_flank/[M[N",1,NA
"bnd","bnd155b","2",58597382,142052419,"BND","exon_start/[M[N",1,NA
"bnd","bnd156a","1",171077986,113092489,"BND","transcript_start/N]M]",1,NA
"bnd","bnd156b","6",113092489,171077986,"BND","exon_start/N]M]",1,NA
"bnd","bnd157a","4",120422637,25897965,"BND","after_exon_end/N[M[",-1,NA
"bnd","bnd157b","2",25897965,120422637,"BND","exon_end/]M]N",-1,NA
"bnd","bnd158a","10",88036955,45871139,"BND","transcript_start/N]M]",1,NA
"bnd","bnd158b","17",45871139,88036955,"BND","after_exon_end/N]M]",1,NA
"bnd","bnd159a","11",70455069,74425211,"BND","exon_end/]M]N",-1,NA
"bnd","bnd159b","1",74425211,70455069,"BND","after_exon_end/N[M[",1,NA
"bnd","bnd15a","7",29003538,100933147,"BND","after_exon_end/N[M[",1,NA
"bnd","bnd15b","5",100933147,29003538,"BND","before_exon_start/]M]N",-1,NA
"bnd","bnd160a","2",173070105,25382172,"BND","cds_start/N[M[",-1,NA
"bnd","bnd160b","10",25382172,173070105,"BND","after_exon_end/]M]N",1,NA
"bnd","bnd161a","7",126817581,167354436,"BND","cds_end/N[M[",-1,NA
"bnd","bnd161b","2",167354436,126817581,"BND","before_exon_start/]M]N",1,NA
"bnd","bnd162a","6",48607250,37847745,"BND","after_exon_end/N]M]",1,NA
"bnd","bnd162b","6",37847745,48607250,"BND","before_exon_start/N]M]",1,NA
"bnd","bnd163a","9",90709345,130380313,"BND","transcript_mid/]M]N",-1,NA
"bnd","bnd163b","1",130380313,90709345,"BND","after_exon_end/N[M[",-1,NA
"bnd","bnd164a","13",113051005,150648152,"BND","cds_start/N[M[",-1,NA
"bnd","bnd164b","2",150648152,113051005,"BND","exon_mid/]M]N",1,NA
"bnd","bnd165a","X",133125328,43470505,"BND","cds_start/]M]N",-1,NA
"bnd","bnd165b","10",43470505,133125328,"BND","after_exon_end/N[M[",1,NA
"bnd","bnd166a","11",45800114,106321397,"BND","cds_end/]M]N",1,NA
"bnd","bnd166b","9",106321397,45800114,"BND","exon_mid/N[M[",-1,NA
"bnd","bnd167a","14",55293865,63969294,"BND","transcript_end/N]M]",1,NA
"bnd","bnd167b","7",63969294,55293865,"BND","after_exon_end/N]M]",1,NA
"bnd","bnd168a","4",42460222,153032971,"BND","exon_end/]M]N",1,NA
"bnd","bnd168b","2",153032971,42460222,"BND","exon_start/N[M[",1,NA
"bnd","bnd169a","8",106052882,47509835,"BND","cds_end/N]M]",-1,NA
"bnd","bnd169b","6",47509835,106052882,"BND","before_exon_start/N]M]",-1,NA
"bnd","bnd16a","4",152171353,52171475,"BND","exon_mid/[M[N",1,NA
"bnd","bnd16b","2",52171475,152171353,"BND","before_exon_start/[M[N",-1,NA
"bnd","bnd170a","2",29962585,93720665,"BND","transcript_end/[M[N",1,NA
"bnd","bnd170b","1",93720665,29962585,"BND","exon_end/[M[N",-1,NA
"bnd","bnd171a","2",75282603,106017194,"BND","exon_end/[M[N",-1,NA
"bnd","bnd171b","12",106017194,75282603,"BND","exon_start/[M[N",1,NA
"bnd","bnd172a","7",37970804,34277342,"BND","after_exon_end/]M]N",-1,NA
"bnd","bnd172b","17",34277342,37970804,"BND","after_exon_end/N[M[",1,NA
"bnd","bnd173a","16",33062168,31050348,"BND","cds_end/N]M]",1,NA
"bnd","bnd173b","5",31050348,33062168,"BND","before_exon_start/N]M]",1,NA
"bnd","bnd174a","14",65277284,3958943,"BND","exon_end/N[M[",1,NA
"bnd","bnd174b","19",3958943,65277284,"BND","cds_start/]M]N",-1,NA
"bnd","bnd175a","1",173765572,47123545,"BND","cds_end/[M[N",-1,NA
"bnd","bnd175b","18",47123545,173765572,"BND","before_exon_start/[M[N",1,NA
"bnd","bnd176a","14",58073001,126934012,"BND","cds_start/[M[N",-1,NA
"bnd","bnd176b","2",126934012,58073001,"BND","exon_mid/[M[N",1,NA
"bnd","bnd177a","14",59602858,102639537,"BND","cds_end/N]M]",-1,NA
"bnd","bnd177b","X",102639537,59602858,"BND","exon_start/N]M]",-1,NA
"bnd","bnd178a","7",6152270,140013603,"BND","transcript_mid/N[M[",-1,NA
"bnd","bnd178b","1",140013603,6152270,"BND","exon_start/]M]N",-1,NA
"bnd","bnd179a","8",36482821,155926008,"BND","downstream_flank/[M[N",1,NA
"bnd","bnd179b","4",155926008,36482821,"BND","after_exon_end/[M[N",1,NA
"bnd","bnd17a","15",94466182,60296601,"BND","after_exon_end/]M]N",1,NA
"bnd","bnd17b","11",60296601,94466182,"BND","before_exon_start/N[M[",-1,NA
"bnd","bnd180a","9",21336392,79322972,"BND","cds_start/[M[N",1,NA
"bnd","bnd180b","15",79322972,21336392,"BND","exon_start/[M[N",-1,NA
"bnd","bnd181a","3",87907734,76277659,"BND","downstream_flank/]M]N",-1,NA
"bnd","bnd181b","13",76277659,87907734,"BND","after_exon_end/N[M[",1,NA
"bnd","bnd182a","12",79220407,6284003,"BND","upstream_flank/N[M[",-1,NA
"bnd","bnd182b","19",6284003,79220407,"BND","exon_end/]M]N",-1,NA
"bnd","bnd183a","14",38360563,115499922,"BND","upstream_flank/]M]N",-1,NA
"bnd","bnd183b","11",115499922,38360563,"BND","exon_end/N[M[",-1,NA
"bnd","bnd184a","2",32602859,56372746,"BND","transcript_mid/[M[N",-1,NA
"bnd","bnd184b","12",56372746,32602859,"BND","before_exon_start/[M[N",-1,NA
"bnd","bnd185a","7",28931908,99621154,"BND","cds_end/]M]N",-1,NA
"bnd","bnd185b","11",99621154,28931908,"BND","downstream_flank/N[M[",1,NA
"bnd","bnd186a","1",74904583,113877763,"BND","transcript_mid/[M[N",1,NA
"bnd","bnd186b","2",113877763,74904583,"BND","exon_start/[M[N",-1,NA
"bnd","bnd187a","16",44060545,96803043,"BND","transcript_start/[M[N",-1,NA
"bnd","bnd187b","11",96803043,44060545,"BND","exon_start/[M[N",-1,NA
"bnd","bnd188a","7",127565711,127330890,"BND","transcript_start/N[M[",1,NA
"bnd","bnd188b","10",127330890,127565711,"BND","exon_start/]M]N",1,NA
"bnd","bnd189a","11",70860816,36761642,"BND","downstream_flank/[M[N",-1,NA
"bnd","bnd189b","9",36761642,70860816,"BND","before_exon_start/[M[N",1,NA
"bnd","bnd18a","12",31616844,106436124,"BND","before_exon_start/N]M]",1,NA
"bnd","bnd18b","8",106436124,31616844,"BND","exon_mid/N]M]",1,NA
"bnd","bnd190a","13",22286934,93659528,"BND","transcript_end/]M]N",-1,NA
"bnd","bnd190b","16",93659528,22286934,"BND","before_exon_start/N[M[",1,NA
"bnd","bnd191a","9",53521575,47196614,"BND","cds_end/]M]N",-1,NA
"bnd","bnd191b","13",47196614,53521575,"BND","exon_end/N[M[",-1,NA
"bnd","bnd192a","4",132611832,19554955,"BND","downstream_flank/]M]N",-1,NA
"bnd","bnd192b","14",19554955,132611832,"BND","after_exon_end/N[M[",-1,NA
"bnd","bnd193a","12",85390202,44000077,"BND","cds_start/N[M[",-1,NA
"bnd","bnd193b","1",44000077,85390202,"BND","exon_mid/]M]N",1,NA
"bnd","bnd194a","11",24402266,123893857,"BND","transcript_start/]M]N",1,NA
"bnd","bnd194b","5",123893857,24402266,"BND","exon_end/N[M[",1,NA
"bnd","bnd195a","14",58070159,104778161,"BND","upstream_flank/N[M[",-1,NA
"bnd","bnd195b","3",104778161,58070159,"BND","before_exon_start/]M]N",1,NA
"bnd","bnd196a","1",42890423,77001268,"BND","upstream_flank/N]M]",1,NA
"bnd","bnd196b","15",77001268,42890423,"BND","after_exon_end/N]M]",-1,NA
"bnd","bnd197a","17",26431673,106152720,"BND","upstream_flank/N[M[",-1,NA
"bnd","bnd197b","9",106152720,26431673,"BND","before_exon_start/]M]N",1,NA
"bnd","bnd198a","17",35263076,71417745,"BND","transcript_start/N]M]",-1,NA
"bnd","bnd198b","17",71417745,35263076,"BND","exon_mid/N]M]",1,NA
"bnd","bnd199a","9",109249014,98270892,"BND","transcript_start/N]M]",1,NA
"bnd","bnd199b","11",98270892,109249014,"BND","exon_end/N]M]",1,NA
"bnd","bnd19a","11",70825420,51916666,"BND","exon_end/N]M]",1,NA
"bnd","bnd19b","11",51916666,70825420,"BND","exon_start/N]M]",1,NA
"bnd","bnd1a","12",76572117,77763107,"BND","exon_start/N[M[",-1,NA
"bnd","bnd1b","2",77763107,76572117,"BND","exon_end/]M]N",-1,NA
"bnd","bnd200a","5",146896085,3878620,"BND","cds_end/[M[N",-1,NA
"bnd","bnd200b","16",3878620,146896085,"BND","before_exon_start/[M[N",-1,NA
"bnd","bnd201a","3",98259929,43087334,"BND","transcript_end/N[M[",1,NA
"bnd","bnd201b","7",43087334,98259929,"BND","after_exon_end/]M]N",1,NA
"bnd","bnd202a","9",63285167,23538735,"BND","downstream_flank/N[M[",-1,NA
"bnd","bnd202b","11",23538735,63285167,"BND","after_exon_end/]M]N",-1,NA
"bnd","bnd203a","5",22001142,99106201,"BND","transcript_mid/N]M]",1,NA
"bnd","bnd203b","4",99106201,22001142,"BND","before_exon_start/N]M]",1,NA
"bnd","bnd204a","2",131385992,129777815,"BND","upstream_flank/]M]N",-1,NA
"bnd","bnd204b","3",129777815,131385992,"BND","before_exon_start/N[M[",-1,NA
"bnd","bnd205a","7",140670424,32577916,"BND","downstream_flank/]M]N",1,NA
"bnd","bnd205b","17",32577916,140670424,"BND","before_exon_start/N[M[",-1,NA
"bnd","bnd206a","12",101942514,91020530,"BND","downstream_flank/[M[N",-1,NA
"bnd","bnd206b","2",91020530,101942514,"BND","exon_start/[M[N",-1,NA
"bnd","bnd207a","X",120459144,17191213,"BND","downstream_flank/[M[N",1,NA
"bnd","bnd207b","16",17191213,120459144,"BND","before_exon_start/[M[N",-1,NA
"bnd","bnd208a","5",110931495,25412213,"BND","upstream_flank/]M]N",-1,NA
"bnd","bnd208b","10",25412213,110931495,"BND","transcript_start/N[M[",1,NA
"bnd","bnd209a","1",85893171,69790817,"BND","transcript_mid/N]M]",1,NA
"bnd","bnd209b","18",69790817,85893171,"BND","before_exon_start/N]M]",1,NA
"bnd","bnd20a","6",51570148,88762973,"BND","transcript_end/]M]N",1,NA
"bnd","bnd20b","5",88762973,51570148,"BND","exon_end/N[M[",1,NA
"bnd","bnd210a","1",170002547,3639239,"BND","transcript_end/N[M[",-1,NA
"bnd","bnd210b","12",3639239,170002547,"BND","after_exon_end/]M]N",1,NA
"bnd","bnd211a","18",44470025,20950656,"BND","cds_start/N]M]",1,NA
"bnd","bnd211b","12",20950656,44470025,"BND","exon_start/N]M]",-1,NA
"bnd","bnd212a","9",110970311,18631041,"BND","cds_start/N[M[",1,NA
"bnd","bnd212b","16",18631041,110970311,"BND","upstream_flank/]M]N",1,NA
"bnd","bnd213a","4",102617753,136604022,"BND","cds_start/N]M]",1,NA
"bnd","bnd213b","4",136604022,102617753,"BND","before_exon_start/N]M]",1,NA
"bnd","bnd214a","Y",2004144,11529085,"BND","transcript_start/[M[N",1,NA
"bnd","bnd214b","8",11529085,2004144,"BND","transcript_mid/[M[N",1,NA
"bnd","bnd215a","2",171069563,120190547,"BND","downstream_flank/[M[N",1,NA
"bnd","bnd215b","2",120190547,171069563,"BND","exon_mid/[M[N",-1,NA
"bnd","bnd216a","7",19157965,139087767,"BND","transcript_end/[M[N",1,NA
"bnd","bnd216b","4",139087767,19157965,"BND","before_exon_start/[M[N",1,NA
"bnd","bnd217a","6",99816668,124620307,"BND","upstream_flank/N]M]",-1,NA
"bnd","bnd217b","8",124620307,99816668,"BND","before_exon_start/N]M]",-1,NA
"bnd","bnd218a","3",145639061,73472269,"BND","cds_end/N[M[",1,NA
"bnd","bnd218b","3",73472269,145639061,"BND","before_exon_start/]M]N",1,NA
"bnd","bnd219a","5",31727944,128305534,"BND","transcript_mid/N]M]",-1,NA
"bnd","bnd219b","10",128305534,31727944,"BND","exon_start/N]M]",1,NA
"bnd","bnd21a","7",4853753,24048149,"BND","before_exon_start/N]M]",-1,NA
"bnd","bnd21b","17",24048149,4853753,"BND","after_exon_end/N]M]",-1,NA
"bnd","bnd220a","19",11754457,20244459,"BND","cds_start/[M[N",-1,NA
"bnd","bnd220b","7",20244459,11754457,"BND","transcript_end/[M[N",-1,NA
"bnd","bnd221a","8",71964360,10784925,"BND","cds_end/]M]N",-1,NA
"bnd","bnd221b","18",10784925,71964360,"BND","exon_start/N[M[",-1,NA
"bnd","bnd222a","19",44134870,107529238,"BND","transcript_end/N]M]",-1,NA
"bnd","bnd222b","9",107529238,44134870,"BND","after_exon_end/N]M]",-1,NA
"bnd","bnd223a","1",70036071,86620404,"BND","cds_end/N[M[",1,NA
"bnd","bnd223b","Y",86620404,70036071,"BND","before_exon_start/]M]N",1,NA
"bnd","bnd224a","5",100540472,99344523,"BND","transcript_end/[M[N",-1,NA
"bnd","bnd224b","14",99344523,100540472,"BND","transcript_mid/[M[N",1,NA
"bnd","bnd225a","8",81240354,97267736,"BND","downstream_flank/N[M[",-1,NA
"bnd","bnd225b","13",97267736,81240354,"BND","exon_end/]M]N",-1,NA
"bnd","bnd226a","X",72965382,67929279,"BND","cds_end/N[M[",-1,NA
"bnd","bnd226b","Y",67929279,72965382,"BND","exon_end/]M]N",1,NA
"bnd","bnd227a","7",6374363,55176532,"BND","cds_start/[M[N",1,NA
"bnd","bnd227b","13",55176532,6374363,"BND","after_exon_end/[M[N",-1,NA
"bnd","bnd228a","13",68735409,47962108,"BND","transcript_mid/]M]N",1,NA
"bnd","bnd228b","14",47962108,68735409,"BND","before_exon_start/N[M[",1,NA
"bnd","bnd229a","1",45387907,88988494,"BND","cds_end/[M[N",1,NA
"bnd","bnd229b","15",88988494,45387907,"BND","after_exon_end/[M[N",-1,NA
"bnd","bnd22a","11",68795357,114213935,"BND","transcript_end/N[M[",1,NA
"bnd","bnd22b","9",114213935,68795357,"BND","exon_end/]M]N",-1,NA
"bnd","bnd230a","17",46991897,3301694,"BND","transcript_end/N]M]",-1,NA
"bnd","bnd230b","Y",3301694,46991897,"BND","exon_end/N]M]",-1,NA
"bnd","bnd231a","2",130126337,32510460,"BND","cds_end/N]M]",-1,NA
"bnd","bnd231b","18",32510460,130126337,"BND","cds_start/N]M]",1,NA
"bnd","bnd232a","17",26471930,118335554,"BND","upstream_flank/N]M]",1,NA
"bnd","bnd232b","9",118335554,26471930,"BND","cds_start/N]M]",1,NA
"bnd","bnd233a","8",112120458,89165039,"BND","downstream_flank/[M[N",-1,NA
"bnd","bnd233b","15",89165039,112120458,"BND","exon_mid/[M[N",1,NA
"bnd","bnd234a","12",99582155,148662875,"BND","downstream_flank/N[M[",1,NA
"bnd","bnd234b","4",148662875,99582155,"BND","exon_start/]M]N",1,NA
"bnd","bnd235a","19",33079581,57205053,"BND","transcript_end/N[M[",1,NA
"bnd","bnd235b","4",57205053,33079581,"BND","exon_end/]M]N",-1,NA
"bnd","bnd236a","14",36551793,3664244,"BND","upstream_flank/]M]N",1,NA
"bnd","bnd236b","8",3664244,36551793,"BND","before_exon_start/N[M[",-1,NA
"bnd","bnd237a","11",26337215,69808094,"BND","cds_start/N[M[",1,NA
"bnd","bnd237b","1",69808094,26337215,"BND","upstream_flank/]M]N",1,NA
"bnd","bnd238a","X",20726759,94943270,"BND","downstream_flank/N[M[",1,NA
"bnd","bnd238b","11",94943270,20726759,"BND","exon_start/]M]N",-1,NA
"bnd","bnd239a","18",11790416,110252087,"BND","upstream_flank/]M]N",1,NA
"bnd","bnd239b","9",110252087,11790416,"BND","downstream_flank/N[M[",1,NA
"bnd","bnd23a","14",57803379,143960671,"BND","exon_start/]M]N",-1,NA
"bnd","bnd23b","7",143960671,57803379,"BND","after_exon_end/N[M[",-1,NA
"bnd","bnd240a","4",151595794,146812064,"BND","upstream_flank/N[M[",1,NA
"bnd","bnd240b","2",146812064,151595794,"BND","exon_end/]M]N",1,NA
"bnd","bnd241a","10",120044751,4457638,"BND","cds_start/N]M]",1,NA
"bnd","bnd241b","11",4457638,120044751,"BND","exon_mid/N]M]",-1,NA
"bnd","bnd242a","3",57709871,86922434,"BND","cds_end/]M]N",1,NA
"bnd","bnd242b","9",86922434,57709871,"BND","before_exon_start/N[M[",1,NA
"bnd","bnd243a","17",45971085,83468895,"BND","transcript_start/]M]N",-1,NA
"bnd","bnd243b","15",83468895,45971085,"BND","exon_mid/N[M[",-1,NA
"bnd","bnd244a","7",142048604,12664701,"BND","upstream_flank/]M]N",1,NA
"bnd","bnd244b","7",12664701,142048604,"BND","transcript_start/N[M[",1,NA
"bnd","bnd245a","4",129517711,97061310,"BND","downstream_flank/N[M[",-1,NA
"bnd","bnd245b","13",97061310,129517711,"BND","exon_mid/]M]N",1,NA
"bnd","bnd246a","8",15201123,39462571,"BND","transcript_start/]M]N",-1,NA
"bnd","bnd246b","6",39462571,15201123,"BND","after_exon_end/N[M[",-1,NA
"bnd","bnd247a","11",61425999,13342339,"BND","downstream_flank/N]M]",1,NA
"bnd","bnd247b","17",13342339,61425999,"BND","after_exon_end/N]M]",-1,NA
"bnd","bnd248a","6",50887232,34740280,"BND","transcript_mid/N[M[",1,NA
"bnd","bnd248b","7",34740280,50887232,"BND","exon_end/]M]N",1,NA
"bnd","bnd249a","12",3292935,31026969,"BND","transcript_mid/]M]N",1,NA
"bnd","bnd249b","5",31026969,3292935,"BND","before_exon_start/N[M[",1,NA
"bnd","bnd24a","4",149633274,143086117,"BND","exon_mid/]M]N",1,NA
"bnd","bnd24b","7",143086117,149633274,"BND","exon_end/N[M[",-1,NA
"bnd","bnd250a","8",12880129,11055045,"BND","transcript_mid/[M[N",-1,NA
"bnd","bnd250b","18",11055045,12880129,"BND","transcript_mid/[M[N",1,NA
"bnd","bnd251a","10",121218015,50116898,"BND","transcript_end/N]M]",1,NA
"bnd","bnd251b","11",50116898,121218015,"BND","cds_end/N]M]",1,NA
"bnd","bnd252a","17",36153313,127529054,"BND","upstream_flank/[M[N",-1,NA
"bnd","bnd252b","7",127529054,36153313,"BND","cds_end/[M[N",-1,NA
"bnd","bnd253a","4",149822544,123744892,"BND","transcript_end/N]M]",-1,NA
"bnd","bnd253b","14",123744892,149822544,"BND","before_exon_start/N]M]",-1,NA
"bnd","bnd254a","18",34695693,79929766,"BND","transcript_start/N]M]",-1,NA
"bnd","bnd254b","7",79929766,34695693,"BND","after_exon_end/N]M]",1,NA
"bnd","bnd255a","4",115641920,60048172,"BND","transcript_end/N]M]",1,NA
"bnd","bnd255b","6",60048172,115641920,"BND","downstream_flank/N]M]",-1,NA
"bnd","bnd256a","12",80809568,69463906,"BND","downstream_flank/N[M[",1,NA
"bnd","bnd256b","17",69463906,80809568,"BND","after_exon_end/]M]N",1,NA
"bnd","bnd257a","7",45566219,57792867,"BND","transcript_end/]M]N",-1,NA
"bnd","bnd257b","8",57792867,45566219,"BND","before_exon_start/N[M[",1,NA
"bnd","bnd258a","2",130292193,62830550,"BND","upstream_flank/N[M[",1,NA
"bnd","bnd258b","10",62830550,130292193,"BND","after_exon_end/]M]N",1,NA
"bnd","bnd259a","15",99000351,100425118,"BND","transcript_mid/]M]N",1,NA
"bnd","bnd259b","10",100425118,99000351,"BND","exon_end/N[M[",-1,NA
"bnd","bnd25a","17",43964365,90840713,"BND","exon_end/N[M[",-1,NA
"bnd","bnd25b","15",90840713,43964365,"BND","after_exon_end/]M]N",-1,NA
"bnd","bnd260a","15",82336653,96432868,"BND","cds_start/N[M[",1,NA
"bnd","bnd260b","8",96432868,82336653,"BND","exon_mid/]M]N",1,NA
"bnd","bnd261a","1",105363847,50281159,"BND","transcript_mid/]M]N",-1,NA
"bnd","bnd261b","11",50281159,105363847,"BND","exon_mid/N[M[",-1,NA
"bnd","bnd262a","X",47371331,140428061,"BND","downstream_flank/N]M]",1,NA
"bnd","bnd262b","4",140428061,47371331,"BND","after_exon_end/N]M]",1,NA
"bnd","bnd263a","11",120954396,9737020,"BND","downstream_flank/N]M]",-1,NA
"bnd","bnd263b","13",9737020,120954396,"BND","exon_end/N]M]",-1,NA
"bnd","bnd264a","11",21848526,5245419,"BND","cds_end/]M]N",1,NA
"bnd","bnd264b","18",5245419,21848526,"BND","exon_mid/N[M[",-1,NA
"bnd","bnd265a","7",97560008,20665523,"BND","cds_end/N]M]",1,NA
"bnd","bnd265b","15",20665523,97560008,"BND","before_exon_start/N]M]",1,NA
"bnd","bnd266a","17",46562941,79989996,"BND","transcript_end/[M[N",1,NA
"bnd","bnd266b","7",79989996,46562941,"BND","downstream_flank/[M[N",-1,NA
"bnd","bnd267a","9",20803342,72404881,"BND","cds_end/N]M]",1,NA
"bnd","bnd267b","6",72404881,20803342,"BND","exon_start/N]M]",1,NA
"bnd","bnd268a","1",10115311,49073124,"BND","cds_start/]M]N",1,NA
"bnd","bnd268b","11",49073124,10115311,"BND","exon_start/N[M[",-1,NA
"bnd","bnd269a","4",46124096,80509862,"BND","cds_start/N]M]",-1,NA
"bnd","bnd269b","12",80509862,46124096,"BND","exon_start/N]M]",1,NA
"bnd","bnd26a","3",105873672,118453667,"BND","before_exon_start/N]M]",1,NA
"bnd","bnd26b","2",118453667,105873672,"BND","after_exon_end/N]M]",1,NA
"bnd","bnd270a","19",55298148,10267474,"BND","cds_start/]M]N",-1,NA
"bnd","bnd270b","10",10267474,55298148,"BND","exon_mid/N[M[",-1,NA
"bnd","bnd271a","12",111738754,95755724,"BND","cds_start/]M]N",1,NA
"bnd","bnd271b","10",95755724,111738754,"BND","before_exon_start/N[M[",1,NA
"bnd","bnd272a","3",35975294,87310679,"BND","cds_end/N[M[",-1,NA
"bnd","bnd272b","12",87310679,35975294,"BND","exon_start/]M]N",-1,NA
"bnd","bnd273a","13",33032471,47624719,"BND","cds_start/]M]N",-1,NA
"bnd","bnd273b","17",47624719,33032471,"BND","exon_start/N[M[",1,NA
"bnd","bnd274a","2",45188608,18625276,"BND","downstream_flank/]M]N",1,NA
"bnd","bnd274b","7",18625276,45188608,"BND","exon_mid/N[M[",-1,NA
"bnd","bnd275a","16",22931110,8072778,"BND","cds_end/[M[N",1,NA
"bnd","bnd275b","X",8072778,22931110,"BND","exon_mid/[M[N",-1,NA
"bnd","bnd276a","8",40964346,15592101,"BND","downstream_flank/N]M]",-1,NA
"bnd","bnd276b","9",15592101,40964346,"BND","before_exon_start/N]M]",-1,NA
"bnd","bnd277a","17",46559050,58928,"BND","upstream_flank/N[M[",1,NA
"bnd","bnd277b","GL456221.1",58928,46559050,"BND","exon_mid/]M]N",1,NA
"bnd","bnd278a","5",135764183,29600167,"BND","downstream_flank/]M]N",1,NA
"bnd","bnd278b","2",29600167,135764183,"BND","before_exon_start/N[M[",1,NA
"bnd","bnd279a","14",71033305,8862847,"BND","transcript_mid/N[M[",1,NA
"bnd","bnd279b","5",8862847,71033305,"BND","after_exon_end/]M]N",1,NA
"bnd","bnd27a","4",132001736,57042728,"BND","exon_mid/[M[N",1,NA
"bnd","bnd27b","9",57042728,132001736,"BND","before_exon_start/[M[N",1,NA
"bnd","bnd280a","X",93165375,100423672,"BND","downstream_flank/N]M]",-1,NA
"bnd","bnd280b","X",100423672,93165375,"BND","transcript_start/N]M]",1,NA
"bnd","bnd281a","14",40841962,140165115,"BND","cds_end/N[M[",1,NA
"bnd","bnd281b","4",140165115,40841962,"BND","exon_mid/]M]N",-1,NA
"bnd","bnd282a","16",93644164,95577019,"BND","upstream_flank/[M[N",1,NA
"bnd","bnd282b","9",95577019,93644164,"BND","exon_start/[M[N",1,NA
"bnd","bnd283a","5",123214337,30373521,"BND","upstream_flank/[M[N",1,NA
"bnd","bnd283b","5",30373521,123214337,"BND","before_exon_start/[M[N",1,NA
"bnd","bnd284a","10",128540577,35073756,"BND","cds_start/N]M]",-1,NA
"bnd","bnd284b","2",35073756,128540577,"BND","exon_start/N]M]",-1,NA
"bnd","bnd285a","10",107248032,20563449,"BND","cds_end/[M[N",1,NA
"bnd","bnd285b","X",20563449,107248032,"BND","exon_end/[M[N",1,NA
"bnd","bnd286a","4",124598288,7427751,"BND","transcript_mid/N[M[",1,NA
"bnd","bnd286b","15",7427751,124598288,"BND","after_exon_end/]M]N",-1,NA
"bnd","bnd287a","5",143150768,62623009,"BND","cds_start/N]M]",-1,NA
"bnd","bnd287b","11",62623009,143150768,"BND","exon_end/N]M]",1,NA
"bnd","bnd28a","16",17621163,156636764,"BND","exon_end/N[M[",1,NA
"bnd","bnd28b","1",156636764,17621163,"BND","after_exon_end/]M]N",-1,NA
"bnd","bnd29a","14",55866097,81459550,"BND","after_exon_end/[M[N",-1,NA
"bnd","bnd29b","10",81459550,55866097,"BND","exon_start/[M[N",-1,NA
"bnd","bnd2a","12",87298489,126632006,"BND","before_exon_start/[M[N",-1,NA
"bnd","bnd2b","3",126632006,87298489,"BND","exon_end/[M[N",1,NA
"bnd","bnd30a","7",80029566,55239704,"BND","exon_start/[M[N",-1,NA
"bnd","bnd30b","6",55239704,80029566,"BND","exon_start/[M[N",1,NA
"bnd","bnd31a","5",31313350,54394846,"BND","exon_start/[M[N",-1,NA
"bnd","bnd31b","1",54394846,31313350,"BND","exon_start/[M[N",1,NA
"bnd","bnd32a","18",32553198,100835650,"BND","after_exon_end/N[M[",1,NA
"bnd","bnd32b","9",100835650,32553198,"BND","after_exon_end/]M]N",1,NA
"bnd","bnd33a","9",106313372,105070947,"BND","exon_mid/]M]N",-1,NA
"bnd","bnd33b","8",105070947,106313372,"BND","exon_mid/N[M[",1,NA
"bnd","bnd34a","11",71133256,34871300,"BND","exon_start/N]M]",-1,NA
"bnd","bnd34b","18",34871300,71133256,"BND","exon_mid/N]M]",-1,NA
"bnd","bnd35a","11",32164393,4667607,"BND","exon_start/]M]N",-1,NA
"bnd","bnd35b","19",4667607,32164393,"BND","before_exon_start/N[M[",1,NA
"bnd","bnd36a","4",149437434,28996495,"BND","exon_mid/[M[N",-1,NA
"bnd","bnd36b","17",28996495,149437434,"BND","exon_mid/[M[N",1,NA
"bnd","bnd37a","11",70846962,65729440,"BND","exon_start/N[M[",-1,NA
"bnd","bnd37b","15",65729440,70846962,"BND","exon_end/]M]N",1,NA
"bnd","bnd38a","3",83968572,95741395,"BND","upstream_flank/[M[N",-1,NA
"bnd","bnd38b","3",95741395,83968572,"BND","before_exon_start/[M[N",-1,NA
"bnd","bnd39a","6",56865308,31405028,"BND","exon_start/N[M[",-1,NA
"bnd","bnd39b","5",31405028,56865308,"BND","exon_start/]M]N",1,NA
"bnd","bnd3a","18",43723891,82701938,"BND","exon_end/N[M[",-1,NA
"bnd","bnd3b","11",82701938,43723891,"BND","after_exon_end/]M]N",-1,NA
"bnd","bnd40a","13",31957800,76581058,"BND","upstream_flank/[M[N",-1,NA
"bnd","bnd40b","15",76581058,31957800,"BND","cds_start/[M[N",1,NA
"bnd","bnd41a","1",107426437,118118579,"BND","before_exon_start/N]M]",-1,NA
"bnd","bnd41b","4",118118579,107426437,"BND","exon_mid/N]M]",1,NA
"bnd","bnd42a","13",69779720,32540398,"BND","exon_mid/[M[N",1,NA
"bnd","bnd42b","17",32540398,69779720,"BND","transcript_start/[M[N",-1,NA
"bnd","bnd43a","9",106925605,62666745,"BND","transcript_mid/[M[N",1,NA
"bnd","bnd43b","18",62666745,106925605,"BND","exon_end/[M[N",-1,NA
"bnd","bnd44a","6",140990114,74566843,"BND","exon_start/N[M[",1,NA
"bnd","bnd44b","1",74566843,140990114,"BND","after_exon_end/]M]N",1,NA
"bnd","bnd45a","11",94435245,147387523,"BND","before_exon_start/N]M]",-1,NA
"bnd","bnd45b","5",147387523,94435245,"BND","exon_mid/N]M]",1,NA
"bnd","bnd46a","1",86278401,5745673,"BND","after_exon_end/]M]N",-1,NA
"bnd","bnd46b","19",5745673,86278401,"BND","exon_end/N[M[",1,NA
"bnd","bnd47a","17",35020324,3285500,"BND","transcript_start/N]M]",-1,NA
"bnd","bnd47b","12",3285500,35020324,"BND","upstream_flank/N]M]",1,NA
"bnd","bnd48a","3",95084627,70393120,"BND","transcript_end/]M]N",1,NA
"bnd","bnd48b","12",70393120,95084627,"BND","before_exon_start/N[M[",-1,NA
"bnd","bnd49a","6",4532798,41322747,"BND","after_exon_end/N[M[",1,NA
"bnd","bnd49b","X",41322747,4532798,"BND","before_exon_start/]M]N",1,NA
"bnd","bnd4a","2",78702766,135955093,"BND","exon_start/N]M]",1,NA
"bnd","bnd4b","7",135955093,78702766,"BND","exon_start/N]M]",1,NA
"bnd","bnd50a","1",9990660,137476579,"BND","exon_start/N[M[",1,NA
"bnd","bnd50b","6",137476579,9990660,"BND","before_exon_start/]M]N",-1,NA
"bnd","bnd51a","7",139617233,122343582,"BND","exon_mid/N[M[",1,NA
"bnd","bnd51b","14",122343582,139617233,"BND","exon_end/]M]N",-1,NA
"bnd","bnd52a","12",113115773,83258877,"BND","exon_end/[M[N",1,NA
"bnd","bnd52b","12",83258877,113115773,"BND","exon_mid/[M[N",-1,NA
"bnd","bnd53a","10",95238321,117880571,"BND","transcript_mid/N[M[",-1,NA
"bnd","bnd53b","9",117880571,95238321,"BND","after_exon_end/]M]N",1,NA
"bnd","bnd54a","16",18125869,173871089,"BND","exon_mid/N]M]",-1,NA
"bnd","bnd54b","1",173871089,18125869,"BND","transcript_end/N]M]",1,NA
"bnd","bnd55a","16",20101570,107870092,"BND","exon_end/N]M]",-1,NA
"bnd","bnd55b","11",107870092,20101570,"BND","after_exon_end/N]M]",-1,NA
"bnd","bnd56a","13",55361963,121577471,"BND","exon_end/[M[N",1,NA
"bnd","bnd56b","5",121577471,55361963,"BND","exon_mid/[M[N",1,NA
"bnd","bnd57a","7",3654492,29959529,"BND","before_exon_start/N[M[",1,NA
"bnd","bnd57b","2",29959529,3654492,"BND","before_exon_start/]M]N",1,NA
"bnd","bnd58a","6",82945134,62457303,"BND","after_exon_end/]M]N",1,NA
"bnd","bnd58b","10",62457303,82945134,"BND","after_exon_end/N[M[",-1,NA
"bnd","bnd59a","2",90704625,51449608,"BND","transcript_mid/N]M]",-1,NA
"bnd","bnd59b","10",51449608,90704625,"BND","before_exon_start/N]M]",1,NA
"bnd","bnd5a","11",3946921,77861656,"BND","cds_start/[M[N",1,NA
"bnd","bnd5b","18",77861656,3946921,"BND","exon_start/[M[N",1,NA
"bnd","bnd60a","14",61873007,104173193,"BND","exon_mid/[M[N",-1,NA
"bnd","bnd60b","11",104173193,61873007,"BND","before_exon_start/[M[N",1,NA
"bnd","bnd61a","4",138043477,121026653,"BND","transcript_mid/[M[N",-1,NA
"bnd","bnd61b","2",121026653,138043477,"BND","exon_mid/[M[N",1,NA
"bnd","bnd62a","9",106033306,5929673,"BND","exon_end/[M[N",-1,NA
"bnd","bnd62b","11",5929673,106033306,"BND","exon_start/[M[N",-1,NA
"bnd","bnd63a","4",62378829,11052475,"BND","exon_mid/[M[N",-1,NA
"bnd","bnd63b","18",11052475,62378829,"BND","exon_start/[M[N",-1,NA
"bnd","bnd64a","5",60143364,63189115,"BND","transcript_end/N[M[",-1,NA
"bnd","bnd64b","1",63189115,60143364,"BND","before_exon_start/]M]N",-1,NA
"bnd","bnd65a","10",44265200,35661531,"BND","transcript_end/]M]N",1,NA
"bnd","bnd65b","8",35661531,44265200,"BND","exon_start/N[M[",-1,NA
"bnd","bnd66a","4",82020870,93348009,"BND","exon_mid/]M]N",1,NA
"bnd","bnd66b","1",93348009,82020870,"BND","exon_end/N[M[",-1,NA
"bnd","bnd67a","2",23123865,142484858,"BND","exon_start/N]M]",1,NA
"bnd","bnd67b","7",142484858,23123865,"BND","downstream_flank/N]M]",-1,NA
"bnd","bnd68a","5",29941115,72038377,"BND","after_exon_end/N]M]",1,NA
"bnd","bnd68b","4",72038377,29941115,"BND","exon_start/N]M]",-1,NA
"bnd","bnd69a","13",41694382,82719840,"BND","transcript_start/N[M[",-1,NA
"bnd","bnd69b","10",82719840,41694382,"BND","exon_end/]M]N",1,NA
"bnd","bnd6a","7",64042367,155989866,"BND","transcript_start/]M]N",1,NA
"bnd","bnd6b","4",155989866,64042367,"BND","before_exon_start/N[M[",1,NA
"bnd","bnd70a","X",55529138,64080147,"BND","before_exon_start/[M[N",1,NA
"bnd","bnd70b","9",64080147,55529138,"BND","exon_mid/[M[N",-1,NA
"bnd","bnd71a","X",150790384,57938695,"BND","exon_mid/N[M[",-1,NA
"bnd","bnd71b","11",57938695,150790384,"BND","exon_end/]M]N",1,NA
"bnd","bnd72a","X",72158187,111540468,"BND","exon_mid/N[M[",-1,NA
"bnd","bnd72b","8",111540468,72158187,"BND","after_exon_end/]M]N",-1,NA
"bnd","bnd73a","1",12887562,44403240,"BND","exon_start/]M]N",1,NA
"bnd","bnd73b","7",44403240,12887562,"BND","exon_start/N[M[",1,NA
"bnd","bnd74a","15",12808497,109030262,"BND","transcript_start/[M[N",-1,NA
"bnd","bnd74b","3",109030262,12808497,"BND","exon_start/[M[N",-1,NA
"bnd","bnd75a","8",105240088,119165040,"BND","after_exon_end/N]M]",-1,NA
"bnd","bnd75b","11",119165040,105240088,"BND","before_exon_start/N]M]",1,NA
"bnd","bnd76a","2",29956412,48543746,"BND","exon_start/N[M[",1,NA
"bnd","bnd76b","7",48543746,29956412,"BND","exon_mid/]M]N",1,NA
"bnd","bnd77a","5",77032048,66159684,"BND","exon_end/N]M]",-1,NA
"bnd","bnd77b","17",66159684,77032048,"BND","before_exon_start/N]M]",-1,NA
"bnd","bnd78a","3",95067730,29448957,"BND","before_exon_start/[M[N",1,NA
"bnd","bnd78b","16",29448957,95067730,"BND","exon_mid/[M[N",1,NA
"bnd","bnd79a","7",45573935,42706426,"BND","cds_start/]M]N",1,NA
"bnd","bnd79b","18",42706426,45573935,"BND","after_exon_end/N[M[",1,NA
"bnd","bnd7a","9",61733744,71702087,"BND","before_exon_start/]M]N",-1,NA
"bnd","bnd7b","17",71702087,61733744,"BND","exon_start/N[M[",-1,NA
"bnd","bnd80a","9",51189931,91617708,"BND","before_exon_start/]M]N",1,NA
"bnd","bnd80b","16",91617708,51189931,"BND","after_exon_end/N[M[",1,NA
"bnd","bnd81a","12",113102909,44295958,"BND","before_exon_start/[M[N",-1,NA
"bnd","bnd81b","9",44295958,113102909,"BND","before_exon_start/[M[N",1,NA
"bnd","bnd82a","4",28819980,35319374,"BND","before_exon_start/[M[N",1,NA
"bnd","bnd82b","17",35319374,28819980,"BND","exon_end/[M[N",1,NA
"bnd","bnd83a","16",31853713,41921690,"BND","exon_start/N]M]",-1,NA
"bnd","bnd83b","19",41921690,31853713,"BND","before_exon_start/N]M]",-1,NA
"bnd","bnd84a","13",83741101,83394657,"BND","after_exon_end/N]M]",1,NA
"bnd","bnd84b","4",83394657,83741101,"BND","exon_end/N]M]",-1,NA
"bnd","bnd85a","8",70834994,21732217,"BND","transcript_start/[M[N",-1,NA
"bnd","bnd85b","4",21732217,70834994,"BND","before_exon_start/[M[N",1,NA
"bnd","bnd86a","11",72637780,36017841,"BND","after_exon_end/]M]N",1,NA
"bnd","bnd86b","3",36017841,72637780,"BND","exon_end/N[M[",-1,NA
"bnd","bnd87a","9",114083576,79183232,"BND","after_exon_end/N]M]",-1,NA
"bnd","bnd87b","15",79183232,114083576,"BND","exon_start/N]M]",-1,NA
"bnd","bnd88a","12",61716353,4829344,"BND","exon_mid/]M]N",1,NA
"bnd","bnd88b","2",4829344,61716353,"BND","exon_mid/N[M[",1,NA
"bnd","bnd89a","7",24614239,21381983,"BND","transcript_mid/N]M]",1,NA
"bnd","bnd89b","16",21381983,24614239,"BND","exon_end/N]M]",1,NA
"bnd","bnd8a","7",125975912,3576934,"BND","after_exon_end/N]M]",-1,NA
"bnd","bnd8b","19",3576934,125975912,"BND","exon_end/N]M]",-1,NA
"bnd","bnd90a","2",181243140,118373177,"BND","transcript_start/]M]N",1,NA
"bnd","bnd90b","6",118373177,181243140,"BND","exon_mid/N[M[",-1,NA
"bnd","bnd91a","11",115414533,112297869,"BND","cds_start/[M[N",-1,NA
"bnd","bnd91b","10",112297869,115414533,"BND","before_exon_start/[M[N",1,NA
"bnd","bnd92a","7",45694685,51646903,"BND","exon_start/[M[N",1,NA
"bnd","bnd92b","11",51646903,45694685,"BND","before_exon_start/[M[N",-1,NA
"bnd","bnd93a","14",73411354,157823726,"BND","after_exon_end/[M[N",1,NA
"bnd","bnd93b","2",157823726,73411354,"BND","transcript_start/[M[N",-1,NA
"bnd","bnd94a","2",162963291,84429005,"BND","after_exon_end/[M[N",-1,NA
"bnd","bnd94b","12",84429005,162963291,"BND","before_exon_start/[M[N",-1,NA
"bnd","bnd95a","13",94422219,118273050,"BND","exon_mid/N]M]",-1,NA
"bnd","bnd95b","3",118273050,94422219,"BND","transcript_mid/N]M]",-1,NA
"bnd","bnd96a","17",8483094,97070711,"BND","transcript_mid/N]M]",-1,NA
"bnd","bnd96b","15",97070711,8483094,"BND","before_exon_start/N]M]",1,NA
"bnd","bnd97a","11",41859705,86278426,"BND","exon_end/]M]N",-1,NA
"bnd","bnd97b","11",86278426,41859705,"BND","after_exon_end/N[M[",1,NA
"bnd","bnd98a","9",86447784,59182787,"BND","exon_end/N[M[",-1,NA
"bnd","bnd98b","15",59182787,86447784,"BND","exon_start/]M]N",1,NA
"bnd","bnd99a","13",99001476,106771429,"BND","before_exon_start/N[M[",-1,NA
"bnd","bnd99b","8",106771429,99001476,"BND","before_exon_start/]M]N",1,NA
"bnd","bnd9a","2",150791258,140471565,"BND","before_exon_start/N[M[",-1,NA
"bnd","bnd9b","6",140471565,150791258,"BND","exon_start/]M]N",1,NA
"sv","sv0","1",5154674,5154674,"INS","ins_cds_start",1,121589
"sv","sv1","1",9752088,9769879,"INV","transcript_exact",-1,121968
"sv","sv10","1",37454646,37456489,"TDUP","transcript_left_cross",-1,125203
"sv","sv100","10",95619820,95619820,"INS","ins_exon_interior",1,53458
"sv","sv1000","8",56983457,57004558,"INV","transcript_exact",-1,104537
"sv","sv1001","8",57784284,57785671,"DUP","transcript_left_cross",1,104765
"sv","sv1002","8",65171173,65186656,"TDUP","transcript_exact",-1,105556
"sv","sv1003","8",70617698,70617901,"TDUP","exon_exact",1,106510
"sv","sv1004","8",72049852,72049852,"INS","ins_intron",1,108211
"sv","sv1005","8",72650138,72654420,"DEL","transcript_exact",-1,108408
"sv","sv1006","8",73110059,73112155,"INV","intron_interior",-1,108642
"sv","sv1007","8",73434014,73434014,"INS","ins_before_exon",1,108877
"sv","sv1008","8",80017743,80017914,"DUP","flank_left",1,109562
"sv","sv1009","8",84155172,84155193,"DUP","exon_end_cross",1,110105
"sv","sv101","10",102213993,102214038,"TDUP","cds_start_cross",1,54318
"sv","sv1010","8",84298558,84298647,"DEL","multi_exon",-1,110155
"sv","sv1011","8",84449761,84449788,"DUP","cds_end_cross",1,110313
"sv","sv1012","8",84760742,84760819,"DUP","intron_interior",-1,110445
"sv","sv1013","8",85396326,85399933,"DUP","exon_exact",-1,110685
"sv","sv1014","8",85425975,85426096,"DEL","exon_interior",1,110713
"sv","sv1015","8",85590766,85590865,"DUP","multi_exon",1,110933
"sv","sv1016","8",85595482,85595517,"DEL","exon_start_cross",1,110971
"sv","sv1017","8",85663558,85664201,"TDUP","transcript_right_cross",-1,111059
"sv","sv1018","8",93077372,93082321,"INV","multi_exon",-1,112945
"sv","sv1019","8",95208667,95208667,"INS","ins_cds_start",1,113431
"sv","sv102","10",106772095,106773001,"DEL","intron_interior",-1,54585
"sv","sv1020","8",95238965,95239178,"TDUP","intron_interior",1,113427
"sv","sv1021","8",95699731,95700076,"DUP","transcript_left_cross",-1,113688
"sv","sv1022","8",95700315,95700384,"DEL","exon_start_cross",-1,113687
"sv","sv1023","8",95824912,95824979,"TDUP","exon_start_cross",1,113795
"sv","sv1024","8",96445208,96445208,"INS","ins_exon_interior",1,114117
"sv","sv1025","8",96582112,96582218,"DUP","flank_right",-1,114208
"sv","sv1026","8",99897898,99898034,"DEL","exon_exact",-1,114303
"sv","sv1027","8",106433133,106433148,"DUP","cds_start_cross",-1,115511
"sv","sv1028","8",110293740,110293751,"TDUP","flank_right",-1,116507
"sv","sv1029","8",111573308,111573999,"TDUP","transcript_right_cross",-1,116926
"sv","sv103","10",116134124,116134455,"TDUP","flank_left",1,55489
"sv","sv1030","8",111630341,111630439,"INV","flank_right",-1,117013
"sv","sv1031","8",112727975,112727996,"DEL","cds_start_cross",-1,117411
"sv","sv1032","8",116552994,116553211,"DUP","flank_left",1,117708
"sv","sv1033","8",120150933,120152768,"DUP","transcript_right_cross",-1,118084
"sv","sv1034","8",120191641,120191801,"DUP","exon_exact",1,118179
"sv","sv1035","8",123860350,123860580,"DEL","exon_interior",1,119465
"sv","sv1036","8",123960848,123962253,"DEL","intron_interior",-1,119593
"sv","sv1037","8",124560843,124560874,"DUP","cds_end_cross",1,120003
"sv","sv1038","8",124909669,124913453,"DUP","multi_exon",1,120146
"sv","sv1039","8",125610095,125610337,"DUP","exon_exact",1,120404
"sv","sv104","10",117228623,117229242,"DEL","transcript_left_cross",-1,55973
"sv","sv1040","9",3196857,3197025,"DUP","flank_left",1,237236
"sv","sv1041","9",4291184,4291214,"DUP","flank_left",-1,237361
"sv","sv1042","9",6239306,6239327,"INV","exon_start_cross",-1,237512
"sv","sv1043","9",20853904,20853933,"DUP","exon_end_cross",-1,239084
"sv","sv1044","9",21020693,21020752,"INV","exon_end_cross",-1,239223
"sv","sv1045","9",21040832,21040979,"INV","flank_left",-1,239251
"sv","sv1046","9",21117413,21117466,"INV","exon_start_cross",1,239309
"sv","sv1047","9",21256680,21256699,"INV","exon_end_cross",1,239444
"sv","sv1048","9",21750019,21750072,"INV","exon_start_cross",-1,239803
"sv","sv1049","9",22218529,22220500,"DUP","transcript_right_cross",-1,240178
"sv","sv105","10",117233252,117233265,"TDUP","flank_right",1,55968
"sv","sv1050","9",22425382,22425399,"INV","cds_end_cross",1,240282
"sv","sv1051","9",31313530,31313530,"INS","ins_before_exon",1,241096
"sv","sv1052","9",31334422,31334490,"DEL","flank_right",1,241102
"sv","sv1053","9",35113734,35115787,"INV","transcript_left_cross",-1,241582
"sv","sv1054","9",35121128,35121161,"INV","cds_start_cross",-1,241559
"sv","sv1055","9",35124565,35124684,"TDUP","flank_left",-1,241673
"sv","sv1056","9",35581175,35581198,"DEL","exon_exact",1,241824
"sv","sv1057","9",36790220,36790273,"DEL","exon_end_cross",1,242028
"sv","sv1058","9",37137346,37137584,"DEL","flank_left",-1,242134
"sv","sv1059","9",37564062,37564326,"DUP","intron_interior",-1,242328
"sv","sv106","10",118864396,118880169,"INV","intron_interior",-1,56471
"sv","sv1060","9",41879991,41879991,"INS","ins_exon_end",1,243263
"sv","sv1061","9",44243369,44243404,"DEL","exon_end_cross",1,243944
"sv","sv1062","9",44296864,44297002,"TDUP","exon_exact",1,244078
"sv","sv1063","9",44712255,44712257,"TDUP","flank_right",-1,244412
"sv","sv1064","9",45816196,45816227,"TDUP","cds_end_cross",-1,244751
"sv","sv1065","9",48404796,48405315,"DEL","intron_interior",-1,245346
"sv","sv1066","9",48978145,48979955,"INV","intron_interior",1,245536
"sv","sv1067","9",50455757,50455859,"INV","exon_exact",-1,245729
"sv","sv1068","9",54913834,54913859,"TDUP","cds_end_cross",1,246669
"sv","sv1069","9",55665268,55665311,"DEL","exon_start_cross",-1,246881
"sv","sv107","10",119930095,119930146,"DEL","exon_start_cross",-1,56665
"sv","sv1070","9",56855023,56855037,"INV","flank_left",1,247073
"sv","sv1071","9",57292683,57342183,"TDUP","intron_interior",-1,247301
"sv","sv1072","9",57455960,57455981,"DEL","cds_start_cross",-1,247516
"sv","sv1073","9",57502226,57503511,"INV","exon_exact",1,247542
"sv","sv1074","9",57562268,57562387,"DEL","flank_right",-1,247591
"sv","sv1075","9",57821953,57826597,"DEL","multi_exon",1,247740
"sv","sv1076","9",60508567,60508594,"TDUP","exon_start_cross",-1,248952
"sv","sv1077","9",62888153,62888153,"INS","ins_cds_end",-1,249460
"sv","sv1078","9",66469915,66469915,"INS","ins_exon_interior",-1,250630
"sv","sv1079","9",66740998,66742000,"DUP","exon_exact",-1,250724
"sv","sv108","10",120636582,120637704,"INV","transcript_exact",1,56887
"sv","sv1080","9",70470090,70470103,"DEL","exon_start_cross",1,251414
"sv","sv1081","9",71914004,71914035,"DEL","cds_start_cross",-1,251719
"sv","sv1082","9",72429488,72429580,"INV","exon_interior",-1,251862
"sv","sv1083","9",72946846,72946885,"DUP","cds_end_cross",-1,252016
"sv","sv1084","9",77284408,77284552,"INV","flank_right",-1,252780
"sv","sv1085","9",77761025,77761217,"INV","flank_right",-1,252911
"sv","sv1086","9",78274569,78275001,"DEL","intron_interior",-1,253125
"sv","sv1087","9",78351557,78351793,"TDUP","flank_left",1,253232
"sv","sv1088","9",78352090,78352138,"DUP","flank_left",1,253246
"sv","sv1089","9",78486897,78486897,"INS","ins_intron",-1,253324
"sv","sv109","10",126931519,126931524,"DUP","exon_start_cross",-1,57966
"sv","sv1090","9",83002431,83002473,"DEL","exon_interior",-1,253657
"sv","sv1091","9",83077219,83077620,"DUP","transcript_left_cross",1,253674
"sv","sv1092","9",86392785,86392802,"TDUP","cds_end_cross",1,254007
"sv","sv1093","9",87997253,87998564,"DEL","transcript_left_cross",-1,254308
"sv","sv1094","9",89096738,89097835,"TDUP","transcript_left_cross",1,254774
"sv","sv1095","9",95739339,95739654,"DEL","transcript_left_cross",1,255482
"sv","sv1096","9",96992974,96994243,"DUP","transcript_right_cross",-1,255824
"sv","sv1097","9",99511560,99554129,"DEL","transcript_exact",1,256279
"sv","sv1098","9",102502270,102503593,"DUP","transcript_left_cross",1,256651
"sv","sv1099","9",103940286,103941753,"INV","transcript_right_cross",-1,257123
"sv","sv11","1",38899105,38899227,"DUP","flank_left",-1,125588
"sv","sv110","10",127112704,127113129,"DEL","multi_exon",1,58228
"sv","sv1100","9",106053894,106060820,"DUP","multi_exon",1,257520
"sv","sv1101","9",107737551,107737653,"DEL","exon_interior",-1,258670
"sv","sv1102","9",107822487,107822487,"INS","ins_cds_start",1,258771
"sv","sv1103","9",108734391,108734543,"INV","exon_exact",1,259752
"sv","sv1104","9",108934643,108934672,"DUP","exon_start_cross",1,260024
"sv","sv1105","9",109866316,109866369,"DEL","exon_start_cross",1,260237
"sv","sv1106","9",110063904,110064489,"DUP","transcript_right_cross",1,260325
"sv","sv1107","9",110182232,110182232,"INS","ins_exon_end",1,260408
"sv","sv1108","9",110454181,110454218,"INV","cds_start_cross",-1,260527
"sv","sv1109","9",110540325,110542360,"INV","transcript_right_cross",1,260566
"sv","sv111","10",127153995,127154086,"TDUP","flank_left",1,58327
"sv","sv1110","9",114442833,114442941,"TDUP","flank_left",-1,261900
"sv","sv1111","9",114456589,114458080,"DUP","multi_exon",-1,261837
"sv","sv1112","9",114550927,114552317,"TDUP","intron_interior",1,261920
"sv","sv1113","9",114618702,114618735,"TDUP","cds_start_cross",-1,261976
"sv","sv1114","9",115079849,115080016,"DUP","exon_interior",-1,262056
"sv","sv1115","9",123414912,123416147,"INV","transcript_right_cross",1,264135
"sv","sv1116","9",123932080,123932689,"INV","transcript_right_cross",1,264259
"sv","sv1117","X",7940962,7942451,"TDUP","transcript_right_cross",-1,419547
"sv","sv1118","X",10026847,10083159,"DEL","transcript_exact",-1,419978
"sv","sv1119","X",19031605,19104091,"DEL","transcript_exact",-1,420521
"sv","sv112","10",127295433,127295478,"TDUP","exon_end_cross",1,58349
"sv","sv1120","X",20264074,20264074,"INS","ins_cds_end",1,420561
"sv","sv1121","X",20503180,20503180,"INS","ins_intron",1,420653
"sv","sv1122","X",24340547,24366999,"DUP","transcript_exact",-1,421179
"sv","sv1123","X",36127785,36127785,"INS","ins_cds_end",-1,421506
"sv","sv1124","X",40902783,40902840,"INV","cds_start_cross",-1,421938
"sv","sv1125","X",52159692,52159715,"DUP","cds_end_cross",-1,422727
"sv","sv1126","X",55917899,55917912,"INV","cds_start_cross",1,423233
"sv","sv1127","X",67722399,67722434,"DEL","cds_start_cross",1,423773
"sv","sv1128","X",72127284,72127529,"DUP","flank_right",-1,424198
"sv","sv1129","X",72334020,72334150,"DUP","exon_interior",-1,424483
"sv","sv113","10",127508421,127508494,"DEL","exon_interior",-1,58552
"sv","sv1130","X",73066352,73067114,"DUP","transcript_exact",-1,425066
"sv","sv1131","X",73267322,73268467,"DEL","transcript_left_cross",-1,425094
"sv","sv1132","X",73436293,73436293,"INS","ins_cds_end",-1,425435
"sv","sv1133","X",74566966,74574687,"INV","intron_interior",1,425664
"sv","sv1134","X",74829170,74829619,"TDUP","transcript_left_cross",-1,425767
"sv","sv1135","X",99995261,99998303,"DEL","intron_interior",-1,427033
"sv","sv1136","X",100127782,100127817,"INV","exon_start_cross",-1,427071
"sv","sv1137","X",100141006,100141805,"DEL","transcript_left_cross",-1,427091
"sv","sv1138","X",100337402,100337476,"INV","exon_exact",1,427124
"sv","sv1139","X",101682703,101682772,"TDUP","exon_end_cross",-1,427456
"sv","sv114","10",128112356,128112369,"TDUP","cds_start_cross",1,58914
"sv","sv1140","X",101689182,101689548,"TDUP","flank_right",-1,427490
"sv","sv1141","X",102574113,102575090,"DEL","transcript_right_cross",1,427633
"sv","sv1142","X",104874864,104874915,"DUP","exon_end_cross",-1,428136
"sv","sv1143","X",122052943,122052984,"DEL","cds_end_cross",1,428741
"sv","sv1144","X",133177329,133179042,"INV","transcript_right_cross",-1,429064
"sv","sv1145","X",133206702,133206731,"DEL","exon_end_cross",1,429079
"sv","sv1146","X",133624491,133624871,"DEL","flank_right",1,429196
"sv","sv1147","X",135017438,135017478,"DUP","flank_right",1,429515
"sv","sv1148","X",139857706,139857725,"DUP","exon_end_cross",1,430123
"sv","sv1149","X",143134736,143134781,"DUP","exon_start_cross",1,430357
"sv","sv115","10",128150693,128150693,"INS","ins_exon_end",1,58947
"sv","sv1150","X",149766093,149766160,"DEL","exon_start_cross",-1,430655
"sv","sv1151","X",158410036,158761065,"DEL","transcript_exact",1,431495
"sv","sv1152","X",160025177,160025177,"INS","ins_exon_interior",1,431650
"sv","sv1153","X",163141146,163141222,"DEL","exon_interior",1,431945
"sv","sv1154","X",163241719,163241752,"DEL","cds_end_cross",1,431982
"sv","sv1155","X",163747650,163747695,"DUP","exon_start_cross",-1,432013
"sv","sv1156","X",165128016,165128045,"DEL","cds_start_cross",1,432084
"sv","sv1157","X",165240691,165240706,"DUP","cds_start_cross",-1,432109
"sv","sv1158","Y",90815448,90815603,"TDUP","flank_left",1,23562
"sv","sv116","10",128304715,128304715,"INS","ins_exon_interior",1,59144
"sv","sv117","10",128329661,128329706,"DEL","cds_end_cross",-1,59183
"sv","sv118","10",128678922,128678943,"DEL","cds_end_cross",1,59598
"sv","sv119","11",3090136,3090136,"INS","ins_before_exon",-1,432483
"sv","sv12","1",39364377,39364459,"DUP","exon_exact",1,125651
"sv","sv120","11",4799132,4800551,"DUP","transcript_right_cross",-1,433334
"sv","sv121","11",4871921,4871921,"INS","ins_before_exon",1,433389
"sv","sv122","11",4962979,4965611,"INV","multi_exon",1,433421
"sv","sv123","11",5654326,5657667,"DEL","transcript_exact",-1,433860
"sv","sv124","11",6345628,6345633,"DUP","cds_start_cross",1,434520
"sv","sv125","11",9671473,9671612,"INV","exon_exact",-1,434886
"sv","sv126","11",11779102,11779178,"TDUP","exon_exact",-1,435027
"sv","sv127","11",17161946,17161987,"DEL","cds_start_cross",1,435437
"sv","sv128","11",21270644,21271409,"DEL","transcript_right_cross",1,435945
"sv","sv129","11",30902673,30903001,"DUP","multi_exon",-1,437314
"sv","sv13","1",42343014,42343293,"TDUP","exon_interior",1,126180
"sv","sv130","11",33080491,33080802,"TDUP","flank_right",1,437908
"sv","sv131","11",44452292,44452648,"DUP","exon_exact",1,438880
"sv","sv132","11",45742972,45743001,"DEL","cds_start_cross",1,439005
"sv","sv133","11",49104455,49104498,"DUP","exon_end_cross",1,439396
"sv","sv134","11",50020636,50022137,"TDUP","transcript_left_cross",1,439723
"sv","sv135","11",50127846,50127921,"TDUP","exon_interior",-1,439934
"sv","sv136","11",52173049,52175226,"INV","transcript_right_cross",-1,440831
"sv","sv137","11",52240832,52242149,"INV","transcript_left_cross",1,440857
"sv","sv138","11",54242793,54242793,"INS","ins_intron",1,441484
"sv","sv139","11",54327864,54329045,"TDUP","transcript_left_cross",1,441562
"sv","sv14","1",43071220,43072765,"DUP","transcript_exact",1,126347
"sv","sv140","11",55090222,55090430,"DUP","flank_right",-1,441833
"sv","sv141","11",57373756,57409831,"INV","transcript_exact",-1,442133
"sv","sv142","11",57720117,57720281,"DEL","flank_left",1,442302
"sv","sv143","11",58997120,58997120,"INS","ins_before_exon",-1,442823
"sv","sv144","11",60307608,60308711,"INV","transcript_right_cross",-1,443579
"sv","sv145","11",60418717,60420652,"DUP","transcript_right_cross",1,443660
"sv","sv146","11",60667917,60667928,"DEL","cds_end_cross",-1,443807
"sv","sv147","11",61135682,61158022,"DEL","transcript_exact",-1,443977
"sv","sv148","11",61384783,61384901,"TDUP","intron_interior",-1,444105
"sv","sv149","11",61820884,61820921,"INV","cds_end_cross",-1,444390
"sv","sv15","1",52520161,52520180,"INV","exon_end_cross",-1,127271
"sv","sv150","11",62596378,62596439,"INV","exon_end_cross",-1,444698
"sv","sv151","11",62619919,62619919,"INS","ins_exon_end",-1,444707
"sv","sv152","11",65069833,65071714,"TDUP","multi_exon",-1,445046
"sv","sv153","11",66058843,66058912,"TDUP","exon_start_cross",-1,445207
"sv","sv154","11",69510377,69510447,"TDUP","flank_right",-1,446201
"sv","sv155","11",69512824,69515560,"INV","transcript_exact",1,446207
"sv","sv156","11",70284588,70286018,"TDUP","exon_exact",-1,446974
"sv","sv157","11",70835503,70835562,"DEL","exon_interior",-1,447561
"sv","sv158","11",72380708,72382479,"INV","transcript_right_cross",-1,448075
"sv","sv159","11",72652328,72655608,"DEL","multi_exon",1,448173
"sv","sv16","1",54483936,54483959,"TDUP","cds_start_cross",-1,127668
"sv","sv160","11",74686630,74686813,"DUP","multi_exon",1,448648
"sv","sv161","11",74759117,74759405,"DUP","multi_exon",-1,448665
"sv","sv162","11",75068524,75081300,"INV","transcript_exact",-1,448816
"sv","sv163","11",77357249,77357422,"DUP","exon_interior",1,449515
"sv","sv164","11",78402839,78403996,"DEL","transcript_right_cross",-1,450363
"sv","sv165","11",79971711,79971766,"TDUP","cds_end_cross",-1,450742
"sv","sv166","11",83644525,83644558,"DUP","cds_start_cross",1,451678
"sv","sv167","11",83930146,83930151,"INV","exon_end_cross",1,451780
"sv","sv168","11",84723816,84723861,"INV","cds_start_cross",-1,452099
"sv","sv169","11",86471127,86471274,"INV","flank_left",-1,452607
"sv","sv17","1",57162900,57163031,"INV","flank_left",1,128009
"sv","sv170","11",86502168,86502248,"TDUP","exon_exact",-1,452589
"sv","sv171","11",87989462,87989598,"TDUP","exon_exact",1,453136
"sv","sv172","11",90575856,90575893,"DEL","exon_start_cross",-1,453603
"sv","sv173","11",94051340,94051375,"INV","exon_start_cross",-1,454003
"sv","sv174","11",94328855,94328929,"DUP","intron_interior",-1,454110
"sv","sv175","11",97552671,97553016,"DUP","flank_left",1,455687
"sv","sv176","11",97809741,97814073,"DUP","intron_interior",-1,455830
"sv","sv177","11",98523271,98523723,"DEL","intron_interior",1,456186
"sv","sv178","11",100687444,100687531,"DUP","exon_exact",-1,457196
"sv","sv179","11",100945820,100945865,"INV","exon_start_cross",1,457347
"sv","sv18","1",59545967,59547862,"DEL","transcript_right_cross",1,128767
"sv","sv180","11",101016189,101016863,"TDUP","multi_exon",1,457463
"sv","sv181","11",101136059,101136778,"INV","transcript_left_cross",1,457581
"sv","sv182","11",101184827,101184973,"TDUP","exon_exact",-1,457667
"sv","sv183","11",101453097,101453150,"DEL","exon_start_cross",1,457896
"sv","sv184","11",101901041,101901092,"DUP","exon_end_cross",-1,458114
"sv","sv185","11",102157307,102157622,"DUP","flank_right",1,458328
"sv","sv186","11",102918250,102918970,"TDUP","intron_interior",-1,458928
"sv","sv187","11",103004165,103004494,"DUP","flank_right",1,458959
"sv","sv188","11",104227420,104228954,"TDUP","multi_exon",-1,459344
"sv","sv189","11",106058638,106058733,"TDUP","exon_exact",-1,459799
"sv","sv19","1",64612176,64612518,"TDUP","flank_left",1,129824
"sv","sv190","11",106104157,106104188,"INV","cds_end_cross",-1,459828
"sv","sv191","11",108952774,108952779,"TDUP","flank_left",-1,460660
"sv","sv192","11",113589385,113589430,"TDUP","cds_start_cross",-1,461543
"sv","sv193","11",115300309,115300324,"DUP","cds_end_cross",1,462145
"sv","sv194","11",115306478,115306529,"TDUP","exon_start_cross",-1,462169
"sv","sv195","11",116046865,116048513,"DEL","intron_interior",-1,462884
"sv","sv196","11",116060946,116061301,"DUP","flank_right",-1,462893
"sv","sv197","11",116335406,116335451,"TDUP","exon_end_cross",-1,463104
"sv","sv198","11",119160953,119160962,"DEL","cds_start_cross",1,464341
"sv","sv199","11",119191361,119191555,"TDUP","multi_exon",1,464430
"sv","sv2","1",13720935,13720980,"INV","exon_start_cross",-1,122557
"sv","sv20","1",66892453,66893778,"TDUP","intron_interior",-1,130203
"sv","sv200","11",119956375,119956469,"DEL","multi_exon",-1,464745
"sv","sv201","11",119958772,119958973,"INV","exon_exact",-1,464733
"sv","sv202","11",120358592,120359830,"DEL","intron_interior",1,465196
"sv","sv203","11",120810398,120812351,"DEL","multi_exon",-1,466017
"sv","sv204","11",121470977,121470991,"INV","exon_interior",1,466383
"sv","sv205","11",121608916,121609026,"INV","flank_right",1,466444
"sv","sv206","11",121743602,121743650,"DEL","flank_left",1,466475
"sv","sv207","12",3297342,3297363,"TDUP","exon_start_cross",1,288282
"sv","sv208","12",5336352,5336461,"DEL","exon_interior",1,289040
"sv","sv209","12",21141315,21142444,"DUP","transcript_right_cross",1,290830
"sv","sv21","1",71634816,71634851,"DEL","exon_start_cross",-1,130443
"sv","sv210","12",21379133,21380039,"DEL","multi_exon",-1,290963
"sv","sv211","12",29936117,29936144,"DUP","exon_start_cross",1,292281
"sv","sv212","12",30317030,30317121,"INV","exon_exact",-1,292323
"sv","sv213","12",31488216,31523494,"TDUP","transcript_exact",1,292493
"sv","sv214","12",33376136,33376136,"INS","ins_cds_end",1,293037
"sv","sv215","12",35160660,35160660,"INS","ins_exon_end",1,293189
"sv","sv216","12",40273724,40275453,"INV","transcript_left_cross",-1,293738
"sv","sv217","12",40465195,40465529,"INV","exon_exact",1,293766
"sv","sv218","12",44618270,44618299,"DEL","exon_start_cross",1,294036
"sv","sv219","12",51437216,51438963,"DEL","intron_interior",1,294353
"sv","sv22","1",75119961,75120245,"INV","flank_right",-1,131543
"sv","sv220","12",55213098,55213176,"INV","exon_interior",1,295049
"sv","sv221","12",56740021,56740050,"INV","flank_right",-1,295382
"sv","sv222","12",71660570,71660570,"INS","ins_exon_end",1,297065
"sv","sv223","12",76844735,76869297,"INV","transcript_exact",-1,297974
"sv","sv224","12",78841111,78843638,"DEL","intron_interior",1,298317
"sv","sv225","12",79055935,79055935,"INS","ins_before_exon",-1,298405
"sv","sv226","12",79972115,79981645,"DEL","transcript_exact",1,298563
"sv","sv227","12",80164266,80164384,"TDUP","flank_left",-1,298639
"sv","sv228","12",80807118,80807118,"INS","ins_exon_interior",-1,298895
"sv","sv229","12",84659554,84659670,"DUP","exon_exact",-1,299964
"sv","sv23","1",75213857,75215126,"INV","transcript_right_cross",1,131781
"sv","sv230","12",84972572,84972625,"DEL","exon_end_cross",-1,300059
"sv","sv231","12",85935996,85936047,"DUP","exon_end_cross",1,300502
"sv","sv232","12",87315016,87315114,"DUP","flank_right",-1,300918
"sv","sv233","12",90975699,90986071,"TDUP","multi_exon",-1,301438
"sv","sv234","12",91646219,91646563,"TDUP","flank_left",-1,301498
"sv","sv235","12",91815530,91816055,"DUP","transcript_right_cross",-1,301522
"sv","sv236","12",106017194,106017263,"TDUP","exon_exact",1,303629
"sv","sv237","12",106962024,106962190,"INV","flank_left",1,303866
"sv","sv238","12",110649081,110649328,"DEL","transcript_right_cross",-1,304844
"sv","sv239","12",111125885,111125914,"DEL","exon_start_cross",1,305141
"sv","sv24","1",75293447,75293447,"INS","ins_cds_end",-1,131839
"sv","sv240","12",111506031,111506060,"TDUP","cds_start_cross",1,305288
"sv","sv241","12",113027057,113027094,"DEL","exon_end_cross",1,306318
"sv","sv242","12",113098541,113098788,"INV","flank_left",-1,306438
"sv","sv243","12",115129397,115129697,"DEL","exon_exact",-1,306746
"sv","sv244","12",117806585,117808094,"INV","transcript_left_cross",1,307025
"sv","sv245","13",3185057,3185074,"DEL","flank_left",-1,14
"sv","sv246","13",9731830,9731919,"DEL","flank_left",-1,964
"sv","sv247","13",12245964,12247793,"DUP","multi_exon",-1,1103
"sv","sv248","13",14203940,14203987,"INV","cds_end_cross",-1,1506
"sv","sv249","13",18923592,18923637,"INV","exon_start_cross",1,1999
"sv","sv25","1",75413430,75413463,"TDUP","cds_start_cross",1,131965
"sv","sv250","13",19279034,19280175,"TDUP","intron_interior",1,2060
"sv","sv251","13",25454079,25454108,"TDUP","exon_end_cross",-1,3348
"sv","sv252","13",34361966,34362152,"INV","exon_interior",1,4724
"sv","sv253","13",35728408,35729467,"TDUP","exon_exact",1,4956
"sv","sv254","13",41956442,41958153,"DEL","transcript_left_cross",1,6078
"sv","sv255","13",42038648,42038685,"DEL","exon_end_cross",1,6103
"sv","sv256","13",44628409,44631664,"DUP","intron_interior",-1,6633
"sv","sv257","13",46871526,46871526,"INS","ins_intron",-1,6995
"sv","sv258","13",53498933,53505642,"DUP","multi_exon",-1,8414
"sv","sv259","13",55155179,55155354,"INV","flank_right",1,9133
"sv","sv26","1",75910716,75912919,"INV","transcript_left_cross",1,132119
"sv","sv260","13",55526214,55526510,"DUP","intron_interior",1,9401
"sv","sv261","13",58411751,58411796,"DEL","cds_start_cross",-1,10383
"sv","sv262","13",58428979,58429129,"DEL","exon_exact",1,10389
"sv","sv263","13",58538623,58539412,"INV","transcript_left_cross",-1,10498
"sv","sv264","13",59662104,59665472,"INV","multi_exon",-1,10837
"sv","sv265","13",61404725,61404921,"DEL","flank_right",-1,11243
"sv","sv266","13",65787585,65795866,"TDUP","transcript_exact",1,12083
"sv","sv267","13",67060161,67081125,"DEL","transcript_exact",-1,12354
"sv","sv268","13",67455669,67455985,"TDUP","flank_right",-1,12482
"sv","sv269","13",67539185,67544159,"DUP","intron_interior",-1,12505
"sv","sv27","1",86688091,86688150,"TDUP","exon_end_cross",1,133680
"sv","sv270","13",73943725,73943817,"DUP","exon_interior",1,13507
"sv","sv271","13",74314165,74314202,"DUP","cds_end_cross",1,13663
"sv","sv272","13",74358986,74359537,"DUP","transcript_left_cross",-1,13695
"sv","sv273","13",74752588,74753419,"DEL","transcript_left_cross",-1,13948
"sv","sv274","13",81276495,81277330,"TDUP","transcript_right_cross",1,14584
"sv","sv275","13",81802434,81802804,"DEL","flank_left",1,14619
"sv","sv276","13",83810722,83810755,"TDUP","cds_end_cross",1,14884
"sv","sv277","13",83815157,83816770,"DUP","transcript_right_cross",1,14741
"sv","sv278","13",85337549,85361840,"INV","transcript_exact",1,15224
"sv","sv279","13",85392311,85392469,"TDUP","exon_interior",-1,15240
"sv","sv28","1",87078360,87078411,"INV","exon_end_cross",-1,133755
"sv","sv280","13",88970162,89092944,"DUP","multi_exon",1,15335
"sv","sv281","13",91842216,91842259,"INV","exon_end_cross",1,15556
"sv","sv282","13",95219674,95219674,"INS","ins_cds_start",-1,16191
"sv","sv283","13",100786783,100786844,"TDUP","exon_end_cross",-1,17468
"sv","sv284","13",103233269,103233318,"DUP","cds_end_cross",-1,17983
"sv","sv285","13",104245963,104245974,"INV","cds_end_cross",-1,18131
"sv","sv286","13",106927925,106927970,"DUP","flank_left",-1,18468
"sv","sv287","13",110691388,110691468,"INV","flank_left",-1,18937
"sv","sv288","13",112600450,112600939,"INV","transcript_left_cross",1,19293
"sv","sv289","13",113063948,113066121,"DUP","transcript_right_cross",-1,19401
"sv","sv29","1",89490800,89492565,"TDUP","transcript_right_cross",-1,134358
"sv","sv290","13",113672719,113672785,"INV","flank_right",-1,19529
"sv","sv291","13",116436121,116436385,"DUP","flank_left",-1,19801
"sv","sv292","14",13800448,13800479,"INV","flank_left",1,60798
"sv","sv293","14",14314490,14314490,"INS","ins_exon_end",-1,60971
"sv","sv294","14",19617553,19617735,"DEL","exon_exact",-1,61805
"sv","sv295","14",20427848,20428064,"TDUP","exon_interior",1,62125
"sv","sv296","14",20829330,20842592,"TDUP","multi_exon",-1,62501
"sv","sv297","14",21159809,21159978,"TDUP","flank_right",1,62678
"sv","sv298","14",21798610,21798733,"DEL","transcript_right_cross",-1,62767
"sv","sv299","14",25874723,25875098,"DEL","multi_exon",1,63541
"sv","sv3","1",16172916,16173053,"TDUP","exon_exact",-1,122799
"sv","sv30","1",90539280,90539303,"DUP","cds_start_cross",1,134616
"sv","sv300","14",26040295,26040752,"TDUP","transcript_left_cross",-1,63620
"sv","sv301","14",30599127,30599892,"TDUP","transcript_right_cross",1,64461
"sv","sv302","14",30961684,30962821,"TDUP","multi_exon",-1,64795
"sv","sv303","14",32828163,32828184,"DUP","exon_end_cross",-1,65431
"sv","sv304","14",40726116,40726151,"DUP","cds_end_cross",-1,66162
"sv","sv305","14",45608824,45608861,"TDUP","cds_end_cross",1,67004
"sv","sv306","14",45779194,45779317,"TDUP","exon_interior",-1,67124
"sv","sv307","14",52143584,52143601,"INV","cds_start_cross",-1,68931
"sv","sv308","14",54605114,54607237,"INV","transcript_left_cross",-1,69756
"sv","sv309","14",55733534,55733687,"TDUP","multi_exon",1,70504
"sv","sv31","1",92361115,92361844,"TDUP","transcript_left_cross",-1,135147
"sv","sv310","14",55800413,55800442,"DEL","cds_end_cross",1,70671
"sv","sv311","14",55818048,55818069,"TDUP","exon_start_cross",1,70761
"sv","sv312","14",55953831,55953866,"DUP","cds_start_cross",-1,71054
"sv","sv313","14",57537319,57537710,"DEL","flank_left",-1,71539
"sv","sv314","14",59178665,59178667,"DEL","flank_right",1,71777
"sv","sv315","14",60533569,60533618,"DEL","exon_exact",1,72126
"sv","sv316","14",60719140,60719169,"DUP","flank_left",1,72182
"sv","sv317","14",63843506,63903629,"DEL","transcript_exact",1,73182
"sv","sv318","14",64989379,64989432,"INV","exon_start_cross",1,73341
"sv","sv319","14",65019846,65025853,"DUP","intron_interior",1,73347
"sv","sv32","1",93209473,93209995,"TDUP","multi_exon",1,135426
"sv","sv320","14",65830487,65831844,"DUP","transcript_right_cross",-1,73534
"sv","sv321","14",69567397,69567450,"TDUP","exon_end_cross",-1,74278
"sv","sv322","14",71128295,71128295,"INS","ins_cds_start",1,75098
"sv","sv323","14",71178732,71179733,"DEL","transcript_right_cross",-1,75125
"sv","sv324","14",71179086,71179166,"TDUP","exon_interior",-1,75116
"sv","sv325","14",76081294,76081307,"DUP","exon_start_cross",-1,75758
"sv","sv326","14",78281905,78282998,"DUP","transcript_right_cross",1,76389
"sv","sv327","14",79875391,79875408,"TDUP","cds_start_cross",-1,76604
"sv","sv328","15",3376954,3377083,"INV","exon_exact",-1,344649
"sv","sv329","15",3991593,3993074,"INV","transcript_left_cross",-1,344711
"sv","sv33","1",93433274,93433450,"DUP","flank_right",1,135572
"sv","sv330","15",25445839,25448020,"DEL","transcript_right_cross",-1,346344
"sv","sv331","15",38817938,38818028,"TDUP","flank_right",1,348310
"sv","sv332","15",45842981,45917602,"INV","transcript_exact",1,349071
"sv","sv333","15",51760561,51762355,"DUP","multi_exon",1,349263
"sv","sv334","15",54935317,54935342,"INV","cds_end_cross",-1,349531
"sv","sv335","15",62031927,62033136,"DUP","transcript_left_cross",1,350860
"sv","sv336","15",63809263,63810517,"DEL","multi_exon",-1,351219
"sv","sv337","15",73547515,73549460,"DUP","transcript_exact",1,352099
"sv","sv338","15",73658785,73691259,"TDUP","transcript_exact",-1,352145
"sv","sv339","15",74712318,74712318,"INS","ins_cds_start",-1,352408
"sv","sv34","1",105682618,105684481,"INV","transcript_right_cross",1,136406
"sv","sv340","15",75490047,75490050,"INV","cds_start_cross",1,352676
"sv","sv341","15",75798308,75798644,"TDUP","intron_interior",-1,352940
"sv","sv342","15",75938494,75938580,"INV","flank_left",-1,353079
"sv","sv343","15",76253086,76256051,"INV","transcript_exact",1,353454
"sv","sv344","15",76361635,76385187,"TDUP","transcript_exact",1,353639
"sv","sv345","15",76546205,76546305,"TDUP","multi_exon",1,354062
"sv","sv346","15",76581033,76581084,"DEL","cds_start_cross",1,354187
"sv","sv347","15",78129074,78146781,"DUP","transcript_exact",1,354806
"sv","sv348","15",78176824,78176837,"DEL","exon_end_cross",-1,354819
"sv","sv349","15",79424695,79425864,"TDUP","transcript_left_cross",-1,355612
"sv","sv35","1",105959805,105959832,"TDUP","exon_start_cross",1,136488
"sv","sv350","15",80016028,80017761,"DEL","transcript_left_cross",1,355944
"sv","sv351","15",80112139,80112719,"INV","transcript_exact",-1,355988
"sv","sv352","15",81572208,81572221,"DEL","cds_end_cross",1,356436
"sv","sv353","15",81582588,81582759,"DEL","flank_right",-1,356465
"sv","sv354","15",81788059,81788203,"DEL","exon_interior",1,356680
"sv","sv355","15",81926294,81926327,"DEL","cds_start_cross",-1,356825
"sv","sv356","15",84937874,84937874,"INS","ins_exon_interior",1,358067
"sv","sv357","15",85012046,85012073,"INV","exon_end_cross",-1,358114
"sv","sv358","15",88743105,88743446,"TDUP","flank_left",1,358828
"sv","sv359","15",89184848,89184981,"DEL","multi_exon",-1,359342
"sv","sv36","1",119411229,119411383,"DUP","exon_interior",-1,137163
"sv","sv360","15",96593193,96593315,"DUP","intron_interior",-1,360791
"sv","sv361","15",97639059,97639215,"INV","flank_left",-1,361132
"sv","sv362","15",97658991,97659106,"TDUP","exon_interior",-1,361143
"sv","sv363","15",98004754,98006681,"DUP","transcript_left_cross",1,361335
"sv","sv364","15",98973236,98973236,"INS","ins_cds_start",1,361957
"sv","sv365","15",99519348,99520095,"DEL","intron_interior",-1,362318
"sv","sv366","15",100815674,100815990,"INV","flank_left",-1,362969
"sv","sv367","15",102908961,102918438,"INV","transcript_exact",1,363970
"sv","sv368","16",4207211,4207254,"INV","flank_left",-1,79967
"sv","sv369","16",4340905,4340946,"INV","cds_end_cross",-1,79997
"sv","sv37","1",131730038,131730038,"INS","ins_before_exon",1,138593
"sv","sv370","16",4505069,4505130,"INV","exon_start_cross",1,80102
"sv","sv371","16",5923666,5923741,"DUP","exon_interior",-1,80790
"sv","sv372","16",10264901,10264922,"TDUP","cds_end_cross",-1,81226
"sv","sv373","16",10909639,10909676,"INV","exon_end_cross",-1,81425
"sv","sv374","16",13981231,13981260,"DUP","exon_end_cross",1,82316
"sv","sv375","16",13988206,13988353,"DEL","exon_interior",1,82289
"sv","sv376","16",15412322,15412359,"DUP","cds_end_cross",-1,82440
"sv","sv377","16",16904652,16906537,"TDUP","transcript_left_cross",-1,82904
"sv","sv378","16",16925048,16925085,"INV","exon_interior",-1,82811
"sv","sv379","16",17113294,17113337,"DEL","exon_end_cross",-1,83069
"sv","sv38","1",132931602,132931602,"INS","ins_exon_interior",-1,139128
"sv","sv380","16",18630114,18630270,"INV","multi_exon",-1,84197
"sv","sv381","16",20098573,20098832,"INV","exon_interior",-1,84449
"sv","sv382","16",20557569,20557856,"DUP","intron_interior",1,85051
"sv","sv383","16",21264907,21264907,"INS","ins_intron",1,85173
"sv","sv384","16",21340707,21345123,"INV","intron_interior",1,85170
"sv","sv385","16",21627790,21627801,"TDUP","exon_end_cross",1,85215
"sv","sv386","16",22440990,22441031,"TDUP","cds_end_cross",-1,85459
"sv","sv387","16",22926545,22926598,"TDUP","exon_end_cross",1,85742
"sv","sv388","16",29094180,29096402,"TDUP","multi_exon",-1,86625
"sv","sv389","16",29398358,29398365,"TDUP","cds_start_cross",1,86686
"sv","sv39","1",133975717,133976448,"DUP","transcript_right_cross",1,139398
"sv","sv390","16",30013045,30013990,"TDUP","intron_interior",1,86958
"sv","sv391","16",30899625,30899678,"TDUP","exon_start_cross",-1,87241
"sv","sv392","16",31915328,31915389,"DEL","flank_left",1,87591
"sv","sv393","16",32434202,32435572,"INV","multi_exon",1,87782
"sv","sv394","16",33106356,33106356,"INS","ins_before_exon",1,88028
"sv","sv395","16",34754678,34756569,"DEL","transcript_left_cross",-1,88313
"sv","sv396","16",35467406,35467427,"DEL","exon_start_cross",1,88431
"sv","sv397","16",35483487,35483824,"DEL","exon_exact",1,88454
"sv","sv398","16",35621907,35622088,"DUP","exon_exact",1,88475
"sv","sv399","16",35621907,35622088,"INV","exon_exact",1,88468
"sv","sv4","1",33922431,33923070,"DEL","transcript_right_cross",-1,124288
"sv","sv40","1",134362899,134363189,"DUP","flank_right",1,139624
"sv","sv400","16",36648511,36648518,"TDUP","cds_end_cross",-1,88741
"sv","sv401","16",43431290,43431333,"INV","exon_end_cross",1,89496
"sv","sv402","16",43687762,43687797,"TDUP","exon_start_cross",-1,89573
"sv","sv403","16",43979832,43979871,"TDUP","cds_end_cross",1,89679
"sv","sv404","16",49522384,49523510,"INV","intron_interior",1,90365
"sv","sv405","16",49733893,49734105,"INV","flank_right",1,90429
"sv","sv406","16",58547948,58548505,"DEL","transcript_left_cross",1,91378
"sv","sv407","16",70924625,70924862,"INV","flank_left",1,91975
"sv","sv408","16",84356304,84356635,"INV","transcript_right_cross",1,93044
"sv","sv409","16",84746573,84971126,"DEL","transcript_exact",-1,93284
"sv","sv41","1",134889069,134890610,"TDUP","transcript_left_cross",1,139785
"sv","sv410","16",88172246,88173579,"TDUP","transcript_left_cross",1,93829
"sv","sv411","16",91487628,91487641,"TDUP","exon_end_cross",-1,94605
"sv","sv412","16",94327314,94329175,"INV","transcript_right_cross",-1,95482
"sv","sv413","16",97213258,97213378,"DUP","exon_exact",1,95954
"sv","sv414","17",6869191,6871333,"TDUP","transcript_exact",1,151506
"sv","sv415","17",7074024,7074398,"TDUP","multi_exon",-1,151562
"sv","sv416","17",12455847,12455874,"DUP","exon_start_cross",-1,152266
"sv","sv417","17",12466189,12466189,"INS","ins_before_exon",-1,152253
"sv","sv418","17",17486434,17487727,"DEL","transcript_right_cross",1,153229
"sv","sv419","17",17791891,17792003,"DUP","exon_interior",-1,153279
"sv","sv42","1",135441805,135443622,"DUP","transcript_left_cross",1,140008
"sv","sv420","17",24405141,24405154,"DUP","cds_end_cross",-1,154564
"sv","sv421","17",24738184,24738251,"DEL","exon_end_cross",-1,154929
"sv","sv422","17",24851056,24851056,"INS","ins_cds_end",-1,155004
"sv","sv423","17",25110105,25110284,"DUP","multi_exon",1,155467
"sv","sv424","17",25263244,25264707,"DEL","transcript_left_cross",1,155713
"sv","sv425","17",25309743,25309873,"TDUP","multi_exon",1,155698
"sv","sv426","17",25460688,25460711,"DEL","cds_end_cross",1,155906
"sv","sv427","17",27927035,27927400,"INV","multi_exon",1,157762
"sv","sv428","17",28989104,28989111,"DUP","cds_end_cross",1,158252
"sv","sv429","17",28989119,28990129,"DEL","intron_interior",1,158257
"sv","sv43","1",135565933,135566172,"DEL","exon_exact",1,140014
"sv","sv430","17",29273081,29273213,"INV","exon_exact",1,158480
"sv","sv431","17",32537748,32537778,"TDUP","exon_interior",-1,159713
"sv","sv432","17",33928937,33928958,"DUP","exon_end_cross",-1,160331
"sv","sv433","17",34029497,34041889,"DUP","transcript_exact",1,160452
"sv","sv434","17",34784329,34784358,"TDUP","exon_end_cross",1,161213
"sv","sv435","17",35023352,35023387,"TDUP","cds_end_cross",-1,161452
"sv","sv436","17",36004759,36004786,"INV","cds_end_cross",-1,162598
"sv","sv437","17",36341714,36341989,"INV","exon_exact",-1,162966
"sv","sv438","17",36719124,36720951,"TDUP","transcript_left_cross",1,163179
"sv","sv439","17",36769809,36773226,"INV","transcript_exact",-1,163185
"sv","sv44","1",135779764,135779764,"INS","ins_before_exon",1,140085
"sv","sv440","17",38393855,38393874,"INV","cds_end_cross",-1,163590
"sv","sv441","17",44410204,44410204,"INS","ins_cds_start",-1,164010
"sv","sv442","17",45900113,45900148,"DUP","exon_start_cross",-1,164339
"sv","sv443","17",46167150,46167195,"DEL","exon_end_cross",1,164648
"sv","sv444","17",46477295,46477314,"TDUP","cds_end_cross",1,164762
"sv","sv445","17",46541125,46541306,"INV","exon_exact",1,164813
"sv","sv446","17",46547939,46549296,"DUP","intron_interior",1,164819
"sv","sv447","17",46553040,46554519,"TDUP","exon_interior",1,164806
"sv","sv448","17",46809354,46809414,"INV","exon_interior",1,165025
"sv","sv449","17",46975267,46975320,"INV","exon_end_cross",1,165125
"sv","sv45","1",136499125,136499125,"INS","ins_exon_interior",1,140320
"sv","sv450","17",47683550,47683609,"DEL","exon_end_cross",1,165483
"sv","sv451","17",48099035,48099035,"INS","ins_exon_interior",1,165682
"sv","sv452","17",56343447,56343472,"DEL","cds_end_cross",-1,166776
"sv","sv453","17",56386443,56386480,"DUP","exon_start_cross",1,166882
"sv","sv454","17",56424502,56424540,"TDUP","exon_exact",-1,166989
"sv","sv455","17",56619970,56620036,"DEL","intron_interior",1,167172
"sv","sv456","17",56910535,56910817,"TDUP","exon_interior",1,167396
"sv","sv457","17",56980390,56980390,"INS","ins_cds_start",1,167551
"sv","sv458","17",57014824,57014859,"TDUP","exon_start_cross",1,167522
"sv","sv459","17",57329751,57330059,"TDUP","flank_right",1,167788
"sv","sv46","1",144635763,144635763,"INS","ins_cds_start",-1,141213
"sv","sv460","17",57561050,57561075,"DUP","cds_end_cross",1,168003
"sv","sv461","17",57782905,57782922,"DEL","cds_end_cross",1,168049
"sv","sv462","17",66293516,66384055,"DUP","transcript_exact",-1,168680
"sv","sv463","17",71536346,71536373,"INV","cds_end_cross",1,169475
"sv","sv464","17",71622623,71622623,"INS","ins_exon_end",1,169536
"sv","sv465","17",71803094,71803348,"INV","exon_exact",-1,169578
"sv","sv466","17",79103935,79103994,"DEL","exon_end_cross",-1,170603
"sv","sv467","17",81958463,81958709,"DEL","flank_right",-1,171266
"sv","sv468","17",83322394,83322686,"DUP","flank_left",-1,171384
"sv","sv469","17",84010167,84013134,"TDUP","transcript_exact",-1,171557
"sv","sv47","1",156735239,156735288,"TDUP","cds_end_cross",-1,142692
"sv","sv470","17",84089331,84089405,"DEL","exon_exact",1,171564
"sv","sv471","17",84999278,84999291,"TDUP","cds_start_cross",1,171934
"sv","sv472","17",87565360,87565515,"DEL","exon_interior",-1,172443
"sv","sv473","17",87736817,87736937,"INV","flank_right",-1,172519
"sv","sv474","17",88372645,88372645,"INS","ins_before_exon",-1,172704
"sv","sv475","17",88895141,88895141,"INS","ins_cds_end",1,172807
"sv","sv476","18",3399862,3399875,"INV","cds_start_cross",1,23688
"sv","sv477","18",6223546,6223691,"DUP","exon_exact",-1,24095
"sv","sv478","18",7440378,7440378,"INS","ins_intron",-1,24214
"sv","sv479","18",12598583,12601306,"INV","intron_interior",1,25027
"sv","sv48","1",159809741,159809771,"DEL","flank_left",-1,143064
"sv","sv480","18",20998135,20998135,"INS","ins_exon_interior",-1,25702
"sv","sv481","18",24387746,24397379,"DEL","intron_interior",1,26148
"sv","sv482","18",31782564,31782609,"DEL","exon_start_cross",1,27071
"sv","sv483","18",32539157,32539231,"TDUP","exon_interior",1,27432
"sv","sv484","18",34695695,34695856,"DEL","exon_exact",-1,27821
"sv","sv485","18",37639847,37639890,"TDUP","cds_end_cross",1,29182
"sv","sv486","18",38452306,38452493,"INV","flank_right",1,29611
"sv","sv487","18",47585736,47585848,"DEL","exon_interior",1,30825
"sv","sv488","18",52984552,52984589,"DUP","exon_end_cross",1,31103
"sv","sv489","18",57639044,57666865,"DUP","transcript_exact",-1,31794
"sv","sv49","1",161711060,161711457,"TDUP","flank_right",1,143676
"sv","sv490","18",60702699,60702718,"DUP","cds_end_cross",1,32060
"sv","sv491","18",62660242,62660255,"DUP","exon_start_cross",-1,32729
"sv","sv492","18",63107569,63107698,"DUP","flank_left",1,32851
"sv","sv493","18",64410147,64410253,"DEL","exon_exact",-1,32974
"sv","sv494","18",64411688,64412084,"DEL","flank_right",-1,33023
"sv","sv495","18",65820507,65820546,"INV","cds_end_cross",1,33394
"sv","sv496","18",65934544,65942521,"INV","multi_exon",1,33447
"sv","sv497","18",66850449,66850485,"INV","exon_interior",1,33579
"sv","sv498","18",67266093,67357306,"DEL","transcript_exact",1,33602
"sv","sv499","18",69479437,69822150,"DEL","transcript_exact",1,34342
"sv","sv5","1",34537513,34537544,"DEL","cds_start_cross",1,124451
"sv","sv50","1",162501661,162501680,"INV","exon_start_cross",-1,143862
"sv","sv500","18",74353389,74353448,"DEL","exon_start_cross",1,34892
"sv","sv501","18",77038814,77038845,"DUP","cds_start_cross",1,35585
"sv","sv502","18",77271053,77272856,"DEL","transcript_left_cross",1,35680
"sv","sv503","18",80250563,80261916,"TDUP","intron_interior",1,36024
"sv","sv504","18",80797569,80797606,"DEL","exon_end_cross",-1,36185
"sv","sv505","18",80977154,80977154,"INS","ins_cds_end",-1,36246
"sv","sv506","18",83324545,83324603,"TDUP","exon_exact",-1,36730
"sv","sv507","19",3433841,3433846,"INV","cds_end_cross",1,466575
"sv","sv508","19",4062551,4062708,"DEL","exon_exact",-1,466983
"sv","sv509","19",4172674,4172877,"DUP","flank_left",1,467167
"sv","sv51","1",163761091,163761114,"TDUP","cds_start_cross",1,144053
"sv","sv510","19",4242855,4242882,"INV","cds_end_cross",1,467361
"sv","sv511","19",4910282,4910334,"INV","exon_interior",1,467875
"sv","sv512","19",4920983,4921042,"DEL","exon_end_cross",-1,467926
"sv","sv513","19",5322998,5324169,"DUP","transcript_left_cross",-1,468330
"sv","sv514","19",5438654,5438679,"DUP","cds_end_cross",-1,468410
"sv","sv515","19",5709753,5710338,"TDUP","intron_interior",-1,468787
"sv","sv516","19",5751414,5751414,"INS","ins_intron",1,468852
"sv","sv517","19",5792263,5792282,"TDUP","cds_start_cross",1,468979
"sv","sv518","19",5820682,5820682,"INS","ins_cds_start",-1,469044
"sv","sv519","19",6171136,6171236,"DUP","exon_interior",-1,469451
"sv","sv52","1",171073750,171073797,"INV","cds_start_cross",-1,145584
"sv","sv520","19",6211531,6216503,"INV","multi_exon",1,469483
"sv","sv521","19",11763048,11763048,"INS","ins_before_exon",-1,472175
"sv","sv522","19",11780923,11796061,"DEL","multi_exon",-1,472191
"sv","sv523","19",15896824,15896885,"TDUP","exon_interior",-1,472715
"sv","sv524","19",16554025,16554211,"DEL","flank_left",-1,472799
"sv","sv525","19",21998063,21999438,"INV","transcript_right_cross",1,473343
"sv","sv526","19",23207901,23207924,"TDUP","cds_start_cross",-1,473508
"sv","sv527","19",23279774,23280141,"INV","transcript_left_cross",-1,473516
"sv","sv528","19",27197061,27219229,"TDUP","intron_interior",-1,474016
"sv","sv529","19",29042922,29044881,"DEL","transcript_left_cross",1,474297
"sv","sv53","1",171105608,171105845,"INV","flank_right",1,145614
"sv","sv530","19",29295289,29296974,"DUP","transcript_left_cross",1,474364
"sv","sv531","19",29927066,29927089,"DEL","cds_start_cross",1,474557
"sv","sv532","19",32225438,32266937,"DEL","intron_interior",-1,474716
"sv","sv533","19",36099019,36099064,"DEL","flank_right",-1,475318
"sv","sv534","19",36603472,36603523,"TDUP","exon_end_cross",-1,475470
"sv","sv535","19",40287907,40287965,"INV","exon_exact",-1,476515
"sv","sv536","19",40306512,40306547,"INV","exon_end_cross",-1,476487
"sv","sv537","19",41932380,41932847,"DEL","transcript_right_cross",1,477017
"sv","sv538","19",42139666,42141913,"TDUP","transcript_right_cross",1,477152
"sv","sv539","19",42244626,42251766,"DEL","intron_interior",1,477209
"sv","sv54","1",171895840,171895840,"INS","ins_exon_end",-1,146027
"sv","sv540","19",45065121,45065121,"INS","ins_cds_start",1,478086
"sv","sv541","19",45531290,45533519,"DEL","transcript_left_cross",1,478272
"sv","sv542","19",46326777,46327868,"DUP","transcript_right_cross",-1,478670
"sv","sv543","19",46385527,46385568,"DUP","cds_start_cross",1,478823
"sv","sv544","19",46519772,46519803,"INV","cds_start_cross",-1,478865
"sv","sv545","19",46674475,46674755,"DEL","flank_left",1,478940
"sv","sv546","19",53635882,53636049,"INV","flank_right",1,479916
"sv","sv547","19",59172269,59173732,"DEL","transcript_right_cross",1,480984
"sv","sv548","2",10060267,10060920,"INV","transcript_left_cross",-1,308109
"sv","sv549","2",12386917,12386989,"INV","exon_interior",-1,308740
"sv","sv55","1",172019209,172019256,"DEL","flank_right",1,146141
"sv","sv550","2",12426241,12426440,"DUP","flank_right",-1,308671
"sv","sv551","2",14281098,14281213,"TDUP","exon_exact",1,308970
"sv","sv552","2",17353685,17355514,"DUP","intron_interior",-1,309166
"sv","sv553","2",23081025,23081137,"INV","exon_exact",1,309947
"sv","sv554","2",25187496,25187604,"TDUP","intron_interior",-1,310623
"sv","sv555","2",25241415,25241795,"DUP","flank_left",-1,310741
"sv","sv556","2",25428878,25429096,"DEL","exon_exact",-1,311173
"sv","sv557","2",26479440,26480392,"DEL","multi_exon",1,311816
"sv","sv558","2",27353594,27353637,"TDUP","exon_end_cross",-1,312380
"sv","sv559","2",29236832,29236863,"INV","cds_start_cross",1,312888
"sv","sv56","1",172034367,172034673,"TDUP","flank_left",-1,146207
"sv","sv560","2",29792192,29792192,"INS","ins_before_exon",1,313128
"sv","sv561","2",29794070,29794070,"INS","ins_exon_interior",1,313155
"sv","sv562","2",30240694,30240725,"INV","cds_start_cross",-1,313618
"sv","sv563","2",30257683,30257730,"INV","cds_start_cross",1,313670
"sv","sv564","2",30871850,30871875,"DEL","cds_end_cross",-1,314160
"sv","sv565","2",31042484,31057038,"INV","multi_exon",1,314302
"sv","sv566","2",32267950,32267979,"TDUP","exon_start_cross",1,314795
"sv","sv567","2",32287550,32287747,"DUP","exon_exact",1,314870
"sv","sv568","2",32835971,32836104,"TDUP","multi_exon",-1,315288
"sv","sv569","2",35617611,35617611,"INS","ins_intron",1,316210
"sv","sv57","1",173893352,173893479,"TDUP","flank_left",1,146627
"sv","sv570","2",38241080,38259741,"INV","transcript_exact",1,316668
"sv","sv571","2",38895059,38895098,"TDUP","exon_interior",-1,316826
"sv","sv572","2",44460436,44460519,"DEL","exon_interior",-1,317081
"sv","sv573","2",53049690,53050793,"DEL","multi_exon",-1,317944
"sv","sv574","2",59636722,59637916,"DEL","multi_exon",1,318333
"sv","sv575","2",60242066,60242710,"DUP","intron_interior",1,318489
"sv","sv576","2",61876986,61876997,"DUP","cds_start_cross",1,318700
"sv","sv577","2",65513034,65513125,"DUP","exon_exact",1,318974
"sv","sv578","2",69112966,69113025,"DUP","exon_end_cross",-1,319338
"sv","sv579","2",70666754,70666797,"TDUP","exon_start_cross",1,319693
"sv","sv58","1",174440221,174474670,"DUP","intron_interior",1,146675
"sv","sv580","2",71357005,71357383,"INV","flank_right",1,319941
"sv","sv581","2",72809354,72809836,"TDUP","multi_exon",-1,320425
"sv","sv582","2",75342551,75342761,"DUP","exon_interior",1,321200
"sv","sv583","2",79086522,79086643,"TDUP","exon_exact",1,321897
"sv","sv584","2",79503003,79503618,"DUP","transcript_right_cross",1,321947
"sv","sv585","2",82374113,82374720,"DEL","transcript_left_cross",-1,322195
"sv","sv586","2",86752927,86753874,"DUP","transcript_exact",-1,322948
"sv","sv587","2",88693575,88698097,"INV","transcript_exact",1,323208
"sv","sv588","2",90677731,90679711,"INV","intron_interior",1,323590
"sv","sv589","2",90689904,90690812,"INV","multi_exon",1,323593
"sv","sv59","1",176652317,176652317,"INS","ins_before_exon",1,146941
"sv","sv590","2",91013055,91014794,"DUP","transcript_left_cross",-1,323977
"sv","sv591","2",91767270,91767270,"INS","ins_exon_interior",-1,324529
"sv","sv592","2",91767372,91767423,"DUP","exon_start_cross",-1,324478
"sv","sv593","2",91771310,91771381,"TDUP","exon_exact",-1,324496
"sv","sv594","2",92360632,92360667,"TDUP","exon_start_cross",-1,324840
"sv","sv595","2",92641373,92641942,"DUP","transcript_left_cross",-1,324917
"sv","sv596","2",92685930,92686515,"INV","multi_exon",-1,324934
"sv","sv597","2",103736054,103737010,"DUP","exon_exact",1,326069
"sv","sv598","2",109104989,109105020,"TDUP","cds_end_cross",-1,326843
"sv","sv599","2",112193635,112193682,"TDUP","cds_start_cross",-1,327189
"sv","sv6","1",34920248,34920857,"DUP","transcript_right_cross",1,124589
"sv","sv60","1",178145676,178145822,"DEL","exon_exact",-1,147147
"sv","sv600","2",113611028,113611028,"INS","ins_exon_interior",-1,327361
"sv","sv601","2",113755063,113755225,"INV","flank_left",1,327385
"sv","sv602","2",114348723,114348752,"TDUP","cds_start_cross",-1,327477
"sv","sv603","2",118754869,118756444,"TDUP","transcript_right_cross",1,328201
"sv","sv604","2",119495348,119495636,"DUP","flank_right",-1,328590
"sv","sv605","2",121147249,121147249,"INS","ins_exon_end",-1,329437
"sv","sv606","2",122199937,122201410,"INV","transcript_right_cross",-1,329834
"sv","sv607","2",126877129,126879711,"INV","multi_exon",1,330545
"sv","sv608","2",127088223,127090242,"TDUP","transcript_left_cross",1,330639
"sv","sv609","2",130126337,130126337,"INS","ins_cds_end",-1,331706
"sv","sv61","1",179864485,179867622,"TDUP","multi_exon",1,147357
"sv","sv610","2",130384220,130384231,"INV","exon_start_cross",1,331862
"sv","sv611","2",130444557,130446410,"DEL","multi_exon",-1,331909
"sv","sv612","2",132381842,132381885,"DEL","exon_end_cross",-1,332641
"sv","sv613","2",136958366,136960255,"TDUP","transcript_right_cross",-1,333133
"sv","sv614","2",139675390,139908735,"TDUP","transcript_exact",-1,333276
"sv","sv615","2",143810536,143811335,"INV","multi_exon",-1,333585
"sv","sv616","2",146868354,146868375,"DEL","exon_end_cross",1,334179
"sv","sv617","2",147874107,147874125,"INV","flank_right",-1,334423
"sv","sv618","2",150690238,150690291,"DEL","exon_start_cross",-1,334875
"sv","sv619","2",151577399,151577543,"DEL","exon_interior",-1,335314
"sv","sv62","1",180720637,180720994,"DUP","exon_interior",1,147731
"sv","sv620","2",152722024,152722145,"TDUP","exon_exact",1,335814
"sv","sv621","2",152914704,152914747,"INV","exon_end_cross",1,335923
"sv","sv622","2",153894189,153898559,"TDUP","transcript_exact",1,336194
"sv","sv623","2",155560155,155560206,"INV","exon_start_cross",-1,336883
"sv","sv624","2",155985347,155985392,"DEL","exon_end_cross",-1,337162
"sv","sv625","2",156941321,156977013,"DEL","transcript_exact",-1,337806
"sv","sv626","2",160746874,160747214,"DEL","flank_right",1,338710
"sv","sv627","2",162917699,162917699,"INS","ins_cds_end",1,338915
"sv","sv628","2",163444182,163444217,"DUP","exon_start_cross",1,339065
"sv","sv629","2",163527667,163545005,"TDUP","transcript_exact",-1,339150
"sv","sv63","1",182132482,182132670,"DEL","flank_right",1,148206
"sv","sv630","2",163892165,163892220,"INV","flank_left",-1,339220
"sv","sv631","2",164844851,164844892,"DEL","cds_end_cross",-1,339738
"sv","sv632","2",165936023,165936023,"INS","ins_intron",-1,340129
"sv","sv633","2",166868016,166868053,"DUP","exon_start_cross",1,340458
"sv","sv634","2",167263589,167316556,"TDUP","transcript_exact",1,340593
"sv","sv635","2",170674815,170674850,"INV","cds_end_cross",1,341496
"sv","sv636","2",170722960,170723300,"DEL","flank_right",1,341494
"sv","sv637","2",172851270,172851270,"INS","ins_exon_end",1,341871
"sv","sv638","2",180675817,180675817,"INS","ins_cds_start",-1,343892
"sv","sv639","2",181009134,181009252,"TDUP","flank_right",-1,344085
"sv","sv64","1",184047406,184047406,"INS","ins_exon_end",-1,148559
"sv","sv640","2",181029558,181033256,"TDUP","exon_interior",-1,344156
"sv","sv641","3",4647458,4696435,"DUP","transcript_exact",-1,264342
"sv","sv642","3",8017445,8019877,"INV","multi_exon",-1,264618
"sv","sv643","3",9946442,9949978,"TDUP","transcript_exact",-1,264827
"sv","sv644","3",19678039,19678049,"TDUP","flank_left",-1,265675
"sv","sv645","3",27697141,27697141,"INS","ins_exon_interior",-1,266105
"sv","sv646","3",30656206,30674022,"DUP","transcript_exact",1,266428
"sv","sv647","3",31727815,31728873,"DEL","intron_interior",-1,266650
"sv","sv648","3",32987277,32987322,"INV","exon_start_cross",1,266888
"sv","sv649","3",36009120,36009279,"TDUP","flank_left",-1,267625
"sv","sv65","1",184653737,184653750,"DEL","exon_start_cross",-1,148685
"sv","sv650","3",38747868,38748088,"DEL","exon_interior",1,268206
"sv","sv651","3",40557127,40558354,"TDUP","transcript_left_cross",-1,268280
"sv","sv652","3",40761710,40762045,"TDUP","flank_right",1,268370
"sv","sv653","3",40765100,40765194,"DUP","exon_interior",1,268369
"sv","sv654","3",41437992,41440167,"DEL","transcript_left_cross",-1,268701
"sv","sv655","3",54624049,54624084,"DUP","cds_end_cross",1,269896
"sv","sv656","3",59170294,59171755,"TDUP","transcript_right_cross",-1,270709
"sv","sv657","3",66893268,67265748,"DUP","transcript_exact",1,271454
"sv","sv658","3",68525143,68525925,"INV","intron_interior",1,271598
"sv","sv659","3",68974482,69034446,"TDUP","transcript_exact",-1,271713
"sv","sv66","1",184996060,184999368,"INV","intron_interior",1,148759
"sv","sv660","3",84599690,84601575,"DUP","transcript_right_cross",1,273115
"sv","sv661","3",87829442,87829465,"DEL","cds_end_cross",1,273628
"sv","sv662","3",87895179,87895179,"INS","ins_cds_start",-1,273731
"sv","sv663","3",88360281,88360433,"DUP","exon_interior",-1,274293
"sv","sv664","3",88835815,88858415,"INV","transcript_exact",-1,274827
"sv","sv665","3",89073546,89073546,"INS","ins_intron",1,274972
"sv","sv666","3",89956188,89956207,"DEL","exon_end_cross",-1,275848
"sv","sv667","3",90533704,90533814,"DUP","flank_right",1,276331
"sv","sv668","3",95467221,95467274,"TDUP","exon_end_cross",1,277694
"sv","sv669","3",95528392,95528524,"INV","flank_left",1,277748
"sv","sv67","10",19474870,19477073,"TDUP","multi_exon",1,39067
"sv","sv670","3",97075762,97075886,"DEL","exon_interior",1,278611
"sv","sv671","3",102627546,102642177,"INV","transcript_exact",-1,279583
"sv","sv672","3",103676714,103676837,"TDUP","exon_exact",-1,279885
"sv","sv673","3",107788416,107788419,"TDUP","cds_start_cross",1,281074
"sv","sv674","3",108115774,108115774,"INS","ins_cds_end",-1,281326
"sv","sv675","3",108191455,108191468,"DEL","cds_start_cross",1,281386
"sv","sv676","3",108816685,108816830,"DEL","flank_right",-1,281716
"sv","sv677","3",113165096,113165500,"DEL","exon_exact",-1,281836
"sv","sv678","3",122674999,122676476,"INV","transcript_left_cross",-1,283054
"sv","sv679","3",125403276,125403329,"INV","exon_end_cross",1,283301
"sv","sv68","10",30472699,30472699,"INS","ins_intron",-1,40782
"sv","sv680","3",127610543,127610596,"TDUP","exon_start_cross",-1,283588
"sv","sv681","3",142012062,142015284,"TDUP","intron_interior",-1,285580
"sv","sv682","3",142272352,142272352,"INS","ins_exon_end",1,285633
"sv","sv683","3",143679457,143680395,"DEL","transcript_exact",1,285915
"sv","sv684","3",144083237,144086594,"DUP","transcript_exact",-1,286031
"sv","sv685","3",147697516,147697922,"TDUP","exon_exact",1,286536
"sv","sv686","3",148555391,148555410,"INV","exon_start_cross",-1,286598
"sv","sv687","3",149046242,149046321,"TDUP","exon_interior",1,286716
"sv","sv688","3",152002831,152002838,"DUP","cds_start_cross",-1,287097
"sv","sv689","3",152125652,152125777,"DUP","exon_exact",1,287257
"sv","sv69","10",33318905,33318934,"INV","exon_end_cross",1,40994
"sv","sv690","4",3858847,3858916,"TDUP","exon_start_cross",1,173377
"sv","sv691","4",32821337,32822148,"DUP","intron_interior",-1,175915
"sv","sv692","4",33246847,33246916,"INV","exon_end_cross",-1,176014
"sv","sv693","4",40164779,40167050,"DUP","intron_interior",1,176550
"sv","sv694","4",40200513,40200643,"DEL","flank_right",1,176538
"sv","sv695","4",40971011,40971038,"INV","cds_start_cross",1,176795
"sv","sv696","4",41207833,41208089,"DEL","flank_left",-1,176946
"sv","sv697","4",41769651,41769849,"DUP","multi_exon",-1,177272
"sv","sv698","4",41773852,41774855,"TDUP","transcript_right_cross",-1,177289
"sv","sv699","4",42687759,42687828,"DEL","exon_end_cross",1,177742
"sv","sv7","1",36283197,36283228,"INV","cds_end_cross",-1,124712
"sv","sv70","10",33877164,33877233,"DUP","exon_end_cross",-1,41111
"sv","sv700","4",45399230,45399245,"DUP","cds_start_cross",-1,178866
"sv","sv701","4",46504881,46505061,"TDUP","flank_right",1,179151
"sv","sv702","4",48430962,48430975,"DEL","cds_start_cross",-1,179424
"sv","sv703","4",51253650,51255731,"DEL","transcript_right_cross",-1,179671
"sv","sv704","4",53720098,53720105,"DEL","cds_start_cross",1,179937
"sv","sv705","4",56922364,56922415,"DUP","exon_start_cross",-1,180321
"sv","sv706","4",57566294,57567965,"INV","transcript_left_cross",1,180413
"sv","sv707","4",58975970,58976005,"TDUP","exon_end_cross",-1,180614
"sv","sv708","4",59438307,59438344,"TDUP","cds_end_cross",-1,180718
"sv","sv709","4",61438392,61438957,"TDUP","transcript_left_cross",1,181303
"sv","sv71","10",41348284,41348429,"INV","flank_left",1,41929
"sv","sv710","4",61721006,61721291,"DUP","flank_right",1,181708
"sv","sv711","4",82041349,82041480,"INV","flank_right",-1,183144
"sv","sv712","4",86521148,86521177,"TDUP","cds_start_cross",-1,183565
"sv","sv713","4",94475562,94475562,"INS","ins_exon_interior",-1,184283
"sv","sv714","4",99637006,99638971,"DUP","multi_exon",1,184984
"sv","sv715","4",104537292,104538800,"TDUP","multi_exon",1,185657
"sv","sv716","4",106229889,106229959,"TDUP","exon_interior",1,185952
"sv","sv717","4",107237899,107238878,"DEL","multi_exon",1,186385
"sv","sv718","4",107240919,107241979,"TDUP","intron_interior",1,186387
"sv","sv719","4",108908008,108908045,"DUP","exon_start_cross",1,186917
"sv","sv72","10",42634377,42634558,"DEL","flank_left",1,42266
"sv","sv720","4",109059385,109059422,"DUP","cds_end_cross",-1,186995
"sv","sv721","4",110254886,110521882,"DEL","transcript_exact",1,187329
"sv","sv722","4",115956640,115956640,"INS","ins_cds_start",-1,187962
"sv","sv723","4",117739575,117741666,"DUP","transcript_left_cross",-1,188838
"sv","sv724","4",117889083,117953438,"INV","intron_interior",-1,188946
"sv","sv725","4",118290069,118290264,"DUP","transcript_left_cross",-1,189071
"sv","sv726","4",126080358,126080365,"INV","cds_end_cross",-1,191178
"sv","sv727","4",126127439,126127439,"INS","ins_exon_end",-1,191234
"sv","sv728","4",126577915,126578041,"INV","exon_exact",1,191380
"sv","sv729","4",127129206,127129702,"DEL","exon_interior",-1,191590
"sv","sv73","10",44239030,44239051,"TDUP","cds_end_cross",1,42602
"sv","sv730","4",129163268,129163614,"TDUP","flank_left",1,192102
"sv","sv731","4",130212386,130220984,"DEL","intron_interior",-1,192777
"sv","sv732","4",130403362,130403362,"INS","ins_intron",1,192885
"sv","sv733","4",130496256,130499188,"INV","multi_exon",1,192986
"sv","sv734","4",134255379,134255379,"INS","ins_intron",-1,194613
"sv","sv735","4",135112591,135114150,"TDUP","transcript_right_cross",-1,194946
"sv","sv736","4",135690939,135691216,"INV","flank_right",1,195165
"sv","sv737","4",135960552,135960657,"DEL","exon_interior",1,195314
"sv","sv738","4",136390658,136391012,"TDUP","flank_right",-1,195472
"sv","sv739","4",137089264,137090639,"TDUP","intron_interior",1,195641
"sv","sv74","10",52187474,52187535,"DUP","exon_start_cross",1,43202
"sv","sv740","4",137987258,137987571,"DEL","transcript_right_cross",1,195922
"sv","sv741","4",139105777,139107652,"TDUP","transcript_right_cross",1,196475
"sv","sv742","4",141191551,141191784,"TDUP","exon_interior",1,197122
"sv","sv743","4",141765033,141765070,"TDUP","cds_end_cross",-1,197425
"sv","sv744","4",142990871,143026143,"TDUP","transcript_exact",-1,197574
"sv","sv745","4",144579488,144579739,"INV","exon_interior",-1,197714
"sv","sv746","4",146030181,146030282,"TDUP","flank_left",1,197998
"sv","sv747","4",147264345,147264348,"DEL","cds_end_cross",1,198182
"sv","sv748","4",148237232,148237269,"DEL","exon_start_cross",-1,198756
"sv","sv749","4",149332265,149332336,"INV","exon_interior",-1,199204
"sv","sv75","10",61346035,61346808,"DUP","transcript_right_cross",-1,44323
"sv","sv750","4",150055750,150055750,"INS","ins_cds_start",-1,199538
"sv","sv751","4",155741824,155741885,"TDUP","exon_start_cross",-1,201238
"sv","sv752","4",155908620,155910087,"TDUP","transcript_right_cross",1,201538
"sv","sv753","4",155972549,155972646,"DEL","multi_exon",1,201717
"sv","sv754","4",155988320,155989282,"DUP","intron_interior",1,201812
"sv","sv755","5",8417952,8417983,"DEL","cds_end_cross",-1,388737
"sv","sv756","5",8848742,8848742,"INS","ins_cds_start",1,388885
"sv","sv757","5",9179380,9180366,"INV","intron_interior",-1,389076
"sv","sv758","5",11003826,11004165,"TDUP","flank_right",1,389257
"sv","sv759","5",17883285,17883328,"INV","exon_start_cross",1,389707
"sv","sv76","10",61534211,61535261,"DEL","intron_interior",1,44417
"sv","sv760","5",24515207,24515418,"INV","flank_right",1,390820
"sv","sv761","5",24649303,24650069,"INV","multi_exon",-1,390966
"sv","sv762","5",26016915,26017025,"INV","exon_exact",1,391484
"sv","sv763","5",26673564,26695578,"INV","intron_interior",-1,391554
"sv","sv764","5",27996636,27997247,"DEL","transcript_right_cross",-1,391739
"sv","sv765","5",28328796,28329727,"INV","transcript_right_cross",-1,391790
"sv","sv766","5",30871194,30897543,"DEL","transcript_exact",1,392529
"sv","sv767","5",31022477,31023925,"DUP","exon_interior",1,392560
"sv","sv768","5",31085787,31085859,"DEL","exon_exact",1,392676
"sv","sv769","5",31355178,31355178,"INS","ins_intron",1,392986
"sv","sv77","10",61556262,61574429,"DUP","transcript_exact",1,44497
"sv","sv770","5",31410412,31410465,"DUP","exon_start_cross",1,393092
"sv","sv771","5",31643272,31643272,"INS","ins_cds_start",1,393206
"sv","sv772","5",31652959,31653921,"TDUP","intron_interior",1,393246
"sv","sv773","5",33757898,33757919,"DEL","cds_start_cross",-1,393874
"sv","sv774","5",33899790,33899811,"TDUP","cds_start_cross",-1,394008
"sv","sv775","5",34776770,34776807,"TDUP","exon_end_cross",1,394323
"sv","sv776","5",35881412,35881467,"DUP","cds_end_cross",-1,394725
"sv","sv777","5",37456787,37456981,"DUP","flank_right",-1,395128
"sv","sv778","5",44137985,44137985,"INS","ins_before_exon",-1,395968
"sv","sv779","5",44349423,44349492,"INV","exon_exact",-1,396033
"sv","sv78","10",62611982,62612701,"INV","transcript_left_cross",-1,44909
"sv","sv780","5",48401973,48402036,"INV","exon_interior",1,396318
"sv","sv781","5",48867514,48869767,"TDUP","transcript_left_cross",-1,396371
"sv","sv782","5",50136917,50144812,"INV","intron_interior",-1,396420
"sv","sv783","5",65298639,65298644,"INV","cds_start_cross",1,397745
"sv","sv784","5",66048763,66048763,"INS","ins_intron",-1,398063
"sv","sv785","5",67512216,67512216,"INS","ins_exon_interior",1,398396
"sv","sv786","5",72980802,72980979,"INV","exon_interior",-1,398866
"sv","sv787","5",76339857,76339991,"TDUP","flank_left",-1,399679
"sv","sv788","5",77154169,77154632,"TDUP","transcript_left_cross",-1,399950
"sv","sv789","5",84255816,84255869,"DEL","exon_start_cross",-1,400291
"sv","sv79","10",62853873,62853902,"DEL","cds_start_cross",-1,45028
"sv","sv790","5",86347625,86347709,"TDUP","flank_right",-1,400385
"sv","sv791","5",90647590,90649262,"INV","intron_interior",1,400883
"sv","sv792","5",92328461,92328528,"DUP","exon_end_cross",1,401305
"sv","sv793","5",97058130,97069944,"TDUP","transcript_exact",-1,401856
"sv","sv794","5",100216181,100217006,"INV","transcript_right_cross",1,402427
"sv","sv795","5",100600166,100600233,"TDUP","exon_end_cross",-1,402641
"sv","sv796","5",102096836,102096863,"DUP","exon_end_cross",-1,403070
"sv","sv797","5",104212765,104212826,"DEL","exon_start_cross",1,403383
"sv","sv798","5",106258810,106258839,"TDUP","exon_end_cross",1,403778
"sv","sv799","5",106429404,106447426,"INV","multi_exon",-1,403794
"sv","sv8","1",36500791,36500960,"INV","flank_left",-1,124887
"sv","sv80","10",70286957,70287000,"INV","cds_start_cross",1,46103
"sv","sv800","5",107026746,107026773,"DUP","exon_end_cross",-1,403991
"sv","sv801","5",107124521,107124521,"INS","ins_exon_interior",1,404025
"sv","sv802","5",107709707,107709707,"INS","ins_before_exon",-1,404151
"sv","sv803","5",107768589,107768648,"TDUP","exon_end_cross",1,404192
"sv","sv804","5",108277247,108277465,"INV","flank_left",1,404349
"sv","sv805","5",108520082,108520671,"DEL","exon_exact",1,404546
"sv","sv806","5",109984971,109993343,"INV","multi_exon",-1,405020
"sv","sv807","5",110577741,110596733,"INV","transcript_exact",-1,405375
"sv","sv808","5",112839946,112840003,"TDUP","cds_start_cross",-1,406228
"sv","sv809","5",113411085,113411130,"TDUP","exon_start_cross",-1,406376
"sv","sv81","10",74884431,74884431,"INS","ins_cds_end",1,46492
"sv","sv810","5",113879336,113880687,"DEL","transcript_left_cross",-1,406533
"sv","sv811","5",114582267,114598626,"DUP","transcript_exact",1,406859
"sv","sv812","5",114590533,114590939,"DUP","intron_interior",1,406886
"sv","sv813","5",114590972,114590999,"INV","cds_end_cross",1,406854
"sv","sv814","5",115212879,115212959,"DUP","exon_interior",1,407147
"sv","sv815","5",115380119,115380448,"INV","intron_interior",-1,407245
"sv","sv816","5",115616065,115622356,"DUP","transcript_exact",-1,407474
"sv","sv817","5",115782263,115782317,"DEL","flank_left",-1,407604
"sv","sv818","5",117331780,117331805,"INV","cds_start_cross",1,407863
"sv","sv819","5",120800139,120800254,"TDUP","multi_exon",1,408879
"sv","sv82","10",75769154,75773581,"TDUP","transcript_exact",1,46910
"sv","sv820","5",122758468,122758654,"INV","flank_left",1,409844
"sv","sv821","5",123274289,123279152,"DUP","transcript_exact",-1,410400
"sv","sv822","5",123786033,123791512,"DUP","intron_interior",-1,410627
"sv","sv823","5",123794025,123794056,"DEL","cds_end_cross",-1,410608
"sv","sv824","5",123801927,123802030,"TDUP","flank_right",-1,410599
"sv","sv825","5",127740411,127740439,"DUP","exon_interior",1,411938
"sv","sv826","5",128837869,128837910,"INV","cds_start_cross",-1,412058
"sv","sv827","5",129439610,129440587,"DEL","transcript_left_cross",1,412171
"sv","sv828","5",130024365,130026622,"TDUP","multi_exon",-1,412535
"sv","sv829","5",130066666,130066756,"TDUP","exon_interior",1,412574
"sv","sv83","10",77572571,77572950,"TDUP","flank_right",-1,47611
"sv","sv830","5",135378845,135378845,"INS","ins_cds_end",-1,413651
"sv","sv831","5",136948200,136962546,"INV","transcript_exact",1,414287
"sv","sv832","5",137569538,137569538,"INS","ins_before_exon",1,414685
"sv","sv833","5",139992547,139994612,"DUP","transcript_left_cross",-1,415730
"sv","sv834","5",139994953,139994980,"DUP","cds_start_cross",-1,415733
"sv","sv835","5",143951745,143951745,"INS","ins_exon_end",-1,416859
"sv","sv836","5",144144212,144144367,"DEL","exon_exact",-1,416903
"sv","sv837","5",144826601,144826646,"INV","exon_end_cross",-1,417041
"sv","sv838","5",146765735,146766071,"DEL","flank_left",1,417656
"sv","sv839","5",147013515,147015895,"INV","transcript_exact",1,417747
"sv","sv84","10",77892552,77892603,"INV","exon_end_cross",1,47765
"sv","sv840","5",147211635,147211635,"INS","ins_cds_end",1,417771
"sv","sv841","6",13158038,13158049,"DUP","cds_start_cross",-1,365569
"sv","sv842","6",17657236,17660753,"DUP","multi_exon",1,365934
"sv","sv843","6",28258447,28258593,"DUP","flank_left",1,366524
"sv","sv844","6",29526222,29526759,"INV","transcript_left_cross",1,366907
"sv","sv845","6",31081795,31083590,"INV","transcript_left_cross",-1,367470
"sv","sv846","6",31103239,31105034,"TDUP","transcript_right_cross",-1,367470
"sv","sv847","6",31314152,31315307,"TDUP","transcript_right_cross",1,367750
"sv","sv848","6",31643165,31696665,"TDUP","transcript_exact",1,367954
"sv","sv849","6",34624552,34624780,"TDUP","flank_left",-1,368345
"sv","sv85","10",78412866,78412885,"DUP","cds_end_cross",1,48039
"sv","sv850","6",39465704,39465805,"DUP","exon_interior",-1,369187
"sv","sv851","6",39778663,39779478,"DUP","exon_exact",-1,369321
"sv","sv852","6",40331950,40331969,"DUP","cds_end_cross",1,369385
"sv","sv853","6",40447743,40448954,"INV","transcript_left_cross",1,369442
"sv","sv854","6",42644935,42687171,"DUP","transcript_exact",-1,369782
"sv","sv855","6",42769203,42769585,"DUP","flank_right",1,369823
"sv","sv856","6",48723369,48726869,"DUP","intron_interior",1,370632
"sv","sv857","6",50979438,50979620,"DEL","exon_exact",1,371183
"sv","sv858","6",55256077,55256092,"INV","cds_end_cross",1,372013
"sv","sv859","6",61151322,61153227,"DUP","transcript_left_cross",-1,372784
"sv","sv86","10",78423296,78424538,"INV","intron_interior",-1,48049
"sv","sv860","6",70692581,70692744,"DEL","flank_left",1,373453
"sv","sv861","6",72313232,72313259,"INV","exon_start_cross",-1,374131
"sv","sv862","6",83006913,83006920,"INV","cds_end_cross",1,374909
"sv","sv863","6",83032884,83032948,"TDUP","exon_interior",1,375002
"sv","sv864","6",85263971,85264000,"DUP","cds_start_cross",-1,375711
"sv","sv865","6",85424755,85424907,"DEL","flank_left",1,375772
"sv","sv866","6",87030735,87030836,"DUP","exon_interior",1,376470
"sv","sv867","6",88353124,88353393,"DUP","exon_exact",-1,376964
"sv","sv868","6",88700736,88702123,"DUP","transcript_left_cross",1,377064
"sv","sv869","6",89306540,89306889,"INV","exon_exact",-1,377341
"sv","sv87","10",78806783,78807700,"DUP","transcript_right_cross",1,48091
"sv","sv870","6",89309071,89309302,"INV","exon_interior",-1,377341
"sv","sv871","6",90150327,90151834,"INV","transcript_left_cross",1,377478
"sv","sv872","6",90534200,90534211,"DUP","cds_start_cross",1,377616
"sv","sv873","6",99875615,99875785,"DUP","exon_interior",1,378762
"sv","sv874","6",103692211,103692232,"TDUP","exon_start_cross",1,379049
"sv","sv875","6",108162517,108162517,"INS","ins_cds_end",-1,379256
"sv","sv876","6",112366131,112366250,"DUP","flank_right",-1,379523
"sv","sv877","6",113296603,113296648,"INV","exon_start_cross",1,379805
"sv","sv878","6",113318833,113318941,"DUP","exon_interior",-1,379848
"sv","sv879","6",113706557,113706703,"DUP","exon_exact",-1,380163
"sv","sv88","10",79844931,79844931,"INS","ins_exon_end",1,48671
"sv","sv880","6",115468260,115468271,"INV","exon_end_cross",1,380489
"sv","sv881","6",116383287,116383287,"INS","ins_cds_end",1,381022
"sv","sv882","6",118394539,118394539,"INS","ins_exon_end",-1,381508
"sv","sv883","6",120986808,120986853,"DUP","exon_end_cross",-1,382142
"sv","sv884","6",121361152,121361187,"DUP","exon_start_cross",-1,382291
"sv","sv885","6",124735758,124737061,"DEL","transcript_left_cross",-1,383148
"sv","sv886","6",125110522,125110682,"INV","multi_exon",1,383657
"sv","sv887","6",126618815,126618854,"INV","cds_start_cross",-1,384067
"sv","sv888","6",128411423,128411718,"DUP","multi_exon",-1,384598
"sv","sv889","6",128652882,128652919,"INV","cds_end_cross",1,384732
"sv","sv89","10",80008629,80008988,"DEL","transcript_left_cross",1,48923
"sv","sv890","6",129183004,129183149,"DEL","flank_left",-1,384926
"sv","sv891","6",129825656,129827204,"TDUP","transcript_exact",1,385228
"sv","sv892","6",134806630,134806726,"DUP","multi_exon",-1,385705
"sv","sv893","6",137421014,137426872,"DUP","multi_exon",1,386184
"sv","sv894","6",139564219,139599485,"TDUP","transcript_exact",1,386413
"sv","sv895","6",142957850,142958933,"DEL","multi_exon",-1,386885
"sv","sv896","6",145810206,145811430,"DEL","transcript_exact",-1,387316
"sv","sv897","6",146935473,146935478,"DUP","flank_right",1,387561
"sv","sv898","6",148196013,148196180,"DUP","exon_exact",-1,387828
"sv","sv899","6",148797670,148798195,"INV","transcript_right_cross",-1,387911
"sv","sv9","1",36507422,36507475,"TDUP","exon_start_cross",-1,124892
"sv","sv90","10",80544297,80544368,"TDUP","exon_interior",-1,49640
"sv","sv900","6",148832144,148832144,"INS","ins_exon_interior",-1,387951
"sv","sv901","7",3695827,3696530,"DEL","transcript_right_cross",-1,202588
"sv","sv902","7",3883821,3884179,"DEL","flank_left",-1,202714
"sv","sv903","7",4122633,4122662,"DUP","cds_start_cross",1,202792
"sv","sv904","7",4141728,4141763,"INV","cds_start_cross",1,202891
"sv","sv905","7",4141791,4142416,"TDUP","intron_interior",1,202870
"sv","sv906","7",6234241,6234572,"INV","flank_right",-1,203734
"sv","sv907","7",6255795,6255832,"DUP","cds_start_cross",1,203739
"sv","sv908","7",10485565,10485634,"DUP","exon_start_cross",-1,204197
"sv","sv909","7",12342577,12342608,"DUP","cds_end_cross",-1,204445
"sv","sv91","10",80706535,80706911,"DUP","flank_right",1,49806
"sv","sv910","7",13014204,13014569,"DEL","flank_right",-1,204822
"sv","sv911","7",14144611,14145744,"DUP","exon_exact",-1,204916
"sv","sv912","7",15857232,15857232,"INS","ins_intron",1,205259
"sv","sv913","7",15938847,15938847,"INS","ins_intron",-1,205346
"sv","sv914","7",18815221,18815849,"DEL","multi_exon",1,206094
"sv","sv915","7",19155486,19155509,"DEL","cds_end_cross",1,206480
"sv","sv916","7",24245738,24246903,"DUP","transcript_left_cross",1,207517
"sv","sv917","7",26886620,26886647,"DEL","cds_start_cross",-1,208561
"sv","sv918","7",27678518,27678852,"DUP","exon_interior",-1,209051
"sv","sv919","7",28618469,28618504,"INV","exon_end_cross",-1,209615
"sv","sv92","10",80885108,80885135,"DUP","cds_start_cross",-1,50027
"sv","sv920","7",29991606,29991786,"INV","exon_interior",1,210277
"sv","sv921","7",30016197,30018471,"DUP","transcript_exact",1,210338
"sv","sv922","7",30760051,30760501,"DEL","intron_interior",1,211111
"sv","sv923","7",33846947,33847096,"DEL","exon_interior",-1,211466
"sv","sv924","7",44169816,44169816,"INS","ins_exon_end",-1,214180
"sv","sv925","7",44173943,44175646,"DEL","transcript_right_cross",-1,214150
"sv","sv926","7",44424948,44424948,"INS","ins_cds_end",1,214379
"sv","sv927","7",44494405,44494405,"INS","ins_intron",-1,214455
"sv","sv928","7",44506794,44507053,"DEL","flank_right",1,214486
"sv","sv929","7",44534767,44534923,"DEL","exon_interior",-1,214696
"sv","sv93","10",81068996,81069039,"DUP","cds_start_cross",1,50347
"sv","sv930","7",44778123,44778123,"INS","ins_before_exon",-1,215117
"sv","sv931","7",44831171,44831196,"TDUP","cds_end_cross",1,215305
"sv","sv932","7",44849744,44849771,"DEL","cds_start_cross",-1,215332
"sv","sv933","7",45008286,45008286,"INS","ins_exon_end",-1,215487
"sv","sv934","7",45171565,45171854,"DEL","transcript_right_cross",1,215709
"sv","sv935","7",45692067,45693652,"TDUP","intron_interior",1,216154
"sv","sv936","7",46288849,46290092,"DUP","transcript_right_cross",-1,216311
"sv","sv937","7",46784226,46784391,"DEL","flank_right",-1,216671
"sv","sv938","7",48896593,49143748,"DEL","transcript_exact",1,216930
"sv","sv939","7",50247971,50248779,"DUP","multi_exon",-1,217039
"sv","sv94","10",81095640,81095640,"INS","ins_exon_end",1,50447
"sv","sv940","7",51653211,51653601,"INV","intron_interior",-1,217145
"sv","sv941","7",55442128,55443923,"DUP","transcript_left_cross",1,217232
"sv","sv942","7",57159686,57160769,"INV","transcript_right_cross",-1,217444
"sv","sv943","7",67078999,67078999,"INS","ins_intron",-1,218837
"sv","sv944","7",79365275,79365672,"TDUP","transcript_right_cross",-1,220619
"sv","sv945","7",79743481,79744828,"TDUP","transcript_left_cross",-1,220778
"sv","sv946","7",84003697,84003740,"INV","exon_start_cross",-1,222028
"sv","sv947","7",89292421,89294514,"INV","transcript_right_cross",1,222460
"sv","sv948","7",89676560,89678633,"TDUP","transcript_left_cross",1,222577
"sv","sv949","7",92388815,92390676,"TDUP","transcript_exact",-1,222988
"sv","sv95","10",81111005,81111386,"INV","flank_right",1,50491
"sv","sv950","7",98995327,98995327,"INS","ins_cds_start",-1,224007
"sv","sv951","7",100143421,100143582,"TDUP","exon_exact",1,224461
"sv","sv952","7",101053171,101053171,"INS","ins_before_exon",1,224819
"sv","sv953","7",101311411,101313152,"INV","transcript_left_cross",1,224933
"sv","sv954","7",101435940,101435969,"DUP","exon_end_cross",1,224934
"sv","sv955","7",103427537,103427562,"DEL","cds_end_cross",-1,225675
"sv","sv956","7",105237295,105237526,"DUP","flank_left",-1,226174
"sv","sv957","7",105391869,105391869,"INS","ins_cds_end",1,226296
"sv","sv958","7",108875227,108875284,"DUP","flank_left",-1,226797
"sv","sv959","7",109303157,109303176,"TDUP","cds_start_cross",1,226876
"sv","sv96","10",81119555,81119576,"DEL","cds_end_cross",-1,50520
"sv","sv960","7",111720800,111720884,"INV","exon_interior",-1,227466
"sv","sv961","7",111798707,111798725,"DEL","flank_right",1,227490
"sv","sv962","7",120259847,120260139,"TDUP","flank_right",1,229003
"sv","sv963","7",121185704,121185797,"TDUP","flank_left",1,229301
"sv","sv964","7",121272469,121274084,"INV","multi_exon",-1,229308
"sv","sv965","7",122719694,122719843,"DUP","flank_left",1,229636
"sv","sv966","7",125174701,125178684,"INV","exon_interior",1,229959
"sv","sv967","7",126566160,126566213,"INV","exon_start_cross",1,231077
"sv","sv968","7",127324753,127324770,"DEL","cds_end_cross",-1,231688
"sv","sv969","7",127367092,127367107,"TDUP","cds_end_cross",1,231691
"sv","sv97","10",81182271,81182314,"DUP","cds_start_cross",-1,50593
"sv","sv970","7",127884391,127887433,"TDUP","intron_interior",-1,232070
"sv","sv971","7",132529331,132529363,"DEL","flank_left",1,233064
"sv","sv972","7",133320804,133320847,"TDUP","exon_start_cross",1,233197
"sv","sv973","7",136287589,136287589,"INS","ins_exon_interior",-1,233507
"sv","sv974","7",139061565,139061565,"INS","ins_cds_end",1,233931
"sv","sv975","7",139521414,139523129,"DEL","transcript_right_cross",1,234004
"sv","sv976","7",139620242,139622231,"TDUP","transcript_right_cross",1,234172
"sv","sv977","7",140248022,140248675,"TDUP","transcript_right_cross",1,234376
"sv","sv978","7",141930657,141930768,"DUP","multi_exon",-1,235839
"sv","sv979","7",142059241,142059268,"TDUP","exon_end_cross",1,236136
"sv","sv98","10",82495350,82495454,"INV","exon_interior",-1,51094
"sv","sv980","7",142064996,142065106,"INV","exon_interior",1,236226
"sv","sv981","7",143027053,143027217,"INV","intron_interior",-1,236571
"sv","sv982","8",4233534,4233534,"INS","ins_cds_start",1,96534
"sv","sv983","8",4243098,4243151,"DUP","exon_start_cross",1,96530
"sv","sv984","8",9269280,9269347,"DUP","flank_right",-1,97078
"sv","sv985","8",11458137,11458174,"DUP","exon_end_cross",1,97344
"sv","sv986","8",13428350,13429361,"TDUP","transcript_right_cross",1,98191
"sv","sv987","8",13513537,13515418,"DUP","transcript_left_cross",-1,98258
"sv","sv988","8",15113924,15113983,"DEL","exon_end_cross",1,98622
"sv","sv989","8",18657401,18672628,"DEL","multi_exon",1,98823
"sv","sv99","10",83432715,83433047,"DUP","flank_left",-1,51266
"sv","sv990","8",19640970,19640998,"DUP","flank_left",-1,98943
"sv","sv991","8",20041812,20042026,"DEL","exon_exact",1,99093
"sv","sv992","8",20045884,20047459,"INV","transcript_right_cross",1,99112
"sv","sv993","8",20500856,20501379,"DEL","transcript_right_cross",1,99218
"sv","sv994","8",21554639,21555454,"TDUP","transcript_left_cross",1,99451
"sv","sv995","8",22055604,22056094,"INV","intron_interior",1,99524
"sv","sv996","8",23067101,23067101,"INS","ins_before_exon",-1,99847
"sv","sv997","8",46225728,46225757,"DUP","exon_end_cross",1,103175
"sv","sv998","8",48204620,48204903,"DEL","flank_right",-1,103894
"sv","sv999","8",49823973,49842234,"DUP","transcript_exact",1,104158
